"sim","estimate","bw","n_used","n_total","sample","model","outcome","weighted"
1,0.115129435774375,741.979946011976,298,5185,"Full Sample","With Controls","Liberal Democratic Norms Index (0-1 factor score of 7 ANES items; higher = stronger liberal norm support)","No"
2,0.0410792783362764,1386.41492144448,527,5185,"Full Sample","With Controls","Liberal Democratic Norms Index (0-1 factor score of 7 ANES items; higher = stronger liberal norm support)","No"
3,0.0536059824326682,1340.0449886186,511,5185,"Full Sample","With Controls","Liberal Democratic Norms Index (0-1 factor score of 7 ANES items; higher = stronger liberal norm support)","No"
4,0.0406300965764236,1294.63402361546,496,5185,"Full Sample","With Controls","Liberal Democratic Norms Index (0-1 factor score of 7 ANES items; higher = stronger liberal norm support)","No"
5,0.126905790245952,701.916378987338,284,5185,"Full Sample","With Controls","Liberal Democratic Norms Index (0-1 factor score of 7 ANES items; higher = stronger liberal norm support)","No"
6,0.0179206736192945,946.944988291874,368,5185,"Full Sample","With Controls","Liberal Democratic Norms Index (0-1 factor score of 7 ANES items; higher = stronger liberal norm support)","No"
7,0.0115990292504889,1138.09763311275,439,5185,"Full Sample","With Controls","Liberal Democratic Norms Index (0-1 factor score of 7 ANES items; higher = stronger liberal norm support)","No"
8,0.0533468990689445,1084.11159801239,420,5185,"Full Sample","With Controls","Liberal Democratic Norms Index (0-1 factor score of 7 ANES items; higher = stronger liberal norm support)","No"
9,0.032369820593246,1291.82127789381,493,5185,"Full Sample","With Controls","Liberal Democratic Norms Index (0-1 factor score of 7 ANES items; higher = stronger liberal norm support)","No"
10,0.0594511451335465,1142.54990545171,440,5185,"Full Sample","With Controls","Liberal Democratic Norms Index (0-1 factor score of 7 ANES items; higher = stronger liberal norm support)","No"
11,0.00677702836896699,1056.22430940298,411,5185,"Full Sample","With Controls","Liberal Democratic Norms Index (0-1 factor score of 7 ANES items; higher = stronger liberal norm support)","No"
12,0.115254814981697,726.22589500373,291,5185,"Full Sample","With Controls","Liberal Democratic Norms Index (0-1 factor score of 7 ANES items; higher = stronger liberal norm support)","No"
13,0.010760394034762,1345.19836861684,513,5185,"Full Sample","With Controls","Liberal Democratic Norms Index (0-1 factor score of 7 ANES items; higher = stronger liberal norm support)","No"
14,0.055788571258953,971.943146423058,385,5185,"Full Sample","With Controls","Liberal Democratic Norms Index (0-1 factor score of 7 ANES items; higher = stronger liberal norm support)","No"
15,0.0629009824065682,1056.14655110893,409,5185,"Full Sample","With Controls","Liberal Democratic Norms Index (0-1 factor score of 7 ANES items; higher = stronger liberal norm support)","No"
16,0.0172556176336674,1161.90769918771,444,5185,"Full Sample","With Controls","Liberal Democratic Norms Index (0-1 factor score of 7 ANES items; higher = stronger liberal norm support)","No"
17,-0.00468709220215797,938.747904253489,366,5185,"Full Sample","With Controls","Liberal Democratic Norms Index (0-1 factor score of 7 ANES items; higher = stronger liberal norm support)","No"
18,0.113251248320099,735.679189622758,303,5185,"Full Sample","With Controls","Liberal Democratic Norms Index (0-1 factor score of 7 ANES items; higher = stronger liberal norm support)","No"
19,0.0774844696451587,974.744224268332,377,5185,"Full Sample","With Controls","Liberal Democratic Norms Index (0-1 factor score of 7 ANES items; higher = stronger liberal norm support)","No"
20,0.154897694239091,643.611247034624,253,5185,"Full Sample","With Controls","Liberal Democratic Norms Index (0-1 factor score of 7 ANES items; higher = stronger liberal norm support)","No"
21,0.033858429068958,1039.07312233439,402,5185,"Full Sample","With Controls","Liberal Democratic Norms Index (0-1 factor score of 7 ANES items; higher = stronger liberal norm support)","No"
22,0.0485435711727184,1365.18798011993,524,5185,"Full Sample","With Controls","Liberal Democratic Norms Index (0-1 factor score of 7 ANES items; higher = stronger liberal norm support)","No"
23,0.0182439256794905,1298.36875230613,506,5185,"Full Sample","With Controls","Liberal Democratic Norms Index (0-1 factor score of 7 ANES items; higher = stronger liberal norm support)","No"
24,0.107200940532195,869.974854270129,351,5185,"Full Sample","With Controls","Liberal Democratic Norms Index (0-1 factor score of 7 ANES items; higher = stronger liberal norm support)","No"
25,0.0110878939811514,1328.95416134589,512,5185,"Full Sample","With Controls","Liberal Democratic Norms Index (0-1 factor score of 7 ANES items; higher = stronger liberal norm support)","No"
26,0.0775974260947604,971.005673857962,383,5185,"Full Sample","With Controls","Liberal Democratic Norms Index (0-1 factor score of 7 ANES items; higher = stronger liberal norm support)","No"
27,0.0409998414511742,933.036091649634,378,5185,"Full Sample","With Controls","Liberal Democratic Norms Index (0-1 factor score of 7 ANES items; higher = stronger liberal norm support)","No"
28,0.0542130263304735,874.430145862538,344,5185,"Full Sample","With Controls","Liberal Democratic Norms Index (0-1 factor score of 7 ANES items; higher = stronger liberal norm support)","No"
29,0.0382751252598127,1335.86863112337,518,5185,"Full Sample","With Controls","Liberal Democratic Norms Index (0-1 factor score of 7 ANES items; higher = stronger liberal norm support)","No"
30,0.0292647304644965,1282.2368231711,483,5185,"Full Sample","With Controls","Liberal Democratic Norms Index (0-1 factor score of 7 ANES items; higher = stronger liberal norm support)","No"
31,0.072222652177352,1022.87967394644,400,5185,"Full Sample","With Controls","Liberal Democratic Norms Index (0-1 factor score of 7 ANES items; higher = stronger liberal norm support)","No"
32,0.0305847688238254,1046.74375333706,411,5185,"Full Sample","With Controls","Liberal Democratic Norms Index (0-1 factor score of 7 ANES items; higher = stronger liberal norm support)","No"
33,0.0598586396261581,1376.62516331351,526,5185,"Full Sample","With Controls","Liberal Democratic Norms Index (0-1 factor score of 7 ANES items; higher = stronger liberal norm support)","No"
34,-0.03083304757676,823.955952330473,328,5185,"Full Sample","With Controls","Liberal Democratic Norms Index (0-1 factor score of 7 ANES items; higher = stronger liberal norm support)","No"
35,0.0408436440041607,1072.00934227569,427,5185,"Full Sample","With Controls","Liberal Democratic Norms Index (0-1 factor score of 7 ANES items; higher = stronger liberal norm support)","No"
36,0.0783222578555009,1181.38842752813,455,5185,"Full Sample","With Controls","Liberal Democratic Norms Index (0-1 factor score of 7 ANES items; higher = stronger liberal norm support)","No"
37,0.0112979093890893,1072.0194008033,422,5185,"Full Sample","With Controls","Liberal Democratic Norms Index (0-1 factor score of 7 ANES items; higher = stronger liberal norm support)","No"
38,0.0616833990124814,1355.18970963198,517,5185,"Full Sample","With Controls","Liberal Democratic Norms Index (0-1 factor score of 7 ANES items; higher = stronger liberal norm support)","No"
39,0.0967230753044278,955.385299478194,376,5185,"Full Sample","With Controls","Liberal Democratic Norms Index (0-1 factor score of 7 ANES items; higher = stronger liberal norm support)","No"
40,-0.0144811435808282,814.287101867787,328,5185,"Full Sample","With Controls","Liberal Democratic Norms Index (0-1 factor score of 7 ANES items; higher = stronger liberal norm support)","No"
41,0.0290125218778159,1261.37206750788,476,5185,"Full Sample","With Controls","Liberal Democratic Norms Index (0-1 factor score of 7 ANES items; higher = stronger liberal norm support)","No"
42,0.0182794051898225,1014.16776985664,400,5185,"Full Sample","With Controls","Liberal Democratic Norms Index (0-1 factor score of 7 ANES items; higher = stronger liberal norm support)","No"
43,0.0437571329273219,1318.39836438353,507,5185,"Full Sample","With Controls","Liberal Democratic Norms Index (0-1 factor score of 7 ANES items; higher = stronger liberal norm support)","No"
44,-0.0179934183842738,1146.70812344699,439,5185,"Full Sample","With Controls","Liberal Democratic Norms Index (0-1 factor score of 7 ANES items; higher = stronger liberal norm support)","No"
45,0.0449680663805903,1284.12833984347,497,5185,"Full Sample","With Controls","Liberal Democratic Norms Index (0-1 factor score of 7 ANES items; higher = stronger liberal norm support)","No"
46,0.0526058452892562,1110.17940553888,433,5185,"Full Sample","With Controls","Liberal Democratic Norms Index (0-1 factor score of 7 ANES items; higher = stronger liberal norm support)","No"
47,0.0146122935232909,1094.81667005407,422,5185,"Full Sample","With Controls","Liberal Democratic Norms Index (0-1 factor score of 7 ANES items; higher = stronger liberal norm support)","No"
48,-0.0386894571124995,823.347668715824,332,5185,"Full Sample","With Controls","Liberal Democratic Norms Index (0-1 factor score of 7 ANES items; higher = stronger liberal norm support)","No"
49,-0.0244421476268642,1141.45759946335,432,5185,"Full Sample","With Controls","Liberal Democratic Norms Index (0-1 factor score of 7 ANES items; higher = stronger liberal norm support)","No"
50,0.0577587218129087,960.919978231424,374,5185,"Full Sample","With Controls","Liberal Democratic Norms Index (0-1 factor score of 7 ANES items; higher = stronger liberal norm support)","No"
51,0.014533879371163,1168.61069557718,449,5185,"Full Sample","With Controls","Liberal Democratic Norms Index (0-1 factor score of 7 ANES items; higher = stronger liberal norm support)","No"
52,0.0333938078507741,1326.48851422596,500,5185,"Full Sample","With Controls","Liberal Democratic Norms Index (0-1 factor score of 7 ANES items; higher = stronger liberal norm support)","No"
53,0.0448013817238736,1326.49679759904,507,5185,"Full Sample","With Controls","Liberal Democratic Norms Index (0-1 factor score of 7 ANES items; higher = stronger liberal norm support)","No"
54,-0.0116687330707149,925.715468197591,365,5185,"Full Sample","With Controls","Liberal Democratic Norms Index (0-1 factor score of 7 ANES items; higher = stronger liberal norm support)","No"
55,0.0611862867290494,1072.20187488825,414,5185,"Full Sample","With Controls","Liberal Democratic Norms Index (0-1 factor score of 7 ANES items; higher = stronger liberal norm support)","No"
56,0.0374578604277076,1267.31604777693,490,5185,"Full Sample","With Controls","Liberal Democratic Norms Index (0-1 factor score of 7 ANES items; higher = stronger liberal norm support)","No"
57,0.0665664865994002,1117.27817215399,437,5185,"Full Sample","With Controls","Liberal Democratic Norms Index (0-1 factor score of 7 ANES items; higher = stronger liberal norm support)","No"
58,0.0100321028721797,1085.52469375166,432,5185,"Full Sample","With Controls","Liberal Democratic Norms Index (0-1 factor score of 7 ANES items; higher = stronger liberal norm support)","No"
59,0.0402053301098177,1086.00208426069,421,5185,"Full Sample","With Controls","Liberal Democratic Norms Index (0-1 factor score of 7 ANES items; higher = stronger liberal norm support)","No"
60,-0.0523504382175483,867.639506197058,348,5185,"Full Sample","With Controls","Liberal Democratic Norms Index (0-1 factor score of 7 ANES items; higher = stronger liberal norm support)","No"
61,0.0230040988317654,1337.09356809749,505,5185,"Full Sample","With Controls","Liberal Democratic Norms Index (0-1 factor score of 7 ANES items; higher = stronger liberal norm support)","No"
62,0.0188487237530928,1243.14897949593,481,5185,"Full Sample","With Controls","Liberal Democratic Norms Index (0-1 factor score of 7 ANES items; higher = stronger liberal norm support)","No"
63,0.066824851169932,910.05425692552,363,5185,"Full Sample","With Controls","Liberal Democratic Norms Index (0-1 factor score of 7 ANES items; higher = stronger liberal norm support)","No"
64,0.067300530709622,931.110539622141,367,5185,"Full Sample","With Controls","Liberal Democratic Norms Index (0-1 factor score of 7 ANES items; higher = stronger liberal norm support)","No"
65,0.0218631304502597,1198.46420044834,457,5185,"Full Sample","With Controls","Liberal Democratic Norms Index (0-1 factor score of 7 ANES items; higher = stronger liberal norm support)","No"
66,0.0376646246286482,1354.49342742626,507,5185,"Full Sample","With Controls","Liberal Democratic Norms Index (0-1 factor score of 7 ANES items; higher = stronger liberal norm support)","No"
67,0.067179453763592,1043.93943337336,406,5185,"Full Sample","With Controls","Liberal Democratic Norms Index (0-1 factor score of 7 ANES items; higher = stronger liberal norm support)","No"
68,0.0046436363142702,1065.60370543904,417,5185,"Full Sample","With Controls","Liberal Democratic Norms Index (0-1 factor score of 7 ANES items; higher = stronger liberal norm support)","No"
69,0.0313530453532879,1343.81624631922,508,5185,"Full Sample","With Controls","Liberal Democratic Norms Index (0-1 factor score of 7 ANES items; higher = stronger liberal norm support)","No"
70,0.00130598707716031,1321.38215148204,495,5185,"Full Sample","With Controls","Liberal Democratic Norms Index (0-1 factor score of 7 ANES items; higher = stronger liberal norm support)","No"
71,0.102839748881954,963.39084865037,376,5185,"Full Sample","With Controls","Liberal Democratic Norms Index (0-1 factor score of 7 ANES items; higher = stronger liberal norm support)","No"
72,0.0581537743631923,1010.67890872976,400,5185,"Full Sample","With Controls","Liberal Democratic Norms Index (0-1 factor score of 7 ANES items; higher = stronger liberal norm support)","No"
73,0.0995755273263287,757.294903274192,312,5185,"Full Sample","With Controls","Liberal Democratic Norms Index (0-1 factor score of 7 ANES items; higher = stronger liberal norm support)","No"
74,0.0914732146669313,815.820059815063,327,5185,"Full Sample","With Controls","Liberal Democratic Norms Index (0-1 factor score of 7 ANES items; higher = stronger liberal norm support)","No"
75,0.0169077778806154,1262.10819195215,484,5185,"Full Sample","With Controls","Liberal Democratic Norms Index (0-1 factor score of 7 ANES items; higher = stronger liberal norm support)","No"
76,0.0857321017441732,926.170108957676,367,5185,"Full Sample","With Controls","Liberal Democratic Norms Index (0-1 factor score of 7 ANES items; higher = stronger liberal norm support)","No"
77,0.044482118627108,1179.3609655612,453,5185,"Full Sample","With Controls","Liberal Democratic Norms Index (0-1 factor score of 7 ANES items; higher = stronger liberal norm support)","No"
78,0.0644613737042928,1011.82476631863,400,5185,"Full Sample","With Controls","Liberal Democratic Norms Index (0-1 factor score of 7 ANES items; higher = stronger liberal norm support)","No"
79,0.0334915153464723,935.669739680885,374,5185,"Full Sample","With Controls","Liberal Democratic Norms Index (0-1 factor score of 7 ANES items; higher = stronger liberal norm support)","No"
80,0.0145145068617605,1399.51680622212,532,5185,"Full Sample","With Controls","Liberal Democratic Norms Index (0-1 factor score of 7 ANES items; higher = stronger liberal norm support)","No"
81,0.122163524512192,832.9563650764,326,5185,"Full Sample","With Controls","Liberal Democratic Norms Index (0-1 factor score of 7 ANES items; higher = stronger liberal norm support)","No"
82,0.0510526909825584,1062.2153413978,419,5185,"Full Sample","With Controls","Liberal Democratic Norms Index (0-1 factor score of 7 ANES items; higher = stronger liberal norm support)","No"
83,-0.00653215392845895,995.190343442406,385,5185,"Full Sample","With Controls","Liberal Democratic Norms Index (0-1 factor score of 7 ANES items; higher = stronger liberal norm support)","No"
84,0.0806973978438185,882.756264386668,343,5185,"Full Sample","With Controls","Liberal Democratic Norms Index (0-1 factor score of 7 ANES items; higher = stronger liberal norm support)","No"
85,0.0135650626448345,994.20025160742,389,5185,"Full Sample","With Controls","Liberal Democratic Norms Index (0-1 factor score of 7 ANES items; higher = stronger liberal norm support)","No"
86,0.108678439016267,835.175784289217,335,5185,"Full Sample","With Controls","Liberal Democratic Norms Index (0-1 factor score of 7 ANES items; higher = stronger liberal norm support)","No"
87,0.064493907632688,877.288127088463,350,5185,"Full Sample","With Controls","Liberal Democratic Norms Index (0-1 factor score of 7 ANES items; higher = stronger liberal norm support)","No"
88,0.0416983210482522,1224.01135973769,476,5185,"Full Sample","With Controls","Liberal Democratic Norms Index (0-1 factor score of 7 ANES items; higher = stronger liberal norm support)","No"
89,0.0407350726754037,1152.75807900268,449,5185,"Full Sample","With Controls","Liberal Democratic Norms Index (0-1 factor score of 7 ANES items; higher = stronger liberal norm support)","No"
90,0.0579441583073838,1315.89949024966,502,5185,"Full Sample","With Controls","Liberal Democratic Norms Index (0-1 factor score of 7 ANES items; higher = stronger liberal norm support)","No"
91,0.0323322823579347,1358.46490753053,524,5185,"Full Sample","With Controls","Liberal Democratic Norms Index (0-1 factor score of 7 ANES items; higher = stronger liberal norm support)","No"
92,0.0467149414614589,1364.899772556,518,5185,"Full Sample","With Controls","Liberal Democratic Norms Index (0-1 factor score of 7 ANES items; higher = stronger liberal norm support)","No"
93,-0.00685840739522294,1084.18486973984,422,5185,"Full Sample","With Controls","Liberal Democratic Norms Index (0-1 factor score of 7 ANES items; higher = stronger liberal norm support)","No"
94,0.126186264891664,868.095007039667,347,5185,"Full Sample","With Controls","Liberal Democratic Norms Index (0-1 factor score of 7 ANES items; higher = stronger liberal norm support)","No"
95,0.0739004322072909,1121.16028792601,438,5185,"Full Sample","With Controls","Liberal Democratic Norms Index (0-1 factor score of 7 ANES items; higher = stronger liberal norm support)","No"
96,-0.000375581733188437,1196.382710029,463,5185,"Full Sample","With Controls","Liberal Democratic Norms Index (0-1 factor score of 7 ANES items; higher = stronger liberal norm support)","No"
97,0.0790846437135112,1148.98494289091,450,5185,"Full Sample","With Controls","Liberal Democratic Norms Index (0-1 factor score of 7 ANES items; higher = stronger liberal norm support)","No"
98,0.0556363636931636,1362.43365657345,512,5185,"Full Sample","With Controls","Liberal Democratic Norms Index (0-1 factor score of 7 ANES items; higher = stronger liberal norm support)","No"
99,0.0176735301089174,1402.57523179048,535,5185,"Full Sample","With Controls","Liberal Democratic Norms Index (0-1 factor score of 7 ANES items; higher = stronger liberal norm support)","No"
100,0.0462726362258018,1376.49493635095,525,5185,"Full Sample","With Controls","Liberal Democratic Norms Index (0-1 factor score of 7 ANES items; higher = stronger liberal norm support)","No"
1,-0.0669474855191171,1238.17087203323,116,1157,"Independents","With Controls","Liberal Democratic Norms Index (0-1 factor score of 7 ANES items; higher = stronger liberal norm support)","No"
2,-0.073151141723829,1556.99249544345,152,1157,"Independents","With Controls","Liberal Democratic Norms Index (0-1 factor score of 7 ANES items; higher = stronger liberal norm support)","No"
3,-0.0266426637820102,1303.38157453117,127,1157,"Independents","With Controls","Liberal Democratic Norms Index (0-1 factor score of 7 ANES items; higher = stronger liberal norm support)","No"
4,0.0682013761905392,1377.91891736752,138,1157,"Independents","With Controls","Liberal Democratic Norms Index (0-1 factor score of 7 ANES items; higher = stronger liberal norm support)","No"
5,-0.035725952088749,1535.65018138117,156,1157,"Independents","With Controls","Liberal Democratic Norms Index (0-1 factor score of 7 ANES items; higher = stronger liberal norm support)","No"
6,-0.0369634028717693,1361.78410792657,135,1157,"Independents","With Controls","Liberal Democratic Norms Index (0-1 factor score of 7 ANES items; higher = stronger liberal norm support)","No"
7,-0.0332484206966375,1368.33087041998,132,1157,"Independents","With Controls","Liberal Democratic Norms Index (0-1 factor score of 7 ANES items; higher = stronger liberal norm support)","No"
8,0.0746174170035584,1347.53939472886,135,1157,"Independents","With Controls","Liberal Democratic Norms Index (0-1 factor score of 7 ANES items; higher = stronger liberal norm support)","No"
9,0.0068386343175833,1355.10586831456,136,1157,"Independents","With Controls","Liberal Democratic Norms Index (0-1 factor score of 7 ANES items; higher = stronger liberal norm support)","No"
10,-0.0603012692971108,1558.02900144423,155,1157,"Independents","With Controls","Liberal Democratic Norms Index (0-1 factor score of 7 ANES items; higher = stronger liberal norm support)","No"
11,0.0519419595316019,1411.38978793167,144,1157,"Independents","With Controls","Liberal Democratic Norms Index (0-1 factor score of 7 ANES items; higher = stronger liberal norm support)","No"
12,-0.089539291434292,1314.55611071257,130,1157,"Independents","With Controls","Liberal Democratic Norms Index (0-1 factor score of 7 ANES items; higher = stronger liberal norm support)","No"
13,0.0114073540897992,1170.8573106574,114,1157,"Independents","With Controls","Liberal Democratic Norms Index (0-1 factor score of 7 ANES items; higher = stronger liberal norm support)","No"
14,-0.0575756072113286,1190.76673121645,117,1157,"Independents","With Controls","Liberal Democratic Norms Index (0-1 factor score of 7 ANES items; higher = stronger liberal norm support)","No"
15,0.0774497607897702,1088.42221679959,100,1157,"Independents","With Controls","Liberal Democratic Norms Index (0-1 factor score of 7 ANES items; higher = stronger liberal norm support)","No"
16,-0.0671102766227285,1669.94240643109,163,1157,"Independents","With Controls","Liberal Democratic Norms Index (0-1 factor score of 7 ANES items; higher = stronger liberal norm support)","No"
17,0.0191264708160684,1311.21992485351,123,1157,"Independents","With Controls","Liberal Democratic Norms Index (0-1 factor score of 7 ANES items; higher = stronger liberal norm support)","No"
18,0.0294539714091193,1661.02600876981,167,1157,"Independents","With Controls","Liberal Democratic Norms Index (0-1 factor score of 7 ANES items; higher = stronger liberal norm support)","No"
19,-0.119141009578025,1440.34120250559,140,1157,"Independents","With Controls","Liberal Democratic Norms Index (0-1 factor score of 7 ANES items; higher = stronger liberal norm support)","No"
20,0.061890962724787,1398.24359800653,138,1157,"Independents","With Controls","Liberal Democratic Norms Index (0-1 factor score of 7 ANES items; higher = stronger liberal norm support)","No"
21,-0.0787586663325931,1646.63728291236,162,1157,"Independents","With Controls","Liberal Democratic Norms Index (0-1 factor score of 7 ANES items; higher = stronger liberal norm support)","No"
22,-0.0878696448317658,1323.48883415768,136,1157,"Independents","With Controls","Liberal Democratic Norms Index (0-1 factor score of 7 ANES items; higher = stronger liberal norm support)","No"
23,-0.0793235696577069,1336.28516787293,136,1157,"Independents","With Controls","Liberal Democratic Norms Index (0-1 factor score of 7 ANES items; higher = stronger liberal norm support)","No"
24,-0.00953677572727272,1352.17872645089,132,1157,"Independents","With Controls","Liberal Democratic Norms Index (0-1 factor score of 7 ANES items; higher = stronger liberal norm support)","No"
25,-0.0431625655384989,1338.96598584365,135,1157,"Independents","With Controls","Liberal Democratic Norms Index (0-1 factor score of 7 ANES items; higher = stronger liberal norm support)","No"
26,-0.0787841573993392,1315.10386425925,131,1157,"Independents","With Controls","Liberal Democratic Norms Index (0-1 factor score of 7 ANES items; higher = stronger liberal norm support)","No"
27,0.034149777751189,1527.94483053049,153,1157,"Independents","With Controls","Liberal Democratic Norms Index (0-1 factor score of 7 ANES items; higher = stronger liberal norm support)","No"
28,0.0415388515776409,1430.32109980046,143,1157,"Independents","With Controls","Liberal Democratic Norms Index (0-1 factor score of 7 ANES items; higher = stronger liberal norm support)","No"
29,-0.0892458248857287,1294.73599590917,133,1157,"Independents","With Controls","Liberal Democratic Norms Index (0-1 factor score of 7 ANES items; higher = stronger liberal norm support)","No"
30,0.0414003870046646,1430.57062250264,141,1157,"Independents","With Controls","Liberal Democratic Norms Index (0-1 factor score of 7 ANES items; higher = stronger liberal norm support)","No"
31,-0.0761024070558108,1462.17774658145,149,1157,"Independents","With Controls","Liberal Democratic Norms Index (0-1 factor score of 7 ANES items; higher = stronger liberal norm support)","No"
32,-0.0462898897540192,1428.8605325516,140,1157,"Independents","With Controls","Liberal Democratic Norms Index (0-1 factor score of 7 ANES items; higher = stronger liberal norm support)","No"
33,-0.104940147720581,1225.28551518068,119,1157,"Independents","With Controls","Liberal Democratic Norms Index (0-1 factor score of 7 ANES items; higher = stronger liberal norm support)","No"
34,-0.0824803206315431,1576.59920398532,153,1157,"Independents","With Controls","Liberal Democratic Norms Index (0-1 factor score of 7 ANES items; higher = stronger liberal norm support)","No"
35,0.034252096911931,1381.61749662442,135,1157,"Independents","With Controls","Liberal Democratic Norms Index (0-1 factor score of 7 ANES items; higher = stronger liberal norm support)","No"
36,-0.0650446582439958,1376.81374505692,138,1157,"Independents","With Controls","Liberal Democratic Norms Index (0-1 factor score of 7 ANES items; higher = stronger liberal norm support)","No"
37,0.0132308189703415,1610.69922805077,159,1157,"Independents","With Controls","Liberal Democratic Norms Index (0-1 factor score of 7 ANES items; higher = stronger liberal norm support)","No"
38,0.0136601437316904,1210.76059466095,121,1157,"Independents","With Controls","Liberal Democratic Norms Index (0-1 factor score of 7 ANES items; higher = stronger liberal norm support)","No"
39,0.0469933660019141,1333.98195883371,131,1157,"Independents","With Controls","Liberal Democratic Norms Index (0-1 factor score of 7 ANES items; higher = stronger liberal norm support)","No"
40,-0.0712970218269024,1346.30148284811,131,1157,"Independents","With Controls","Liberal Democratic Norms Index (0-1 factor score of 7 ANES items; higher = stronger liberal norm support)","No"
41,0.0131494983125256,1402.20260256364,140,1157,"Independents","With Controls","Liberal Democratic Norms Index (0-1 factor score of 7 ANES items; higher = stronger liberal norm support)","No"
42,-0.00284599505829702,1391.68328005959,139,1157,"Independents","With Controls","Liberal Democratic Norms Index (0-1 factor score of 7 ANES items; higher = stronger liberal norm support)","No"
43,-0.0556900104499354,1661.62928860245,163,1157,"Independents","With Controls","Liberal Democratic Norms Index (0-1 factor score of 7 ANES items; higher = stronger liberal norm support)","No"
44,0.011714274803307,1383.00748909475,138,1157,"Independents","With Controls","Liberal Democratic Norms Index (0-1 factor score of 7 ANES items; higher = stronger liberal norm support)","No"
45,-0.0854995125176759,1390.73004213586,139,1157,"Independents","With Controls","Liberal Democratic Norms Index (0-1 factor score of 7 ANES items; higher = stronger liberal norm support)","No"
46,-0.0370994302153265,1384.21390995048,140,1157,"Independents","With Controls","Liberal Democratic Norms Index (0-1 factor score of 7 ANES items; higher = stronger liberal norm support)","No"
47,-0.00729917421135674,1553.36443283841,152,1157,"Independents","With Controls","Liberal Democratic Norms Index (0-1 factor score of 7 ANES items; higher = stronger liberal norm support)","No"
48,0.0699834213594414,1331.62739221862,135,1157,"Independents","With Controls","Liberal Democratic Norms Index (0-1 factor score of 7 ANES items; higher = stronger liberal norm support)","No"
49,0.0650371353671193,1324.86331654509,130,1157,"Independents","With Controls","Liberal Democratic Norms Index (0-1 factor score of 7 ANES items; higher = stronger liberal norm support)","No"
50,0.0177982705346685,1424.65582529082,137,1157,"Independents","With Controls","Liberal Democratic Norms Index (0-1 factor score of 7 ANES items; higher = stronger liberal norm support)","No"
51,-0.0424555183917962,1451.05243930347,145,1157,"Independents","With Controls","Liberal Democratic Norms Index (0-1 factor score of 7 ANES items; higher = stronger liberal norm support)","No"
52,-0.00482748484518716,1319.86809001301,129,1157,"Independents","With Controls","Liberal Democratic Norms Index (0-1 factor score of 7 ANES items; higher = stronger liberal norm support)","No"
53,-0.0595709651017001,1359.63646624222,132,1157,"Independents","With Controls","Liberal Democratic Norms Index (0-1 factor score of 7 ANES items; higher = stronger liberal norm support)","No"
54,0.0333324723536321,1242.88271191484,119,1157,"Independents","With Controls","Liberal Democratic Norms Index (0-1 factor score of 7 ANES items; higher = stronger liberal norm support)","No"
55,-0.0530641688754924,1568.24253397671,157,1157,"Independents","With Controls","Liberal Democratic Norms Index (0-1 factor score of 7 ANES items; higher = stronger liberal norm support)","No"
56,-0.162955596076927,1379.55015533099,135,1157,"Independents","With Controls","Liberal Democratic Norms Index (0-1 factor score of 7 ANES items; higher = stronger liberal norm support)","No"
57,-0.0468234776249445,1314.24863242483,127,1157,"Independents","With Controls","Liberal Democratic Norms Index (0-1 factor score of 7 ANES items; higher = stronger liberal norm support)","No"
58,-0.00982342571026697,1331.76656226055,133,1157,"Independents","With Controls","Liberal Democratic Norms Index (0-1 factor score of 7 ANES items; higher = stronger liberal norm support)","No"
59,0.0271483086797172,1475.26042757126,145,1157,"Independents","With Controls","Liberal Democratic Norms Index (0-1 factor score of 7 ANES items; higher = stronger liberal norm support)","No"
60,-0.0137699016996695,1856.82954083153,174,1157,"Independents","With Controls","Liberal Democratic Norms Index (0-1 factor score of 7 ANES items; higher = stronger liberal norm support)","No"
61,-0.0594272171960668,1158.87415555963,116,1157,"Independents","With Controls","Liberal Democratic Norms Index (0-1 factor score of 7 ANES items; higher = stronger liberal norm support)","No"
62,-0.00210749801556558,1268.88998708136,122,1157,"Independents","With Controls","Liberal Democratic Norms Index (0-1 factor score of 7 ANES items; higher = stronger liberal norm support)","No"
63,0.0297187206795957,1331.04930916756,132,1157,"Independents","With Controls","Liberal Democratic Norms Index (0-1 factor score of 7 ANES items; higher = stronger liberal norm support)","No"
64,-0.0015224163802822,1285.95888104028,128,1157,"Independents","With Controls","Liberal Democratic Norms Index (0-1 factor score of 7 ANES items; higher = stronger liberal norm support)","No"
65,0.11491733066243,1191.74088398174,120,1157,"Independents","With Controls","Liberal Democratic Norms Index (0-1 factor score of 7 ANES items; higher = stronger liberal norm support)","No"
66,0.0103583478573316,1311.39540285936,132,1157,"Independents","With Controls","Liberal Democratic Norms Index (0-1 factor score of 7 ANES items; higher = stronger liberal norm support)","No"
67,-0.0386012668207598,1638.79038999545,163,1157,"Independents","With Controls","Liberal Democratic Norms Index (0-1 factor score of 7 ANES items; higher = stronger liberal norm support)","No"
68,-0.00964880604688209,1547.39022927568,156,1157,"Independents","With Controls","Liberal Democratic Norms Index (0-1 factor score of 7 ANES items; higher = stronger liberal norm support)","No"
69,-0.0175233009624257,1512.68669942511,153,1157,"Independents","With Controls","Liberal Democratic Norms Index (0-1 factor score of 7 ANES items; higher = stronger liberal norm support)","No"
70,0.0390146548913113,1321.3131153676,128,1157,"Independents","With Controls","Liberal Democratic Norms Index (0-1 factor score of 7 ANES items; higher = stronger liberal norm support)","No"
71,-0.091788233926516,1489.81468565414,143,1157,"Independents","With Controls","Liberal Democratic Norms Index (0-1 factor score of 7 ANES items; higher = stronger liberal norm support)","No"
72,-0.122833358987158,1345.33021233276,133,1157,"Independents","With Controls","Liberal Democratic Norms Index (0-1 factor score of 7 ANES items; higher = stronger liberal norm support)","No"
73,-0.140549261387256,1261.50915179768,122,1157,"Independents","With Controls","Liberal Democratic Norms Index (0-1 factor score of 7 ANES items; higher = stronger liberal norm support)","No"
74,-0.0483642873762616,1466.536705038,146,1157,"Independents","With Controls","Liberal Democratic Norms Index (0-1 factor score of 7 ANES items; higher = stronger liberal norm support)","No"
75,-0.038228646152038,1555.43764243585,155,1157,"Independents","With Controls","Liberal Democratic Norms Index (0-1 factor score of 7 ANES items; higher = stronger liberal norm support)","No"
76,-0.013988519878611,1584.38535555471,156,1157,"Independents","With Controls","Liberal Democratic Norms Index (0-1 factor score of 7 ANES items; higher = stronger liberal norm support)","No"
77,0.0362475523531676,1114.35428718923,108,1157,"Independents","With Controls","Liberal Democratic Norms Index (0-1 factor score of 7 ANES items; higher = stronger liberal norm support)","No"
78,0.0449029418188149,1554.90303869264,154,1157,"Independents","With Controls","Liberal Democratic Norms Index (0-1 factor score of 7 ANES items; higher = stronger liberal norm support)","No"
79,0.00810613776253351,1479.37227140284,146,1157,"Independents","With Controls","Liberal Democratic Norms Index (0-1 factor score of 7 ANES items; higher = stronger liberal norm support)","No"
80,-0.0525578776099477,1381.1903330536,137,1157,"Independents","With Controls","Liberal Democratic Norms Index (0-1 factor score of 7 ANES items; higher = stronger liberal norm support)","No"
81,-0.0694150439210525,1301.78161767306,129,1157,"Independents","With Controls","Liberal Democratic Norms Index (0-1 factor score of 7 ANES items; higher = stronger liberal norm support)","No"
82,0.0368622591818311,1363.02233632515,137,1157,"Independents","With Controls","Liberal Democratic Norms Index (0-1 factor score of 7 ANES items; higher = stronger liberal norm support)","No"
83,-0.0409940835479113,1373.6387602777,137,1157,"Independents","With Controls","Liberal Democratic Norms Index (0-1 factor score of 7 ANES items; higher = stronger liberal norm support)","No"
84,-0.00860922764011647,1414.46587115071,142,1157,"Independents","With Controls","Liberal Democratic Norms Index (0-1 factor score of 7 ANES items; higher = stronger liberal norm support)","No"
85,-0.0505725079943252,1382.96119261465,139,1157,"Independents","With Controls","Liberal Democratic Norms Index (0-1 factor score of 7 ANES items; higher = stronger liberal norm support)","No"
86,-0.0265632975814033,1635.5861477083,157,1157,"Independents","With Controls","Liberal Democratic Norms Index (0-1 factor score of 7 ANES items; higher = stronger liberal norm support)","No"
87,-0.0833879850551015,1507.05809423797,150,1157,"Independents","With Controls","Liberal Democratic Norms Index (0-1 factor score of 7 ANES items; higher = stronger liberal norm support)","No"
88,-0.051872680980402,1244.41412458441,124,1157,"Independents","With Controls","Liberal Democratic Norms Index (0-1 factor score of 7 ANES items; higher = stronger liberal norm support)","No"
89,0.01156573036131,1174.66732149062,112,1157,"Independents","With Controls","Liberal Democratic Norms Index (0-1 factor score of 7 ANES items; higher = stronger liberal norm support)","No"
90,-0.0285135077727245,1726.48979727902,169,1157,"Independents","With Controls","Liberal Democratic Norms Index (0-1 factor score of 7 ANES items; higher = stronger liberal norm support)","No"
91,-0.00379667546852214,1470.79827902961,147,1157,"Independents","With Controls","Liberal Democratic Norms Index (0-1 factor score of 7 ANES items; higher = stronger liberal norm support)","No"
92,-0.158908174817221,1197.92020577445,120,1157,"Independents","With Controls","Liberal Democratic Norms Index (0-1 factor score of 7 ANES items; higher = stronger liberal norm support)","No"
93,0.0610329913641565,1317.78415820717,126,1157,"Independents","With Controls","Liberal Democratic Norms Index (0-1 factor score of 7 ANES items; higher = stronger liberal norm support)","No"
94,-0.0606315007757523,1583.15237567787,154,1157,"Independents","With Controls","Liberal Democratic Norms Index (0-1 factor score of 7 ANES items; higher = stronger liberal norm support)","No"
95,0.0365239755242756,1779.09032834616,173,1157,"Independents","With Controls","Liberal Democratic Norms Index (0-1 factor score of 7 ANES items; higher = stronger liberal norm support)","No"
96,-0.0402127764011215,1597.93682026811,157,1157,"Independents","With Controls","Liberal Democratic Norms Index (0-1 factor score of 7 ANES items; higher = stronger liberal norm support)","No"
97,-0.026467602687595,1472.88941430792,144,1157,"Independents","With Controls","Liberal Democratic Norms Index (0-1 factor score of 7 ANES items; higher = stronger liberal norm support)","No"
98,0.00394013905415818,1572.26990869854,153,1157,"Independents","With Controls","Liberal Democratic Norms Index (0-1 factor score of 7 ANES items; higher = stronger liberal norm support)","No"
99,0.0802986237153751,1358.78905202166,136,1157,"Independents","With Controls","Liberal Democratic Norms Index (0-1 factor score of 7 ANES items; higher = stronger liberal norm support)","No"
100,-0.119629155117535,1346.46806732399,131,1157,"Independents","With Controls","Liberal Democratic Norms Index (0-1 factor score of 7 ANES items; higher = stronger liberal norm support)","No"
1,-0.0326150315259118,946.317706118682,207,3361,"Partisans","With Controls","Liberal Democratic Norms Index (0-1 factor score of 7 ANES items; higher = stronger liberal norm support)","No"
2,0.0796738540466309,1396.93981880747,301,3361,"Partisans","With Controls","Liberal Democratic Norms Index (0-1 factor score of 7 ANES items; higher = stronger liberal norm support)","No"
3,0.111204456842813,1040.61687856702,226,3361,"Partisans","With Controls","Liberal Democratic Norms Index (0-1 factor score of 7 ANES items; higher = stronger liberal norm support)","No"
4,0.119250338277274,1282.2058856375,276,3361,"Partisans","With Controls","Liberal Democratic Norms Index (0-1 factor score of 7 ANES items; higher = stronger liberal norm support)","No"
5,0.0762335850139396,1248.92791813377,260,3361,"Partisans","With Controls","Liberal Democratic Norms Index (0-1 factor score of 7 ANES items; higher = stronger liberal norm support)","No"
6,0.137385105670836,1309.80865206135,280,3361,"Partisans","With Controls","Liberal Democratic Norms Index (0-1 factor score of 7 ANES items; higher = stronger liberal norm support)","No"
7,0.0931081359137909,1090.8684791401,236,3361,"Partisans","With Controls","Liberal Democratic Norms Index (0-1 factor score of 7 ANES items; higher = stronger liberal norm support)","No"
8,0.00748069229709166,1046.3059455482,226,3361,"Partisans","With Controls","Liberal Democratic Norms Index (0-1 factor score of 7 ANES items; higher = stronger liberal norm support)","No"
9,0.101282539306842,1346.66313218031,279,3361,"Partisans","With Controls","Liberal Democratic Norms Index (0-1 factor score of 7 ANES items; higher = stronger liberal norm support)","No"
10,0.071597877398978,1372.82764606541,286,3361,"Partisans","With Controls","Liberal Democratic Norms Index (0-1 factor score of 7 ANES items; higher = stronger liberal norm support)","No"
11,0.00754162643299718,912.777171327491,197,3361,"Partisans","With Controls","Liberal Democratic Norms Index (0-1 factor score of 7 ANES items; higher = stronger liberal norm support)","No"
12,0.0789070300529061,1085.7626596737,231,3361,"Partisans","With Controls","Liberal Democratic Norms Index (0-1 factor score of 7 ANES items; higher = stronger liberal norm support)","No"
13,0.0294179866231132,1041.66766794528,225,3361,"Partisans","With Controls","Liberal Democratic Norms Index (0-1 factor score of 7 ANES items; higher = stronger liberal norm support)","No"
14,0.0526808019441089,951.00642317514,207,3361,"Partisans","With Controls","Liberal Democratic Norms Index (0-1 factor score of 7 ANES items; higher = stronger liberal norm support)","No"
15,0.137619061176659,1104.82463842279,239,3361,"Partisans","With Controls","Liberal Democratic Norms Index (0-1 factor score of 7 ANES items; higher = stronger liberal norm support)","No"
16,0.115984691521222,1206.21686151673,253,3361,"Partisans","With Controls","Liberal Democratic Norms Index (0-1 factor score of 7 ANES items; higher = stronger liberal norm support)","No"
17,0.155984836919967,999.79417677532,220,3361,"Partisans","With Controls","Liberal Democratic Norms Index (0-1 factor score of 7 ANES items; higher = stronger liberal norm support)","No"
18,0.0488647794348636,991.254278786213,219,3361,"Partisans","With Controls","Liberal Democratic Norms Index (0-1 factor score of 7 ANES items; higher = stronger liberal norm support)","No"
19,0.117564421223749,1064.05263124945,226,3361,"Partisans","With Controls","Liberal Democratic Norms Index (0-1 factor score of 7 ANES items; higher = stronger liberal norm support)","No"
20,0.0627226681210268,973.90261854033,210,3361,"Partisans","With Controls","Liberal Democratic Norms Index (0-1 factor score of 7 ANES items; higher = stronger liberal norm support)","No"
21,0.157464531060012,1132.53819112382,242,3361,"Partisans","With Controls","Liberal Democratic Norms Index (0-1 factor score of 7 ANES items; higher = stronger liberal norm support)","No"
22,0.0941892809278142,1371.54041817036,289,3361,"Partisans","With Controls","Liberal Democratic Norms Index (0-1 factor score of 7 ANES items; higher = stronger liberal norm support)","No"
23,0.2770502960485,730.641080378505,165,3361,"Partisans","With Controls","Liberal Democratic Norms Index (0-1 factor score of 7 ANES items; higher = stronger liberal norm support)","No"
24,0.152956231011277,1084.54436314918,230,3361,"Partisans","With Controls","Liberal Democratic Norms Index (0-1 factor score of 7 ANES items; higher = stronger liberal norm support)","No"
25,0.140142112534111,997.910739966817,217,3361,"Partisans","With Controls","Liberal Democratic Norms Index (0-1 factor score of 7 ANES items; higher = stronger liberal norm support)","No"
26,0.100761008036117,1297.34065318045,275,3361,"Partisans","With Controls","Liberal Democratic Norms Index (0-1 factor score of 7 ANES items; higher = stronger liberal norm support)","No"
27,0.189337612786508,966.2295276229,206,3361,"Partisans","With Controls","Liberal Democratic Norms Index (0-1 factor score of 7 ANES items; higher = stronger liberal norm support)","No"
28,0.046458144291821,1160.98712896145,250,3361,"Partisans","With Controls","Liberal Democratic Norms Index (0-1 factor score of 7 ANES items; higher = stronger liberal norm support)","No"
29,0.0588086214245217,1384.33735739541,292,3361,"Partisans","With Controls","Liberal Democratic Norms Index (0-1 factor score of 7 ANES items; higher = stronger liberal norm support)","No"
30,0.166693863351736,823.502614078479,184,3361,"Partisans","With Controls","Liberal Democratic Norms Index (0-1 factor score of 7 ANES items; higher = stronger liberal norm support)","No"
31,0.0814050361016639,1291.04598804883,272,3361,"Partisans","With Controls","Liberal Democratic Norms Index (0-1 factor score of 7 ANES items; higher = stronger liberal norm support)","No"
32,0.108839990936363,1071.94857909613,231,3361,"Partisans","With Controls","Liberal Democratic Norms Index (0-1 factor score of 7 ANES items; higher = stronger liberal norm support)","No"
33,0.112778327005531,1169.6777143065,249,3361,"Partisans","With Controls","Liberal Democratic Norms Index (0-1 factor score of 7 ANES items; higher = stronger liberal norm support)","No"
34,-0.0225680067980869,1032.03353933797,223,3361,"Partisans","With Controls","Liberal Democratic Norms Index (0-1 factor score of 7 ANES items; higher = stronger liberal norm support)","No"
35,0.21073728064448,957.847482663851,211,3361,"Partisans","With Controls","Liberal Democratic Norms Index (0-1 factor score of 7 ANES items; higher = stronger liberal norm support)","No"
36,0.130790259099942,1379.95837204887,296,3361,"Partisans","With Controls","Liberal Democratic Norms Index (0-1 factor score of 7 ANES items; higher = stronger liberal norm support)","No"
37,0.160676240379038,1172.68678985127,250,3361,"Partisans","With Controls","Liberal Democratic Norms Index (0-1 factor score of 7 ANES items; higher = stronger liberal norm support)","No"
38,0.118345723155422,1213.79647557433,253,3361,"Partisans","With Controls","Liberal Democratic Norms Index (0-1 factor score of 7 ANES items; higher = stronger liberal norm support)","No"
39,0.0817371381383989,1134.22607039582,235,3361,"Partisans","With Controls","Liberal Democratic Norms Index (0-1 factor score of 7 ANES items; higher = stronger liberal norm support)","No"
40,0.121810964768428,1322.09961923319,277,3361,"Partisans","With Controls","Liberal Democratic Norms Index (0-1 factor score of 7 ANES items; higher = stronger liberal norm support)","No"
41,0.032186507948717,934.871715371252,202,3361,"Partisans","With Controls","Liberal Democratic Norms Index (0-1 factor score of 7 ANES items; higher = stronger liberal norm support)","No"
42,0.0219682295299048,886.705815363869,196,3361,"Partisans","With Controls","Liberal Democratic Norms Index (0-1 factor score of 7 ANES items; higher = stronger liberal norm support)","No"
43,0.143081843009579,1215.99452679783,258,3361,"Partisans","With Controls","Liberal Democratic Norms Index (0-1 factor score of 7 ANES items; higher = stronger liberal norm support)","No"
44,0.0600352043900892,1172.28089315414,247,3361,"Partisans","With Controls","Liberal Democratic Norms Index (0-1 factor score of 7 ANES items; higher = stronger liberal norm support)","No"
45,0.0907601241648294,1197.33136300527,247,3361,"Partisans","With Controls","Liberal Democratic Norms Index (0-1 factor score of 7 ANES items; higher = stronger liberal norm support)","No"
46,0.0486185255119208,1075.74273637101,227,3361,"Partisans","With Controls","Liberal Democratic Norms Index (0-1 factor score of 7 ANES items; higher = stronger liberal norm support)","No"
47,0.00548405887258019,1024.36469137636,220,3361,"Partisans","With Controls","Liberal Democratic Norms Index (0-1 factor score of 7 ANES items; higher = stronger liberal norm support)","No"
48,0.0707362927287674,1318.88383059858,276,3361,"Partisans","With Controls","Liberal Democratic Norms Index (0-1 factor score of 7 ANES items; higher = stronger liberal norm support)","No"
49,0.0733898768656394,1378.8529642066,288,3361,"Partisans","With Controls","Liberal Democratic Norms Index (0-1 factor score of 7 ANES items; higher = stronger liberal norm support)","No"
50,0.134478598824017,1216.94781430995,253,3361,"Partisans","With Controls","Liberal Democratic Norms Index (0-1 factor score of 7 ANES items; higher = stronger liberal norm support)","No"
51,-0.100639074246142,805.550374703772,175,3361,"Partisans","With Controls","Liberal Democratic Norms Index (0-1 factor score of 7 ANES items; higher = stronger liberal norm support)","No"
52,0.118479783190452,1234.52664835851,262,3361,"Partisans","With Controls","Liberal Democratic Norms Index (0-1 factor score of 7 ANES items; higher = stronger liberal norm support)","No"
53,0.0397385174701203,1337.2781836579,280,3361,"Partisans","With Controls","Liberal Democratic Norms Index (0-1 factor score of 7 ANES items; higher = stronger liberal norm support)","No"
54,0.110756455959149,1356.14643301511,281,3361,"Partisans","With Controls","Liberal Democratic Norms Index (0-1 factor score of 7 ANES items; higher = stronger liberal norm support)","No"
55,0.0798842392536666,1340.76219104647,281,3361,"Partisans","With Controls","Liberal Democratic Norms Index (0-1 factor score of 7 ANES items; higher = stronger liberal norm support)","No"
56,0.149068467314044,1073.30309649181,236,3361,"Partisans","With Controls","Liberal Democratic Norms Index (0-1 factor score of 7 ANES items; higher = stronger liberal norm support)","No"
57,0.0620984059460293,1534.13020175416,326,3361,"Partisans","With Controls","Liberal Democratic Norms Index (0-1 factor score of 7 ANES items; higher = stronger liberal norm support)","No"
58,0.118950137850354,983.951846263604,212,3361,"Partisans","With Controls","Liberal Democratic Norms Index (0-1 factor score of 7 ANES items; higher = stronger liberal norm support)","No"
59,0.0807132032180937,1305.64879853851,280,3361,"Partisans","With Controls","Liberal Democratic Norms Index (0-1 factor score of 7 ANES items; higher = stronger liberal norm support)","No"
60,0.0469552683419641,926.528429641975,203,3361,"Partisans","With Controls","Liberal Democratic Norms Index (0-1 factor score of 7 ANES items; higher = stronger liberal norm support)","No"
61,0.098237589134938,1153.06994460238,244,3361,"Partisans","With Controls","Liberal Democratic Norms Index (0-1 factor score of 7 ANES items; higher = stronger liberal norm support)","No"
62,0.0328919653735346,1288.84817174743,270,3361,"Partisans","With Controls","Liberal Democratic Norms Index (0-1 factor score of 7 ANES items; higher = stronger liberal norm support)","No"
63,0.121059333139579,1248.31507425329,264,3361,"Partisans","With Controls","Liberal Democratic Norms Index (0-1 factor score of 7 ANES items; higher = stronger liberal norm support)","No"
64,0.144301617654131,1210.34559848503,251,3361,"Partisans","With Controls","Liberal Democratic Norms Index (0-1 factor score of 7 ANES items; higher = stronger liberal norm support)","No"
65,0.0843969699952913,1151.05095486543,247,3361,"Partisans","With Controls","Liberal Democratic Norms Index (0-1 factor score of 7 ANES items; higher = stronger liberal norm support)","No"
66,0.0825719718972345,1325.7358696924,283,3361,"Partisans","With Controls","Liberal Democratic Norms Index (0-1 factor score of 7 ANES items; higher = stronger liberal norm support)","No"
67,0.157224861186354,982.899921661042,214,3361,"Partisans","With Controls","Liberal Democratic Norms Index (0-1 factor score of 7 ANES items; higher = stronger liberal norm support)","No"
68,0.0950342430060087,1240.41452206953,258,3361,"Partisans","With Controls","Liberal Democratic Norms Index (0-1 factor score of 7 ANES items; higher = stronger liberal norm support)","No"
69,0.0368241596300695,1201.84367949399,257,3361,"Partisans","With Controls","Liberal Democratic Norms Index (0-1 factor score of 7 ANES items; higher = stronger liberal norm support)","No"
70,0.0635755015741867,1153.55386312608,249,3361,"Partisans","With Controls","Liberal Democratic Norms Index (0-1 factor score of 7 ANES items; higher = stronger liberal norm support)","No"
71,0.0985111110352599,1246.13248968494,268,3361,"Partisans","With Controls","Liberal Democratic Norms Index (0-1 factor score of 7 ANES items; higher = stronger liberal norm support)","No"
72,0.0512991075686983,1138.09750266317,248,3361,"Partisans","With Controls","Liberal Democratic Norms Index (0-1 factor score of 7 ANES items; higher = stronger liberal norm support)","No"
73,0.20666930205924,916.089437057009,198,3361,"Partisans","With Controls","Liberal Democratic Norms Index (0-1 factor score of 7 ANES items; higher = stronger liberal norm support)","No"
74,0.070021545631656,1217.08788624823,260,3361,"Partisans","With Controls","Liberal Democratic Norms Index (0-1 factor score of 7 ANES items; higher = stronger liberal norm support)","No"
75,0.0528903118111438,1236.45207709878,261,3361,"Partisans","With Controls","Liberal Democratic Norms Index (0-1 factor score of 7 ANES items; higher = stronger liberal norm support)","No"
76,0.0200608174987168,1090.62127747333,232,3361,"Partisans","With Controls","Liberal Democratic Norms Index (0-1 factor score of 7 ANES items; higher = stronger liberal norm support)","No"
77,0.017123026058382,981.460600380514,207,3361,"Partisans","With Controls","Liberal Democratic Norms Index (0-1 factor score of 7 ANES items; higher = stronger liberal norm support)","No"
78,0.0240596238757387,1219.1519809515,261,3361,"Partisans","With Controls","Liberal Democratic Norms Index (0-1 factor score of 7 ANES items; higher = stronger liberal norm support)","No"
79,0.0886096848041752,1304.71130686065,274,3361,"Partisans","With Controls","Liberal Democratic Norms Index (0-1 factor score of 7 ANES items; higher = stronger liberal norm support)","No"
80,0.152883731270399,1302.25237723495,281,3361,"Partisans","With Controls","Liberal Democratic Norms Index (0-1 factor score of 7 ANES items; higher = stronger liberal norm support)","No"
81,0.070809370705779,1392.55268128069,296,3361,"Partisans","With Controls","Liberal Democratic Norms Index (0-1 factor score of 7 ANES items; higher = stronger liberal norm support)","No"
82,0.109124686834872,1218.84716435128,260,3361,"Partisans","With Controls","Liberal Democratic Norms Index (0-1 factor score of 7 ANES items; higher = stronger liberal norm support)","No"
83,0.0562191711718975,1102.63736673559,237,3361,"Partisans","With Controls","Liberal Democratic Norms Index (0-1 factor score of 7 ANES items; higher = stronger liberal norm support)","No"
84,0.129253896239735,1108.49842905135,241,3361,"Partisans","With Controls","Liberal Democratic Norms Index (0-1 factor score of 7 ANES items; higher = stronger liberal norm support)","No"
85,-0.0362560195588172,929.822945228774,208,3361,"Partisans","With Controls","Liberal Democratic Norms Index (0-1 factor score of 7 ANES items; higher = stronger liberal norm support)","No"
86,0.0745130864038971,1047.29765733957,226,3361,"Partisans","With Controls","Liberal Democratic Norms Index (0-1 factor score of 7 ANES items; higher = stronger liberal norm support)","No"
87,0.149432353128212,998.14749713928,220,3361,"Partisans","With Controls","Liberal Democratic Norms Index (0-1 factor score of 7 ANES items; higher = stronger liberal norm support)","No"
88,0.220924565228728,904.329182896225,188,3361,"Partisans","With Controls","Liberal Democratic Norms Index (0-1 factor score of 7 ANES items; higher = stronger liberal norm support)","No"
89,-0.0155060102790423,739.565832909815,165,3361,"Partisans","With Controls","Liberal Democratic Norms Index (0-1 factor score of 7 ANES items; higher = stronger liberal norm support)","No"
90,0.0641071408749968,1218.62451639908,261,3361,"Partisans","With Controls","Liberal Democratic Norms Index (0-1 factor score of 7 ANES items; higher = stronger liberal norm support)","No"
91,0.0256029655932632,1109.06257761106,231,3361,"Partisans","With Controls","Liberal Democratic Norms Index (0-1 factor score of 7 ANES items; higher = stronger liberal norm support)","No"
92,0.0994028245182747,1228.12570568952,263,3361,"Partisans","With Controls","Liberal Democratic Norms Index (0-1 factor score of 7 ANES items; higher = stronger liberal norm support)","No"
93,0.0887889372439536,1146.0782967889,239,3361,"Partisans","With Controls","Liberal Democratic Norms Index (0-1 factor score of 7 ANES items; higher = stronger liberal norm support)","No"
94,0.0816156839474523,1353.93283861107,286,3361,"Partisans","With Controls","Liberal Democratic Norms Index (0-1 factor score of 7 ANES items; higher = stronger liberal norm support)","No"
95,0.0650305773777744,1247.82914876158,269,3361,"Partisans","With Controls","Liberal Democratic Norms Index (0-1 factor score of 7 ANES items; higher = stronger liberal norm support)","No"
96,0.13718123231681,1066.5129544313,229,3361,"Partisans","With Controls","Liberal Democratic Norms Index (0-1 factor score of 7 ANES items; higher = stronger liberal norm support)","No"
97,0.0974526424647067,1261.81950943377,268,3361,"Partisans","With Controls","Liberal Democratic Norms Index (0-1 factor score of 7 ANES items; higher = stronger liberal norm support)","No"
98,0.0853413384086722,1371.72883250222,293,3361,"Partisans","With Controls","Liberal Democratic Norms Index (0-1 factor score of 7 ANES items; higher = stronger liberal norm support)","No"
99,0.0168004190181377,1387.09958813612,291,3361,"Partisans","With Controls","Liberal Democratic Norms Index (0-1 factor score of 7 ANES items; higher = stronger liberal norm support)","No"
100,0.146591999848196,1304.40532388125,275,3361,"Partisans","With Controls","Liberal Democratic Norms Index (0-1 factor score of 7 ANES items; higher = stronger liberal norm support)","No"
1,-0.0110063050722196,1429.00208880841,185,1796,"Democrats","With Controls","Liberal Democratic Norms Index (0-1 factor score of 7 ANES items; higher = stronger liberal norm support)","No"
2,0.0125898685895234,1703.88228878179,231,1796,"Democrats","With Controls","Liberal Democratic Norms Index (0-1 factor score of 7 ANES items; higher = stronger liberal norm support)","No"
3,0.107180862488851,1250.53297985387,169,1796,"Democrats","With Controls","Liberal Democratic Norms Index (0-1 factor score of 7 ANES items; higher = stronger liberal norm support)","No"
4,0.168949883637743,1249.53092918833,171,1796,"Democrats","With Controls","Liberal Democratic Norms Index (0-1 factor score of 7 ANES items; higher = stronger liberal norm support)","No"
5,0.0153020539417408,1553.8937750636,208,1796,"Democrats","With Controls","Liberal Democratic Norms Index (0-1 factor score of 7 ANES items; higher = stronger liberal norm support)","No"
6,-0.0230375140981232,1340.20134498252,184,1796,"Democrats","With Controls","Liberal Democratic Norms Index (0-1 factor score of 7 ANES items; higher = stronger liberal norm support)","No"
7,0.0863483115610987,1501.99186561921,202,1796,"Democrats","With Controls","Liberal Democratic Norms Index (0-1 factor score of 7 ANES items; higher = stronger liberal norm support)","No"
8,0.261610165239626,852.207973178042,119,1796,"Democrats","With Controls","Liberal Democratic Norms Index (0-1 factor score of 7 ANES items; higher = stronger liberal norm support)","No"
9,-0.028404285573821,1357.24349198491,187,1796,"Democrats","With Controls","Liberal Democratic Norms Index (0-1 factor score of 7 ANES items; higher = stronger liberal norm support)","No"
10,0.0285433687987561,1195.83146406988,163,1796,"Democrats","With Controls","Liberal Democratic Norms Index (0-1 factor score of 7 ANES items; higher = stronger liberal norm support)","No"
11,-0.0699528316093815,1340.86123849901,179,1796,"Democrats","With Controls","Liberal Democratic Norms Index (0-1 factor score of 7 ANES items; higher = stronger liberal norm support)","No"
12,0.0536355788416523,1328.06007741478,182,1796,"Democrats","With Controls","Liberal Democratic Norms Index (0-1 factor score of 7 ANES items; higher = stronger liberal norm support)","No"
13,0.0146841489844594,1638.78129948446,222,1796,"Democrats","With Controls","Liberal Democratic Norms Index (0-1 factor score of 7 ANES items; higher = stronger liberal norm support)","No"
14,0.0681092533255589,1300.59139982006,169,1796,"Democrats","With Controls","Liberal Democratic Norms Index (0-1 factor score of 7 ANES items; higher = stronger liberal norm support)","No"
15,0.194961936042526,1053.91515308059,140,1796,"Democrats","With Controls","Liberal Democratic Norms Index (0-1 factor score of 7 ANES items; higher = stronger liberal norm support)","No"
16,0.0720002196783547,1072.35675434623,147,1796,"Democrats","With Controls","Liberal Democratic Norms Index (0-1 factor score of 7 ANES items; higher = stronger liberal norm support)","No"
17,0.0971178794721395,1321.1716312185,181,1796,"Democrats","With Controls","Liberal Democratic Norms Index (0-1 factor score of 7 ANES items; higher = stronger liberal norm support)","No"
18,-0.0201116239755494,1475.98090981324,199,1796,"Democrats","With Controls","Liberal Democratic Norms Index (0-1 factor score of 7 ANES items; higher = stronger liberal norm support)","No"
19,-0.0144750565669194,1200.07090342115,162,1796,"Democrats","With Controls","Liberal Democratic Norms Index (0-1 factor score of 7 ANES items; higher = stronger liberal norm support)","No"
20,0.023622213978943,1498.91613754128,204,1796,"Democrats","With Controls","Liberal Democratic Norms Index (0-1 factor score of 7 ANES items; higher = stronger liberal norm support)","No"
21,0.168158234117114,1261.54863859567,163,1796,"Democrats","With Controls","Liberal Democratic Norms Index (0-1 factor score of 7 ANES items; higher = stronger liberal norm support)","No"
22,0.0579494383698349,1410.5259017406,192,1796,"Democrats","With Controls","Liberal Democratic Norms Index (0-1 factor score of 7 ANES items; higher = stronger liberal norm support)","No"
23,-0.0106753143018468,1551.53172680451,206,1796,"Democrats","With Controls","Liberal Democratic Norms Index (0-1 factor score of 7 ANES items; higher = stronger liberal norm support)","No"
24,0.0238393269338161,1161.9882704141,155,1796,"Democrats","With Controls","Liberal Democratic Norms Index (0-1 factor score of 7 ANES items; higher = stronger liberal norm support)","No"
25,0.0511595726895065,1491.57677792113,200,1796,"Democrats","With Controls","Liberal Democratic Norms Index (0-1 factor score of 7 ANES items; higher = stronger liberal norm support)","No"
26,0.0654075901998539,1536.60642690636,211,1796,"Democrats","With Controls","Liberal Democratic Norms Index (0-1 factor score of 7 ANES items; higher = stronger liberal norm support)","No"
27,0.0432637916755519,1349.30991725508,177,1796,"Democrats","With Controls","Liberal Democratic Norms Index (0-1 factor score of 7 ANES items; higher = stronger liberal norm support)","No"
28,0.0803859227969914,1329.52886103903,175,1796,"Democrats","With Controls","Liberal Democratic Norms Index (0-1 factor score of 7 ANES items; higher = stronger liberal norm support)","No"
29,-0.0155422187734048,1598.60811142974,221,1796,"Democrats","With Controls","Liberal Democratic Norms Index (0-1 factor score of 7 ANES items; higher = stronger liberal norm support)","No"
30,-0.0255442576990493,1592.87642731275,216,1796,"Democrats","With Controls","Liberal Democratic Norms Index (0-1 factor score of 7 ANES items; higher = stronger liberal norm support)","No"
31,0.0752394086734155,1184.28373104582,160,1796,"Democrats","With Controls","Liberal Democratic Norms Index (0-1 factor score of 7 ANES items; higher = stronger liberal norm support)","No"
32,-0.139146738956687,1013.83486751209,133,1796,"Democrats","With Controls","Liberal Democratic Norms Index (0-1 factor score of 7 ANES items; higher = stronger liberal norm support)","No"
33,-0.00508550460640369,1355.17432198422,185,1796,"Democrats","With Controls","Liberal Democratic Norms Index (0-1 factor score of 7 ANES items; higher = stronger liberal norm support)","No"
34,0.0878023862283223,1153.87559544772,156,1796,"Democrats","With Controls","Liberal Democratic Norms Index (0-1 factor score of 7 ANES items; higher = stronger liberal norm support)","No"
35,0.2652750892612,816.313186754263,107,1796,"Democrats","With Controls","Liberal Democratic Norms Index (0-1 factor score of 7 ANES items; higher = stronger liberal norm support)","No"
36,0.0407349688385755,1587.54343663026,217,1796,"Democrats","With Controls","Liberal Democratic Norms Index (0-1 factor score of 7 ANES items; higher = stronger liberal norm support)","No"
37,0.148374995225428,1132.91597460911,152,1796,"Democrats","With Controls","Liberal Democratic Norms Index (0-1 factor score of 7 ANES items; higher = stronger liberal norm support)","No"
38,0.122569040183663,1296.01780358067,173,1796,"Democrats","With Controls","Liberal Democratic Norms Index (0-1 factor score of 7 ANES items; higher = stronger liberal norm support)","No"
39,0.273393614795484,802.210455875469,113,1796,"Democrats","With Controls","Liberal Democratic Norms Index (0-1 factor score of 7 ANES items; higher = stronger liberal norm support)","No"
40,-0.0426038248968416,1172.3581714189,155,1796,"Democrats","With Controls","Liberal Democratic Norms Index (0-1 factor score of 7 ANES items; higher = stronger liberal norm support)","No"
41,0.0345432719514344,1536.0469921429,214,1796,"Democrats","With Controls","Liberal Democratic Norms Index (0-1 factor score of 7 ANES items; higher = stronger liberal norm support)","No"
42,0.00124696821208595,1239.49883030439,170,1796,"Democrats","With Controls","Liberal Democratic Norms Index (0-1 factor score of 7 ANES items; higher = stronger liberal norm support)","No"
43,0.0659280956242015,1136.64039455633,149,1796,"Democrats","With Controls","Liberal Democratic Norms Index (0-1 factor score of 7 ANES items; higher = stronger liberal norm support)","No"
44,0.0315109709828595,1433.82033457125,192,1796,"Democrats","With Controls","Liberal Democratic Norms Index (0-1 factor score of 7 ANES items; higher = stronger liberal norm support)","No"
45,0.00497254427479735,1625.07459247905,217,1796,"Democrats","With Controls","Liberal Democratic Norms Index (0-1 factor score of 7 ANES items; higher = stronger liberal norm support)","No"
46,-0.0589388786366997,1042.95327638847,143,1796,"Democrats","With Controls","Liberal Democratic Norms Index (0-1 factor score of 7 ANES items; higher = stronger liberal norm support)","No"
47,0.0091651271845207,1193.65255997007,158,1796,"Democrats","With Controls","Liberal Democratic Norms Index (0-1 factor score of 7 ANES items; higher = stronger liberal norm support)","No"
48,-0.0339178633193125,1214.65448562352,160,1796,"Democrats","With Controls","Liberal Democratic Norms Index (0-1 factor score of 7 ANES items; higher = stronger liberal norm support)","No"
49,0.126535096694277,1322.49293737639,178,1796,"Democrats","With Controls","Liberal Democratic Norms Index (0-1 factor score of 7 ANES items; higher = stronger liberal norm support)","No"
50,0.143891717834986,1054.63426066734,143,1796,"Democrats","With Controls","Liberal Democratic Norms Index (0-1 factor score of 7 ANES items; higher = stronger liberal norm support)","No"
51,-0.0291929984125043,1619.29487766477,221,1796,"Democrats","With Controls","Liberal Democratic Norms Index (0-1 factor score of 7 ANES items; higher = stronger liberal norm support)","No"
52,0.023211792967123,1448.12050791367,199,1796,"Democrats","With Controls","Liberal Democratic Norms Index (0-1 factor score of 7 ANES items; higher = stronger liberal norm support)","No"
53,0.0521577362274352,1455.57424623942,198,1796,"Democrats","With Controls","Liberal Democratic Norms Index (0-1 factor score of 7 ANES items; higher = stronger liberal norm support)","No"
54,0.0954365669707056,1455.20091997797,197,1796,"Democrats","With Controls","Liberal Democratic Norms Index (0-1 factor score of 7 ANES items; higher = stronger liberal norm support)","No"
55,0.0146045239300362,1488.22670745348,199,1796,"Democrats","With Controls","Liberal Democratic Norms Index (0-1 factor score of 7 ANES items; higher = stronger liberal norm support)","No"
56,0.0779746474312618,1494.3105079386,196,1796,"Democrats","With Controls","Liberal Democratic Norms Index (0-1 factor score of 7 ANES items; higher = stronger liberal norm support)","No"
57,0.171976245695424,1061.52990399651,142,1796,"Democrats","With Controls","Liberal Democratic Norms Index (0-1 factor score of 7 ANES items; higher = stronger liberal norm support)","No"
58,-0.0392147294893602,1195.4471954675,155,1796,"Democrats","With Controls","Liberal Democratic Norms Index (0-1 factor score of 7 ANES items; higher = stronger liberal norm support)","No"
59,0.0564248579375336,1342.41247319809,178,1796,"Democrats","With Controls","Liberal Democratic Norms Index (0-1 factor score of 7 ANES items; higher = stronger liberal norm support)","No"
60,0.0814889426208927,1256.88661283633,172,1796,"Democrats","With Controls","Liberal Democratic Norms Index (0-1 factor score of 7 ANES items; higher = stronger liberal norm support)","No"
61,0.0314124896453651,1548.94078366858,206,1796,"Democrats","With Controls","Liberal Democratic Norms Index (0-1 factor score of 7 ANES items; higher = stronger liberal norm support)","No"
62,0.0447199862302789,1317.22564483143,176,1796,"Democrats","With Controls","Liberal Democratic Norms Index (0-1 factor score of 7 ANES items; higher = stronger liberal norm support)","No"
63,-0.0368893154121996,1321.80542420716,177,1796,"Democrats","With Controls","Liberal Democratic Norms Index (0-1 factor score of 7 ANES items; higher = stronger liberal norm support)","No"
64,0.0097066441812213,1620.41968670862,224,1796,"Democrats","With Controls","Liberal Democratic Norms Index (0-1 factor score of 7 ANES items; higher = stronger liberal norm support)","No"
65,0.0525074692441588,1182.63385190699,161,1796,"Democrats","With Controls","Liberal Democratic Norms Index (0-1 factor score of 7 ANES items; higher = stronger liberal norm support)","No"
66,0.134538493537625,1231.88089516967,168,1796,"Democrats","With Controls","Liberal Democratic Norms Index (0-1 factor score of 7 ANES items; higher = stronger liberal norm support)","No"
67,0.0267050137564862,1356.7126103565,186,1796,"Democrats","With Controls","Liberal Democratic Norms Index (0-1 factor score of 7 ANES items; higher = stronger liberal norm support)","No"
68,-0.00379571231131486,1310.50650824733,175,1796,"Democrats","With Controls","Liberal Democratic Norms Index (0-1 factor score of 7 ANES items; higher = stronger liberal norm support)","No"
69,0.021684673045832,1630.89049818344,224,1796,"Democrats","With Controls","Liberal Democratic Norms Index (0-1 factor score of 7 ANES items; higher = stronger liberal norm support)","No"
70,0.0688791043817739,1338.54205252254,181,1796,"Democrats","With Controls","Liberal Democratic Norms Index (0-1 factor score of 7 ANES items; higher = stronger liberal norm support)","No"
71,0.0947137022965063,1166.59618022537,154,1796,"Democrats","With Controls","Liberal Democratic Norms Index (0-1 factor score of 7 ANES items; higher = stronger liberal norm support)","No"
72,0.0502245065697535,1035.94578911361,138,1796,"Democrats","With Controls","Liberal Democratic Norms Index (0-1 factor score of 7 ANES items; higher = stronger liberal norm support)","No"
73,-0.106518933385852,1128.66222609083,154,1796,"Democrats","With Controls","Liberal Democratic Norms Index (0-1 factor score of 7 ANES items; higher = stronger liberal norm support)","No"
74,0.039975222237742,1376.6793765834,187,1796,"Democrats","With Controls","Liberal Democratic Norms Index (0-1 factor score of 7 ANES items; higher = stronger liberal norm support)","No"
75,0.02445225980291,1609.45128325144,219,1796,"Democrats","With Controls","Liberal Democratic Norms Index (0-1 factor score of 7 ANES items; higher = stronger liberal norm support)","No"
76,0.0192552801907871,1313.78394530513,182,1796,"Democrats","With Controls","Liberal Democratic Norms Index (0-1 factor score of 7 ANES items; higher = stronger liberal norm support)","No"
77,-0.0387462617289071,1244.10753152276,161,1796,"Democrats","With Controls","Liberal Democratic Norms Index (0-1 factor score of 7 ANES items; higher = stronger liberal norm support)","No"
78,0.0801499565814306,1542.7495688108,209,1796,"Democrats","With Controls","Liberal Democratic Norms Index (0-1 factor score of 7 ANES items; higher = stronger liberal norm support)","No"
79,0.111675079347551,1278.29786983938,164,1796,"Democrats","With Controls","Liberal Democratic Norms Index (0-1 factor score of 7 ANES items; higher = stronger liberal norm support)","No"
80,-0.0596508001332939,904.712573262812,128,1796,"Democrats","With Controls","Liberal Democratic Norms Index (0-1 factor score of 7 ANES items; higher = stronger liberal norm support)","No"
81,0.155314307669189,1132.16966560534,151,1796,"Democrats","With Controls","Liberal Democratic Norms Index (0-1 factor score of 7 ANES items; higher = stronger liberal norm support)","No"
82,-0.0168278731644405,1031.05558130132,135,1796,"Democrats","With Controls","Liberal Democratic Norms Index (0-1 factor score of 7 ANES items; higher = stronger liberal norm support)","No"
83,0.119393430528351,1354.69961057073,181,1796,"Democrats","With Controls","Liberal Democratic Norms Index (0-1 factor score of 7 ANES items; higher = stronger liberal norm support)","No"
84,-0.0195750627645329,1340.85951335538,178,1796,"Democrats","With Controls","Liberal Democratic Norms Index (0-1 factor score of 7 ANES items; higher = stronger liberal norm support)","No"
85,0.0800771266259561,1501.20281199715,203,1796,"Democrats","With Controls","Liberal Democratic Norms Index (0-1 factor score of 7 ANES items; higher = stronger liberal norm support)","No"
86,-0.00250328170799686,1306.60803140699,172,1796,"Democrats","With Controls","Liberal Democratic Norms Index (0-1 factor score of 7 ANES items; higher = stronger liberal norm support)","No"
87,-0.00668348397508211,1149.51218398019,151,1796,"Democrats","With Controls","Liberal Democratic Norms Index (0-1 factor score of 7 ANES items; higher = stronger liberal norm support)","No"
88,0.153113085138667,1026.63552590626,135,1796,"Democrats","With Controls","Liberal Democratic Norms Index (0-1 factor score of 7 ANES items; higher = stronger liberal norm support)","No"
89,0.0466495746089779,1350.75081711023,179,1796,"Democrats","With Controls","Liberal Democratic Norms Index (0-1 factor score of 7 ANES items; higher = stronger liberal norm support)","No"
90,0.0797128459897499,1231.18480437838,163,1796,"Democrats","With Controls","Liberal Democratic Norms Index (0-1 factor score of 7 ANES items; higher = stronger liberal norm support)","No"
91,-0.122573793294763,1032.87278880589,136,1796,"Democrats","With Controls","Liberal Democratic Norms Index (0-1 factor score of 7 ANES items; higher = stronger liberal norm support)","No"
92,0.0665087260535532,1400.03312524872,192,1796,"Democrats","With Controls","Liberal Democratic Norms Index (0-1 factor score of 7 ANES items; higher = stronger liberal norm support)","No"
93,0.0212035176402729,1426.41646514693,192,1796,"Democrats","With Controls","Liberal Democratic Norms Index (0-1 factor score of 7 ANES items; higher = stronger liberal norm support)","No"
94,0.0844466114153765,1466.58079722467,195,1796,"Democrats","With Controls","Liberal Democratic Norms Index (0-1 factor score of 7 ANES items; higher = stronger liberal norm support)","No"
95,0.122751116297389,1226.02400748991,169,1796,"Democrats","With Controls","Liberal Democratic Norms Index (0-1 factor score of 7 ANES items; higher = stronger liberal norm support)","No"
96,0.106188790749301,1166.92395604145,155,1796,"Democrats","With Controls","Liberal Democratic Norms Index (0-1 factor score of 7 ANES items; higher = stronger liberal norm support)","No"
97,-0.0713289710896796,1055.98212415403,140,1796,"Democrats","With Controls","Liberal Democratic Norms Index (0-1 factor score of 7 ANES items; higher = stronger liberal norm support)","No"
98,0.0303783298582415,1593.53631263555,217,1796,"Democrats","With Controls","Liberal Democratic Norms Index (0-1 factor score of 7 ANES items; higher = stronger liberal norm support)","No"
99,0.04174434683511,1545.11921305239,205,1796,"Democrats","With Controls","Liberal Democratic Norms Index (0-1 factor score of 7 ANES items; higher = stronger liberal norm support)","No"
100,-0.108068750448259,1080.14425393767,148,1796,"Democrats","With Controls","Liberal Democratic Norms Index (0-1 factor score of 7 ANES items; higher = stronger liberal norm support)","No"
1,-0.019108997580505,795.970378476475,69,1565,"Republicans","With Controls","Liberal Democratic Norms Index (0-1 factor score of 7 ANES items; higher = stronger liberal norm support)","No"
2,0.15886854379665,1428.12545250986,110,1565,"Republicans","With Controls","Liberal Democratic Norms Index (0-1 factor score of 7 ANES items; higher = stronger liberal norm support)","No"
3,0.128390938867481,1409.24049875108,108,1565,"Republicans","With Controls","Liberal Democratic Norms Index (0-1 factor score of 7 ANES items; higher = stronger liberal norm support)","No"
4,0.0353014550182707,1134.0901063412,88,1565,"Republicans","With Controls","Liberal Democratic Norms Index (0-1 factor score of 7 ANES items; higher = stronger liberal norm support)","No"
5,0.0900156536260034,1075.20149502507,85,1565,"Republicans","With Controls","Liberal Democratic Norms Index (0-1 factor score of 7 ANES items; higher = stronger liberal norm support)","No"
6,0.0369983385122856,823.126497967476,65,1565,"Republicans","With Controls","Liberal Democratic Norms Index (0-1 factor score of 7 ANES items; higher = stronger liberal norm support)","No"
7,0.195917336059278,1451.78446968753,110,1565,"Republicans","With Controls","Liberal Democratic Norms Index (0-1 factor score of 7 ANES items; higher = stronger liberal norm support)","No"
8,-0.0595599467345816,817.442828584686,68,1565,"Republicans","With Controls","Liberal Democratic Norms Index (0-1 factor score of 7 ANES items; higher = stronger liberal norm support)","No"
9,0.159351111350457,1598.34342424222,121,1565,"Republicans","With Controls","Liberal Democratic Norms Index (0-1 factor score of 7 ANES items; higher = stronger liberal norm support)","No"
10,0.171805689824057,1491.15310263105,110,1565,"Republicans","With Controls","Liberal Democratic Norms Index (0-1 factor score of 7 ANES items; higher = stronger liberal norm support)","No"
11,0.120310315920407,1311.95246263001,103,1565,"Republicans","With Controls","Liberal Democratic Norms Index (0-1 factor score of 7 ANES items; higher = stronger liberal norm support)","No"
12,0.0831780949271851,1239.18697400933,97,1565,"Republicans","With Controls","Liberal Democratic Norms Index (0-1 factor score of 7 ANES items; higher = stronger liberal norm support)","No"
13,0.000467618038131427,779.650643085274,63,1565,"Republicans","With Controls","Liberal Democratic Norms Index (0-1 factor score of 7 ANES items; higher = stronger liberal norm support)","No"
14,0.20067941064289,1587.28020849844,127,1565,"Republicans","With Controls","Liberal Democratic Norms Index (0-1 factor score of 7 ANES items; higher = stronger liberal norm support)","No"
15,0.0776157541581231,1105.76688708859,89,1565,"Republicans","With Controls","Liberal Democratic Norms Index (0-1 factor score of 7 ANES items; higher = stronger liberal norm support)","No"
16,0.0292030814916834,959.444864348578,75,1565,"Republicans","With Controls","Liberal Democratic Norms Index (0-1 factor score of 7 ANES items; higher = stronger liberal norm support)","No"
17,0.0867873386576807,1061.35546341961,87,1565,"Republicans","With Controls","Liberal Democratic Norms Index (0-1 factor score of 7 ANES items; higher = stronger liberal norm support)","No"
18,0.0797791539322628,945.710405752966,78,1565,"Republicans","With Controls","Liberal Democratic Norms Index (0-1 factor score of 7 ANES items; higher = stronger liberal norm support)","No"
19,0.148807105604928,1668.28526905475,131,1565,"Republicans","With Controls","Liberal Democratic Norms Index (0-1 factor score of 7 ANES items; higher = stronger liberal norm support)","No"
20,0.00955902881725116,945.373336071286,79,1565,"Republicans","With Controls","Liberal Democratic Norms Index (0-1 factor score of 7 ANES items; higher = stronger liberal norm support)","No"
21,0.112286884447811,1485.84312057928,116,1565,"Republicans","With Controls","Liberal Democratic Norms Index (0-1 factor score of 7 ANES items; higher = stronger liberal norm support)","No"
22,0.0755203110653006,1301.56636340999,101,1565,"Republicans","With Controls","Liberal Democratic Norms Index (0-1 factor score of 7 ANES items; higher = stronger liberal norm support)","No"
23,0.100690084359311,1560.51027323712,120,1565,"Republicans","With Controls","Liberal Democratic Norms Index (0-1 factor score of 7 ANES items; higher = stronger liberal norm support)","No"
24,-0.0323745485779564,625.837068561785,48,1565,"Republicans","With Controls","Liberal Democratic Norms Index (0-1 factor score of 7 ANES items; higher = stronger liberal norm support)","No"
25,0.0449223622030744,1033.61912912927,85,1565,"Republicans","With Controls","Liberal Democratic Norms Index (0-1 factor score of 7 ANES items; higher = stronger liberal norm support)","No"
26,0.0746622660147658,911.040464888826,76,1565,"Republicans","With Controls","Liberal Democratic Norms Index (0-1 factor score of 7 ANES items; higher = stronger liberal norm support)","No"
27,0.0554061690360443,982.018245323181,79,1565,"Republicans","With Controls","Liberal Democratic Norms Index (0-1 factor score of 7 ANES items; higher = stronger liberal norm support)","No"
28,0.132281655176019,1401.05051073277,106,1565,"Republicans","With Controls","Liberal Democratic Norms Index (0-1 factor score of 7 ANES items; higher = stronger liberal norm support)","No"
29,0.144694770189441,1436.32804688506,110,1565,"Republicans","With Controls","Liberal Democratic Norms Index (0-1 factor score of 7 ANES items; higher = stronger liberal norm support)","No"
30,-0.0387430501318815,728.86656638407,61,1565,"Republicans","With Controls","Liberal Democratic Norms Index (0-1 factor score of 7 ANES items; higher = stronger liberal norm support)","No"
31,0.112571600182314,1005.97663484352,82,1565,"Republicans","With Controls","Liberal Democratic Norms Index (0-1 factor score of 7 ANES items; higher = stronger liberal norm support)","No"
32,0.0384516211733302,981.985027499663,77,1565,"Republicans","With Controls","Liberal Democratic Norms Index (0-1 factor score of 7 ANES items; higher = stronger liberal norm support)","No"
33,0.03941611299868,933.724610500431,79,1565,"Republicans","With Controls","Liberal Democratic Norms Index (0-1 factor score of 7 ANES items; higher = stronger liberal norm support)","No"
34,0.131067361393115,1659.98467500673,135,1565,"Republicans","With Controls","Liberal Democratic Norms Index (0-1 factor score of 7 ANES items; higher = stronger liberal norm support)","No"
35,0.105925407265536,1147.73937545483,92,1565,"Republicans","With Controls","Liberal Democratic Norms Index (0-1 factor score of 7 ANES items; higher = stronger liberal norm support)","No"
36,0.073482421920082,1187.24001888841,91,1565,"Republicans","With Controls","Liberal Democratic Norms Index (0-1 factor score of 7 ANES items; higher = stronger liberal norm support)","No"
37,0.117017387946147,1497.65820527711,114,1565,"Republicans","With Controls","Liberal Democratic Norms Index (0-1 factor score of 7 ANES items; higher = stronger liberal norm support)","No"
38,0.19856373678649,1424.85492967195,110,1565,"Republicans","With Controls","Liberal Democratic Norms Index (0-1 factor score of 7 ANES items; higher = stronger liberal norm support)","No"
39,0.066402682968639,1029.20968954845,83,1565,"Republicans","With Controls","Liberal Democratic Norms Index (0-1 factor score of 7 ANES items; higher = stronger liberal norm support)","No"
40,-0.071046058077552,856.947180942095,73,1565,"Republicans","With Controls","Liberal Democratic Norms Index (0-1 factor score of 7 ANES items; higher = stronger liberal norm support)","No"
41,0.238499705222769,1206.57207605278,93,1565,"Republicans","With Controls","Liberal Democratic Norms Index (0-1 factor score of 7 ANES items; higher = stronger liberal norm support)","No"
42,0.0446571099206243,1042.94204720228,83,1565,"Republicans","With Controls","Liberal Democratic Norms Index (0-1 factor score of 7 ANES items; higher = stronger liberal norm support)","No"
43,0.066971362560873,1119.3883716396,88,1565,"Republicans","With Controls","Liberal Democratic Norms Index (0-1 factor score of 7 ANES items; higher = stronger liberal norm support)","No"
44,0.205103957378188,1396.57999962305,105,1565,"Republicans","With Controls","Liberal Democratic Norms Index (0-1 factor score of 7 ANES items; higher = stronger liberal norm support)","No"
45,-0.0316628504451989,788.728026811063,65,1565,"Republicans","With Controls","Liberal Democratic Norms Index (0-1 factor score of 7 ANES items; higher = stronger liberal norm support)","No"
46,0.185713136771422,1502.57383557776,119,1565,"Republicans","With Controls","Liberal Democratic Norms Index (0-1 factor score of 7 ANES items; higher = stronger liberal norm support)","No"
47,0.143678362664493,1195.66539468622,97,1565,"Republicans","With Controls","Liberal Democratic Norms Index (0-1 factor score of 7 ANES items; higher = stronger liberal norm support)","No"
48,0.0671558876696968,1271.41603526867,103,1565,"Republicans","With Controls","Liberal Democratic Norms Index (0-1 factor score of 7 ANES items; higher = stronger liberal norm support)","No"
49,0.144149024916628,1575.48055865697,120,1565,"Republicans","With Controls","Liberal Democratic Norms Index (0-1 factor score of 7 ANES items; higher = stronger liberal norm support)","No"
50,0.0785794940645802,886.602718118169,77,1565,"Republicans","With Controls","Liberal Democratic Norms Index (0-1 factor score of 7 ANES items; higher = stronger liberal norm support)","No"
51,0.0575118941365214,878.7965306083,76,1565,"Republicans","With Controls","Liberal Democratic Norms Index (0-1 factor score of 7 ANES items; higher = stronger liberal norm support)","No"
52,0.0598384883468153,1143.90177438147,89,1565,"Republicans","With Controls","Liberal Democratic Norms Index (0-1 factor score of 7 ANES items; higher = stronger liberal norm support)","No"
53,0.189061527341129,1599.75621040565,128,1565,"Republicans","With Controls","Liberal Democratic Norms Index (0-1 factor score of 7 ANES items; higher = stronger liberal norm support)","No"
54,0.102192430165538,1327.89942881817,103,1565,"Republicans","With Controls","Liberal Democratic Norms Index (0-1 factor score of 7 ANES items; higher = stronger liberal norm support)","No"
55,0.1793393766667,1495.93047010335,115,1565,"Republicans","With Controls","Liberal Democratic Norms Index (0-1 factor score of 7 ANES items; higher = stronger liberal norm support)","No"
56,0.224022342549424,1256.71540653358,97,1565,"Republicans","With Controls","Liberal Democratic Norms Index (0-1 factor score of 7 ANES items; higher = stronger liberal norm support)","No"
57,0.145717272186351,1150.09807420021,88,1565,"Republicans","With Controls","Liberal Democratic Norms Index (0-1 factor score of 7 ANES items; higher = stronger liberal norm support)","No"
58,0.0529370601736213,871.126470242901,72,1565,"Republicans","With Controls","Liberal Democratic Norms Index (0-1 factor score of 7 ANES items; higher = stronger liberal norm support)","No"
59,-0.0636353662355447,773.369312963086,67,1565,"Republicans","With Controls","Liberal Democratic Norms Index (0-1 factor score of 7 ANES items; higher = stronger liberal norm support)","No"
60,-0.018396000498834,752.765139016485,62,1565,"Republicans","With Controls","Liberal Democratic Norms Index (0-1 factor score of 7 ANES items; higher = stronger liberal norm support)","No"
61,0.18171203494099,1502.92624417003,115,1565,"Republicans","With Controls","Liberal Democratic Norms Index (0-1 factor score of 7 ANES items; higher = stronger liberal norm support)","No"
62,0.136509514410607,1552.29098222456,124,1565,"Republicans","With Controls","Liberal Democratic Norms Index (0-1 factor score of 7 ANES items; higher = stronger liberal norm support)","No"
63,0.121127476466705,1606.42697181351,128,1565,"Republicans","With Controls","Liberal Democratic Norms Index (0-1 factor score of 7 ANES items; higher = stronger liberal norm support)","No"
64,0.234072653599597,1380.87452811146,103,1565,"Republicans","With Controls","Liberal Democratic Norms Index (0-1 factor score of 7 ANES items; higher = stronger liberal norm support)","No"
65,0.129357702931539,1533.41371010606,120,1565,"Republicans","With Controls","Liberal Democratic Norms Index (0-1 factor score of 7 ANES items; higher = stronger liberal norm support)","No"
66,0.142575065651861,1308.78027031745,100,1565,"Republicans","With Controls","Liberal Democratic Norms Index (0-1 factor score of 7 ANES items; higher = stronger liberal norm support)","No"
67,0.129377774810751,1331.74340583422,97,1565,"Republicans","With Controls","Liberal Democratic Norms Index (0-1 factor score of 7 ANES items; higher = stronger liberal norm support)","No"
68,0.10687590903689,1075.36901864003,87,1565,"Republicans","With Controls","Liberal Democratic Norms Index (0-1 factor score of 7 ANES items; higher = stronger liberal norm support)","No"
69,0.17549331175492,1407.45337280226,107,1565,"Republicans","With Controls","Liberal Democratic Norms Index (0-1 factor score of 7 ANES items; higher = stronger liberal norm support)","No"
70,0.104301087009943,1165.10430871234,90,1565,"Republicans","With Controls","Liberal Democratic Norms Index (0-1 factor score of 7 ANES items; higher = stronger liberal norm support)","No"
71,-0.0720789237781475,654.173398971129,55,1565,"Republicans","With Controls","Liberal Democratic Norms Index (0-1 factor score of 7 ANES items; higher = stronger liberal norm support)","No"
72,-0.0680713611952763,738.764575847919,66,1565,"Republicans","With Controls","Liberal Democratic Norms Index (0-1 factor score of 7 ANES items; higher = stronger liberal norm support)","No"
73,0.0178706857550759,1020.67094722688,83,1565,"Republicans","With Controls","Liberal Democratic Norms Index (0-1 factor score of 7 ANES items; higher = stronger liberal norm support)","No"
74,0.187873799946091,1615.43980446012,130,1565,"Republicans","With Controls","Liberal Democratic Norms Index (0-1 factor score of 7 ANES items; higher = stronger liberal norm support)","No"
75,0.0392286806071346,1111.80473812927,86,1565,"Republicans","With Controls","Liberal Democratic Norms Index (0-1 factor score of 7 ANES items; higher = stronger liberal norm support)","No"
76,0.162089788008609,1246.3318214119,93,1565,"Republicans","With Controls","Liberal Democratic Norms Index (0-1 factor score of 7 ANES items; higher = stronger liberal norm support)","No"
77,0.100272251228436,1209.67080934652,90,1565,"Republicans","With Controls","Liberal Democratic Norms Index (0-1 factor score of 7 ANES items; higher = stronger liberal norm support)","No"
78,0.0841978062496757,768.062620275165,63,1565,"Republicans","With Controls","Liberal Democratic Norms Index (0-1 factor score of 7 ANES items; higher = stronger liberal norm support)","No"
79,0.0160628141095658,929.487047252322,77,1565,"Republicans","With Controls","Liberal Democratic Norms Index (0-1 factor score of 7 ANES items; higher = stronger liberal norm support)","No"
80,0.103336255751117,1103.69391168424,86,1565,"Republicans","With Controls","Liberal Democratic Norms Index (0-1 factor score of 7 ANES items; higher = stronger liberal norm support)","No"
81,0.0454243389455864,927.798328503369,72,1565,"Republicans","With Controls","Liberal Democratic Norms Index (0-1 factor score of 7 ANES items; higher = stronger liberal norm support)","No"
82,0.128687879894534,1495.49502016717,112,1565,"Republicans","With Controls","Liberal Democratic Norms Index (0-1 factor score of 7 ANES items; higher = stronger liberal norm support)","No"
83,0.105018076056272,1149.29750352488,89,1565,"Republicans","With Controls","Liberal Democratic Norms Index (0-1 factor score of 7 ANES items; higher = stronger liberal norm support)","No"
84,0.110141628269575,969.204142151171,80,1565,"Republicans","With Controls","Liberal Democratic Norms Index (0-1 factor score of 7 ANES items; higher = stronger liberal norm support)","No"
85,-0.00921917168791551,780.25009399908,72,1565,"Republicans","With Controls","Liberal Democratic Norms Index (0-1 factor score of 7 ANES items; higher = stronger liberal norm support)","No"
86,0.16331989438411,1476.5540248871,115,1565,"Republicans","With Controls","Liberal Democratic Norms Index (0-1 factor score of 7 ANES items; higher = stronger liberal norm support)","No"
87,0.0273321280747129,947.752790405556,74,1565,"Republicans","With Controls","Liberal Democratic Norms Index (0-1 factor score of 7 ANES items; higher = stronger liberal norm support)","No"
88,0.0917735908237483,1266.29095599299,98,1565,"Republicans","With Controls","Liberal Democratic Norms Index (0-1 factor score of 7 ANES items; higher = stronger liberal norm support)","No"
89,0.0761660044445166,902.624228335606,77,1565,"Republicans","With Controls","Liberal Democratic Norms Index (0-1 factor score of 7 ANES items; higher = stronger liberal norm support)","No"
90,0.0373000426410854,871.695960047834,74,1565,"Republicans","With Controls","Liberal Democratic Norms Index (0-1 factor score of 7 ANES items; higher = stronger liberal norm support)","No"
91,-0.004767228100675,954.924004693351,79,1565,"Republicans","With Controls","Liberal Democratic Norms Index (0-1 factor score of 7 ANES items; higher = stronger liberal norm support)","No"
92,0.0948183784419983,1225.40499295561,95,1565,"Republicans","With Controls","Liberal Democratic Norms Index (0-1 factor score of 7 ANES items; higher = stronger liberal norm support)","No"
93,0.182606514952269,1303.06323032061,103,1565,"Republicans","With Controls","Liberal Democratic Norms Index (0-1 factor score of 7 ANES items; higher = stronger liberal norm support)","No"
94,0.149554392504635,1420.01072801108,108,1565,"Republicans","With Controls","Liberal Democratic Norms Index (0-1 factor score of 7 ANES items; higher = stronger liberal norm support)","No"
95,0.0516155507308611,948.85303033914,78,1565,"Republicans","With Controls","Liberal Democratic Norms Index (0-1 factor score of 7 ANES items; higher = stronger liberal norm support)","No"
96,0.164507585667984,1092.1653989996,88,1565,"Republicans","With Controls","Liberal Democratic Norms Index (0-1 factor score of 7 ANES items; higher = stronger liberal norm support)","No"
97,0.0245594495518381,797.2638558998,67,1565,"Republicans","With Controls","Liberal Democratic Norms Index (0-1 factor score of 7 ANES items; higher = stronger liberal norm support)","No"
98,0.0378700348937927,921.908877461084,73,1565,"Republicans","With Controls","Liberal Democratic Norms Index (0-1 factor score of 7 ANES items; higher = stronger liberal norm support)","No"
99,0.203291137682855,1213.23722067863,93,1565,"Republicans","With Controls","Liberal Democratic Norms Index (0-1 factor score of 7 ANES items; higher = stronger liberal norm support)","No"
100,0.15085093735714,1513.64758957403,114,1565,"Republicans","With Controls","Liberal Democratic Norms Index (0-1 factor score of 7 ANES items; higher = stronger liberal norm support)","No"
1,0.118210917684308,1258.96379259635,215,2869,"Expect In-Party Win","With Controls","Liberal Democratic Norms Index (0-1 factor score of 7 ANES items; higher = stronger liberal norm support)","No"
2,0.0433519528153568,1023.16202778072,173,2869,"Expect In-Party Win","With Controls","Liberal Democratic Norms Index (0-1 factor score of 7 ANES items; higher = stronger liberal norm support)","No"
3,0.172024338364292,869.173137037995,155,2869,"Expect In-Party Win","With Controls","Liberal Democratic Norms Index (0-1 factor score of 7 ANES items; higher = stronger liberal norm support)","No"
4,0.112141888709887,1335.02305804903,224,2869,"Expect In-Party Win","With Controls","Liberal Democratic Norms Index (0-1 factor score of 7 ANES items; higher = stronger liberal norm support)","No"
5,0.0792358300957192,1038.02343539723,175,2869,"Expect In-Party Win","With Controls","Liberal Democratic Norms Index (0-1 factor score of 7 ANES items; higher = stronger liberal norm support)","No"
6,0.165386572442239,1026.22206026066,175,2869,"Expect In-Party Win","With Controls","Liberal Democratic Norms Index (0-1 factor score of 7 ANES items; higher = stronger liberal norm support)","No"
7,0.130745002583006,1176.9318880101,199,2869,"Expect In-Party Win","With Controls","Liberal Democratic Norms Index (0-1 factor score of 7 ANES items; higher = stronger liberal norm support)","No"
8,0.0771525932858421,1201.55803271575,201,2869,"Expect In-Party Win","With Controls","Liberal Democratic Norms Index (0-1 factor score of 7 ANES items; higher = stronger liberal norm support)","No"
9,0.0420711062999662,1096.20731266567,186,2869,"Expect In-Party Win","With Controls","Liberal Democratic Norms Index (0-1 factor score of 7 ANES items; higher = stronger liberal norm support)","No"
10,0.0698142667906755,1482.85563084724,249,2869,"Expect In-Party Win","With Controls","Liberal Democratic Norms Index (0-1 factor score of 7 ANES items; higher = stronger liberal norm support)","No"
11,0.164276923379025,925.131636291948,162,2869,"Expect In-Party Win","With Controls","Liberal Democratic Norms Index (0-1 factor score of 7 ANES items; higher = stronger liberal norm support)","No"
12,0.145085874640909,1081.6605706416,183,2869,"Expect In-Party Win","With Controls","Liberal Democratic Norms Index (0-1 factor score of 7 ANES items; higher = stronger liberal norm support)","No"
13,0.125550080217617,1207.75963555605,203,2869,"Expect In-Party Win","With Controls","Liberal Democratic Norms Index (0-1 factor score of 7 ANES items; higher = stronger liberal norm support)","No"
14,0.0980108664345635,1186.48200097984,204,2869,"Expect In-Party Win","With Controls","Liberal Democratic Norms Index (0-1 factor score of 7 ANES items; higher = stronger liberal norm support)","No"
15,0.123677600767422,1200.82780669611,205,2869,"Expect In-Party Win","With Controls","Liberal Democratic Norms Index (0-1 factor score of 7 ANES items; higher = stronger liberal norm support)","No"
16,0.0634839560546082,1064.5556793526,183,2869,"Expect In-Party Win","With Controls","Liberal Democratic Norms Index (0-1 factor score of 7 ANES items; higher = stronger liberal norm support)","No"
17,0.106515325785392,1266.97822467825,213,2869,"Expect In-Party Win","With Controls","Liberal Democratic Norms Index (0-1 factor score of 7 ANES items; higher = stronger liberal norm support)","No"
18,0.185568508639406,944.444557247833,172,2869,"Expect In-Party Win","With Controls","Liberal Democratic Norms Index (0-1 factor score of 7 ANES items; higher = stronger liberal norm support)","No"
19,0.121812833627827,1271.03922520591,213,2869,"Expect In-Party Win","With Controls","Liberal Democratic Norms Index (0-1 factor score of 7 ANES items; higher = stronger liberal norm support)","No"
20,0.0923866571928577,1089.13036318941,187,2869,"Expect In-Party Win","With Controls","Liberal Democratic Norms Index (0-1 factor score of 7 ANES items; higher = stronger liberal norm support)","No"
21,0.221699396722577,762.827334168811,143,2869,"Expect In-Party Win","With Controls","Liberal Democratic Norms Index (0-1 factor score of 7 ANES items; higher = stronger liberal norm support)","No"
22,0.11385400003282,1189.9023271617,199,2869,"Expect In-Party Win","With Controls","Liberal Democratic Norms Index (0-1 factor score of 7 ANES items; higher = stronger liberal norm support)","No"
23,0.146188085321199,1183.16692819398,202,2869,"Expect In-Party Win","With Controls","Liberal Democratic Norms Index (0-1 factor score of 7 ANES items; higher = stronger liberal norm support)","No"
24,0.0616425333972924,1325.98057666903,223,2869,"Expect In-Party Win","With Controls","Liberal Democratic Norms Index (0-1 factor score of 7 ANES items; higher = stronger liberal norm support)","No"
25,0.0796207884524484,1263.10071885409,215,2869,"Expect In-Party Win","With Controls","Liberal Democratic Norms Index (0-1 factor score of 7 ANES items; higher = stronger liberal norm support)","No"
26,0.0983813178967168,1448.49792490128,246,2869,"Expect In-Party Win","With Controls","Liberal Democratic Norms Index (0-1 factor score of 7 ANES items; higher = stronger liberal norm support)","No"
27,0.0426590505667588,1129.36278404823,194,2869,"Expect In-Party Win","With Controls","Liberal Democratic Norms Index (0-1 factor score of 7 ANES items; higher = stronger liberal norm support)","No"
28,0.0917067562387825,1334.34945160611,225,2869,"Expect In-Party Win","With Controls","Liberal Democratic Norms Index (0-1 factor score of 7 ANES items; higher = stronger liberal norm support)","No"
29,0.0049616654515314,842.472407307413,145,2869,"Expect In-Party Win","With Controls","Liberal Democratic Norms Index (0-1 factor score of 7 ANES items; higher = stronger liberal norm support)","No"
30,0.0803407674905478,1359.89617433281,235,2869,"Expect In-Party Win","With Controls","Liberal Democratic Norms Index (0-1 factor score of 7 ANES items; higher = stronger liberal norm support)","No"
31,0.0502265778910883,1075.75711954648,182,2869,"Expect In-Party Win","With Controls","Liberal Democratic Norms Index (0-1 factor score of 7 ANES items; higher = stronger liberal norm support)","No"
32,0.11485271896411,1261.93184687,214,2869,"Expect In-Party Win","With Controls","Liberal Democratic Norms Index (0-1 factor score of 7 ANES items; higher = stronger liberal norm support)","No"
33,0.187519610709948,983.412476364489,172,2869,"Expect In-Party Win","With Controls","Liberal Democratic Norms Index (0-1 factor score of 7 ANES items; higher = stronger liberal norm support)","No"
34,0.148203260762826,1131.80304982607,195,2869,"Expect In-Party Win","With Controls","Liberal Democratic Norms Index (0-1 factor score of 7 ANES items; higher = stronger liberal norm support)","No"
35,0.0528750357801033,1367.06014178661,231,2869,"Expect In-Party Win","With Controls","Liberal Democratic Norms Index (0-1 factor score of 7 ANES items; higher = stronger liberal norm support)","No"
36,0.054813596106653,1149.91040627128,193,2869,"Expect In-Party Win","With Controls","Liberal Democratic Norms Index (0-1 factor score of 7 ANES items; higher = stronger liberal norm support)","No"
37,0.0693848077367175,1318.69628921304,226,2869,"Expect In-Party Win","With Controls","Liberal Democratic Norms Index (0-1 factor score of 7 ANES items; higher = stronger liberal norm support)","No"
38,0.0731580793492243,1050.11707126167,178,2869,"Expect In-Party Win","With Controls","Liberal Democratic Norms Index (0-1 factor score of 7 ANES items; higher = stronger liberal norm support)","No"
39,0.081942526292043,1481.37432247796,251,2869,"Expect In-Party Win","With Controls","Liberal Democratic Norms Index (0-1 factor score of 7 ANES items; higher = stronger liberal norm support)","No"
40,0.126050385796728,1122.40945150675,191,2869,"Expect In-Party Win","With Controls","Liberal Democratic Norms Index (0-1 factor score of 7 ANES items; higher = stronger liberal norm support)","No"
41,0.0994718988891644,1210.92187062736,202,2869,"Expect In-Party Win","With Controls","Liberal Democratic Norms Index (0-1 factor score of 7 ANES items; higher = stronger liberal norm support)","No"
42,0.0474385439929949,1230.19729235427,213,2869,"Expect In-Party Win","With Controls","Liberal Democratic Norms Index (0-1 factor score of 7 ANES items; higher = stronger liberal norm support)","No"
43,0.0696516248266991,1014.00290316274,173,2869,"Expect In-Party Win","With Controls","Liberal Democratic Norms Index (0-1 factor score of 7 ANES items; higher = stronger liberal norm support)","No"
44,0.200164558148368,880.807816850857,153,2869,"Expect In-Party Win","With Controls","Liberal Democratic Norms Index (0-1 factor score of 7 ANES items; higher = stronger liberal norm support)","No"
45,0.180515431283632,848.2137703683,151,2869,"Expect In-Party Win","With Controls","Liberal Democratic Norms Index (0-1 factor score of 7 ANES items; higher = stronger liberal norm support)","No"
46,0.110106650664131,1334.714618928,222,2869,"Expect In-Party Win","With Controls","Liberal Democratic Norms Index (0-1 factor score of 7 ANES items; higher = stronger liberal norm support)","No"
47,0.151804304746193,1105.97879285846,190,2869,"Expect In-Party Win","With Controls","Liberal Democratic Norms Index (0-1 factor score of 7 ANES items; higher = stronger liberal norm support)","No"
48,0.0741847590404774,1371.09913435138,236,2869,"Expect In-Party Win","With Controls","Liberal Democratic Norms Index (0-1 factor score of 7 ANES items; higher = stronger liberal norm support)","No"
49,0.00170929280112525,1308.40790649227,216,2869,"Expect In-Party Win","With Controls","Liberal Democratic Norms Index (0-1 factor score of 7 ANES items; higher = stronger liberal norm support)","No"
50,0.00666349303080869,1093.02724414886,184,2869,"Expect In-Party Win","With Controls","Liberal Democratic Norms Index (0-1 factor score of 7 ANES items; higher = stronger liberal norm support)","No"
51,0.063282082630289,1487.30285343934,259,2869,"Expect In-Party Win","With Controls","Liberal Democratic Norms Index (0-1 factor score of 7 ANES items; higher = stronger liberal norm support)","No"
52,-0.0747319557975217,786.620420927715,142,2869,"Expect In-Party Win","With Controls","Liberal Democratic Norms Index (0-1 factor score of 7 ANES items; higher = stronger liberal norm support)","No"
53,-0.042533885336415,849.450861206823,147,2869,"Expect In-Party Win","With Controls","Liberal Democratic Norms Index (0-1 factor score of 7 ANES items; higher = stronger liberal norm support)","No"
54,0.0472808562978761,1176.93171919069,196,2869,"Expect In-Party Win","With Controls","Liberal Democratic Norms Index (0-1 factor score of 7 ANES items; higher = stronger liberal norm support)","No"
55,0.180206776970883,1087.96778649296,179,2869,"Expect In-Party Win","With Controls","Liberal Democratic Norms Index (0-1 factor score of 7 ANES items; higher = stronger liberal norm support)","No"
56,0.141080895608565,1131.96547990979,187,2869,"Expect In-Party Win","With Controls","Liberal Democratic Norms Index (0-1 factor score of 7 ANES items; higher = stronger liberal norm support)","No"
57,0.116538231711381,1097.88793880176,189,2869,"Expect In-Party Win","With Controls","Liberal Democratic Norms Index (0-1 factor score of 7 ANES items; higher = stronger liberal norm support)","No"
58,0.00157550350785381,945.564326822373,167,2869,"Expect In-Party Win","With Controls","Liberal Democratic Norms Index (0-1 factor score of 7 ANES items; higher = stronger liberal norm support)","No"
59,0.0713716439173119,1149.07432518317,198,2869,"Expect In-Party Win","With Controls","Liberal Democratic Norms Index (0-1 factor score of 7 ANES items; higher = stronger liberal norm support)","No"
60,0.0941911339230726,1307.82044700641,223,2869,"Expect In-Party Win","With Controls","Liberal Democratic Norms Index (0-1 factor score of 7 ANES items; higher = stronger liberal norm support)","No"
61,0.0744762983476855,1438.08192559062,241,2869,"Expect In-Party Win","With Controls","Liberal Democratic Norms Index (0-1 factor score of 7 ANES items; higher = stronger liberal norm support)","No"
62,0.0585600272123032,1168.92962321707,199,2869,"Expect In-Party Win","With Controls","Liberal Democratic Norms Index (0-1 factor score of 7 ANES items; higher = stronger liberal norm support)","No"
63,0.128979945903108,1070.42120308463,181,2869,"Expect In-Party Win","With Controls","Liberal Democratic Norms Index (0-1 factor score of 7 ANES items; higher = stronger liberal norm support)","No"
64,0.144108016828046,1233.63404527685,207,2869,"Expect In-Party Win","With Controls","Liberal Democratic Norms Index (0-1 factor score of 7 ANES items; higher = stronger liberal norm support)","No"
65,0.12043912143738,1057.2995205536,176,2869,"Expect In-Party Win","With Controls","Liberal Democratic Norms Index (0-1 factor score of 7 ANES items; higher = stronger liberal norm support)","No"
66,0.0368377546305302,1161.29292772858,190,2869,"Expect In-Party Win","With Controls","Liberal Democratic Norms Index (0-1 factor score of 7 ANES items; higher = stronger liberal norm support)","No"
67,0.0926229859222971,1226.08900223765,209,2869,"Expect In-Party Win","With Controls","Liberal Democratic Norms Index (0-1 factor score of 7 ANES items; higher = stronger liberal norm support)","No"
68,0.0719446594904063,1318.01457123097,224,2869,"Expect In-Party Win","With Controls","Liberal Democratic Norms Index (0-1 factor score of 7 ANES items; higher = stronger liberal norm support)","No"
69,-0.00719487153235919,1324.91106792253,223,2869,"Expect In-Party Win","With Controls","Liberal Democratic Norms Index (0-1 factor score of 7 ANES items; higher = stronger liberal norm support)","No"
70,0.0642229614813878,1481.73625852202,247,2869,"Expect In-Party Win","With Controls","Liberal Democratic Norms Index (0-1 factor score of 7 ANES items; higher = stronger liberal norm support)","No"
71,0.0772602525073408,1170.53829591829,199,2869,"Expect In-Party Win","With Controls","Liberal Democratic Norms Index (0-1 factor score of 7 ANES items; higher = stronger liberal norm support)","No"
72,0.0878687756652299,1286.40341791272,218,2869,"Expect In-Party Win","With Controls","Liberal Democratic Norms Index (0-1 factor score of 7 ANES items; higher = stronger liberal norm support)","No"
73,0.0690876011093659,1012.59824200672,176,2869,"Expect In-Party Win","With Controls","Liberal Democratic Norms Index (0-1 factor score of 7 ANES items; higher = stronger liberal norm support)","No"
74,0.0771000980605166,1386.41618863857,233,2869,"Expect In-Party Win","With Controls","Liberal Democratic Norms Index (0-1 factor score of 7 ANES items; higher = stronger liberal norm support)","No"
75,0.0962148266077925,1237.27053370884,207,2869,"Expect In-Party Win","With Controls","Liberal Democratic Norms Index (0-1 factor score of 7 ANES items; higher = stronger liberal norm support)","No"
76,0.148399412023511,1157.63184784131,199,2869,"Expect In-Party Win","With Controls","Liberal Democratic Norms Index (0-1 factor score of 7 ANES items; higher = stronger liberal norm support)","No"
77,0.171002687408076,1112.05152915999,194,2869,"Expect In-Party Win","With Controls","Liberal Democratic Norms Index (0-1 factor score of 7 ANES items; higher = stronger liberal norm support)","No"
78,0.0524858943184851,1273.1034241839,217,2869,"Expect In-Party Win","With Controls","Liberal Democratic Norms Index (0-1 factor score of 7 ANES items; higher = stronger liberal norm support)","No"
79,0.132536125468446,1205.40145785436,207,2869,"Expect In-Party Win","With Controls","Liberal Democratic Norms Index (0-1 factor score of 7 ANES items; higher = stronger liberal norm support)","No"
80,0.100232895809464,1356.92219692819,230,2869,"Expect In-Party Win","With Controls","Liberal Democratic Norms Index (0-1 factor score of 7 ANES items; higher = stronger liberal norm support)","No"
81,0.0695662207034911,1233.66728587455,207,2869,"Expect In-Party Win","With Controls","Liberal Democratic Norms Index (0-1 factor score of 7 ANES items; higher = stronger liberal norm support)","No"
82,0.106322286871502,1422.20276215461,238,2869,"Expect In-Party Win","With Controls","Liberal Democratic Norms Index (0-1 factor score of 7 ANES items; higher = stronger liberal norm support)","No"
83,-0.0263270408871168,999.75845394354,175,2869,"Expect In-Party Win","With Controls","Liberal Democratic Norms Index (0-1 factor score of 7 ANES items; higher = stronger liberal norm support)","No"
84,0.0806154604889397,1352.90498577092,231,2869,"Expect In-Party Win","With Controls","Liberal Democratic Norms Index (0-1 factor score of 7 ANES items; higher = stronger liberal norm support)","No"
85,0.0257483082927974,1016.30423228846,172,2869,"Expect In-Party Win","With Controls","Liberal Democratic Norms Index (0-1 factor score of 7 ANES items; higher = stronger liberal norm support)","No"
86,0.060201550642052,1029.26683747953,176,2869,"Expect In-Party Win","With Controls","Liberal Democratic Norms Index (0-1 factor score of 7 ANES items; higher = stronger liberal norm support)","No"
87,0.104975297286956,1068.77522961175,184,2869,"Expect In-Party Win","With Controls","Liberal Democratic Norms Index (0-1 factor score of 7 ANES items; higher = stronger liberal norm support)","No"
88,-0.0755725572730798,907.059124766269,155,2869,"Expect In-Party Win","With Controls","Liberal Democratic Norms Index (0-1 factor score of 7 ANES items; higher = stronger liberal norm support)","No"
89,0.0337012330921082,1104.98647217501,185,2869,"Expect In-Party Win","With Controls","Liberal Democratic Norms Index (0-1 factor score of 7 ANES items; higher = stronger liberal norm support)","No"
90,0.127535763847682,1114.40423522349,195,2869,"Expect In-Party Win","With Controls","Liberal Democratic Norms Index (0-1 factor score of 7 ANES items; higher = stronger liberal norm support)","No"
91,0.0131780964164829,949.624859690963,165,2869,"Expect In-Party Win","With Controls","Liberal Democratic Norms Index (0-1 factor score of 7 ANES items; higher = stronger liberal norm support)","No"
92,0.105954322212492,1297.73248474539,223,2869,"Expect In-Party Win","With Controls","Liberal Democratic Norms Index (0-1 factor score of 7 ANES items; higher = stronger liberal norm support)","No"
93,0.0858184104937071,1094.05907042162,187,2869,"Expect In-Party Win","With Controls","Liberal Democratic Norms Index (0-1 factor score of 7 ANES items; higher = stronger liberal norm support)","No"
94,0.0580590733146865,1479.67157260919,252,2869,"Expect In-Party Win","With Controls","Liberal Democratic Norms Index (0-1 factor score of 7 ANES items; higher = stronger liberal norm support)","No"
95,0.157189712507489,912.242360408903,160,2869,"Expect In-Party Win","With Controls","Liberal Democratic Norms Index (0-1 factor score of 7 ANES items; higher = stronger liberal norm support)","No"
96,0.0629099820412394,1056.83246723557,180,2869,"Expect In-Party Win","With Controls","Liberal Democratic Norms Index (0-1 factor score of 7 ANES items; higher = stronger liberal norm support)","No"
97,-0.0250494783213883,922.292966250359,160,2869,"Expect In-Party Win","With Controls","Liberal Democratic Norms Index (0-1 factor score of 7 ANES items; higher = stronger liberal norm support)","No"
98,0.0770115713530227,1387.65557907952,233,2869,"Expect In-Party Win","With Controls","Liberal Democratic Norms Index (0-1 factor score of 7 ANES items; higher = stronger liberal norm support)","No"
99,0.118599120801186,1162.39438041989,196,2869,"Expect In-Party Win","With Controls","Liberal Democratic Norms Index (0-1 factor score of 7 ANES items; higher = stronger liberal norm support)","No"
100,0.196785303983762,937.745036977689,162,2869,"Expect In-Party Win","With Controls","Liberal Democratic Norms Index (0-1 factor score of 7 ANES items; higher = stronger liberal norm support)","No"
1,0.302331174106964,1926.42605640639,76,416,"Expect In-Party Loss","With Controls","Liberal Democratic Norms Index (0-1 factor score of 7 ANES items; higher = stronger liberal norm support)","No"
2,0.205825262356727,1818.08540697163,72,416,"Expect In-Party Loss","With Controls","Liberal Democratic Norms Index (0-1 factor score of 7 ANES items; higher = stronger liberal norm support)","No"
3,0.133429272743021,2214.25527103615,86,416,"Expect In-Party Loss","With Controls","Liberal Democratic Norms Index (0-1 factor score of 7 ANES items; higher = stronger liberal norm support)","No"
4,0.104323242545972,2297.88686543949,88,416,"Expect In-Party Loss","With Controls","Liberal Democratic Norms Index (0-1 factor score of 7 ANES items; higher = stronger liberal norm support)","No"
5,0.162862020793963,1846.16390447228,73,416,"Expect In-Party Loss","With Controls","Liberal Democratic Norms Index (0-1 factor score of 7 ANES items; higher = stronger liberal norm support)","No"
6,0.1292482702333,2259.04644660129,86,416,"Expect In-Party Loss","With Controls","Liberal Democratic Norms Index (0-1 factor score of 7 ANES items; higher = stronger liberal norm support)","No"
7,0.1202584780272,1948.75579667162,77,416,"Expect In-Party Loss","With Controls","Liberal Democratic Norms Index (0-1 factor score of 7 ANES items; higher = stronger liberal norm support)","No"
8,0.219645533364997,1911.76943955154,75,416,"Expect In-Party Loss","With Controls","Liberal Democratic Norms Index (0-1 factor score of 7 ANES items; higher = stronger liberal norm support)","No"
9,0.138728615941528,2248.42103477673,87,416,"Expect In-Party Loss","With Controls","Liberal Democratic Norms Index (0-1 factor score of 7 ANES items; higher = stronger liberal norm support)","No"
10,0.178567765499161,2156.29525771806,84,416,"Expect In-Party Loss","With Controls","Liberal Democratic Norms Index (0-1 factor score of 7 ANES items; higher = stronger liberal norm support)","No"
11,-0.0386958361143014,2382.90388386222,91,416,"Expect In-Party Loss","With Controls","Liberal Democratic Norms Index (0-1 factor score of 7 ANES items; higher = stronger liberal norm support)","No"
12,0.370112953996184,1380.27912388029,56,416,"Expect In-Party Loss","With Controls","Liberal Democratic Norms Index (0-1 factor score of 7 ANES items; higher = stronger liberal norm support)","No"
13,0.0711704976529955,1968.60239034111,77,416,"Expect In-Party Loss","With Controls","Liberal Democratic Norms Index (0-1 factor score of 7 ANES items; higher = stronger liberal norm support)","No"
14,0.180713036313054,1846.71143215942,74,416,"Expect In-Party Loss","With Controls","Liberal Democratic Norms Index (0-1 factor score of 7 ANES items; higher = stronger liberal norm support)","No"
15,0.155134859946175,2127.2202756748,82,416,"Expect In-Party Loss","With Controls","Liberal Democratic Norms Index (0-1 factor score of 7 ANES items; higher = stronger liberal norm support)","No"
16,0.333587972207888,1545.72218000473,64,416,"Expect In-Party Loss","With Controls","Liberal Democratic Norms Index (0-1 factor score of 7 ANES items; higher = stronger liberal norm support)","No"
17,0.194637958852599,2002.9778393104,79,416,"Expect In-Party Loss","With Controls","Liberal Democratic Norms Index (0-1 factor score of 7 ANES items; higher = stronger liberal norm support)","No"
18,0.0231159542033246,2232.06826744261,88,416,"Expect In-Party Loss","With Controls","Liberal Democratic Norms Index (0-1 factor score of 7 ANES items; higher = stronger liberal norm support)","No"
19,0.10595519267265,2251.2430598058,88,416,"Expect In-Party Loss","With Controls","Liberal Democratic Norms Index (0-1 factor score of 7 ANES items; higher = stronger liberal norm support)","No"
20,0.12564278227093,1889.41050919588,74,416,"Expect In-Party Loss","With Controls","Liberal Democratic Norms Index (0-1 factor score of 7 ANES items; higher = stronger liberal norm support)","No"
21,0.0436433670578855,1263.4010522227,50,416,"Expect In-Party Loss","With Controls","Liberal Democratic Norms Index (0-1 factor score of 7 ANES items; higher = stronger liberal norm support)","No"
22,0.12693008551748,2041.66994222958,80,416,"Expect In-Party Loss","With Controls","Liberal Democratic Norms Index (0-1 factor score of 7 ANES items; higher = stronger liberal norm support)","No"
23,0.0138304775698612,1845.17776196229,72,416,"Expect In-Party Loss","With Controls","Liberal Democratic Norms Index (0-1 factor score of 7 ANES items; higher = stronger liberal norm support)","No"
24,0.0870690231843143,2088.74414812313,81,416,"Expect In-Party Loss","With Controls","Liberal Democratic Norms Index (0-1 factor score of 7 ANES items; higher = stronger liberal norm support)","No"
25,0.0534968597116947,2259.56166117011,89,416,"Expect In-Party Loss","With Controls","Liberal Democratic Norms Index (0-1 factor score of 7 ANES items; higher = stronger liberal norm support)","No"
26,0.22664820742284,2008.05844640548,79,416,"Expect In-Party Loss","With Controls","Liberal Democratic Norms Index (0-1 factor score of 7 ANES items; higher = stronger liberal norm support)","No"
27,0.190681407654642,2060.30024494949,81,416,"Expect In-Party Loss","With Controls","Liberal Democratic Norms Index (0-1 factor score of 7 ANES items; higher = stronger liberal norm support)","No"
28,0.234327588684465,1938.0423873947,77,416,"Expect In-Party Loss","With Controls","Liberal Democratic Norms Index (0-1 factor score of 7 ANES items; higher = stronger liberal norm support)","No"
29,0.236262052500986,1838.5167327992,73,416,"Expect In-Party Loss","With Controls","Liberal Democratic Norms Index (0-1 factor score of 7 ANES items; higher = stronger liberal norm support)","No"
30,0.21637361457348,2017.11608288028,75,416,"Expect In-Party Loss","With Controls","Liberal Democratic Norms Index (0-1 factor score of 7 ANES items; higher = stronger liberal norm support)","No"
31,0.142131968002478,2063.94954483336,79,416,"Expect In-Party Loss","With Controls","Liberal Democratic Norms Index (0-1 factor score of 7 ANES items; higher = stronger liberal norm support)","No"
32,0.240879485948689,1679.78090664283,68,416,"Expect In-Party Loss","With Controls","Liberal Democratic Norms Index (0-1 factor score of 7 ANES items; higher = stronger liberal norm support)","No"
33,0.115919955488887,1893.85499996635,74,416,"Expect In-Party Loss","With Controls","Liberal Democratic Norms Index (0-1 factor score of 7 ANES items; higher = stronger liberal norm support)","No"
34,0.159163654144238,1858.48206877256,73,416,"Expect In-Party Loss","With Controls","Liberal Democratic Norms Index (0-1 factor score of 7 ANES items; higher = stronger liberal norm support)","No"
35,0.142260514681061,1898.26873514547,76,416,"Expect In-Party Loss","With Controls","Liberal Democratic Norms Index (0-1 factor score of 7 ANES items; higher = stronger liberal norm support)","No"
36,0.0206716957576744,2222.89355060666,85,416,"Expect In-Party Loss","With Controls","Liberal Democratic Norms Index (0-1 factor score of 7 ANES items; higher = stronger liberal norm support)","No"
37,0.18103177231981,2035.55436056835,79,416,"Expect In-Party Loss","With Controls","Liberal Democratic Norms Index (0-1 factor score of 7 ANES items; higher = stronger liberal norm support)","No"
38,0.0266721562398893,2132.09610386857,83,416,"Expect In-Party Loss","With Controls","Liberal Democratic Norms Index (0-1 factor score of 7 ANES items; higher = stronger liberal norm support)","No"
39,0.217294427578719,1825.56271816891,72,416,"Expect In-Party Loss","With Controls","Liberal Democratic Norms Index (0-1 factor score of 7 ANES items; higher = stronger liberal norm support)","No"
40,0.0186713556684514,1864.46474247607,73,416,"Expect In-Party Loss","With Controls","Liberal Democratic Norms Index (0-1 factor score of 7 ANES items; higher = stronger liberal norm support)","No"
41,0.167710805540376,1918.67043785072,75,416,"Expect In-Party Loss","With Controls","Liberal Democratic Norms Index (0-1 factor score of 7 ANES items; higher = stronger liberal norm support)","No"
42,0.410603206364888,1612.26935982221,65,416,"Expect In-Party Loss","With Controls","Liberal Democratic Norms Index (0-1 factor score of 7 ANES items; higher = stronger liberal norm support)","No"
43,0.193804551014086,1921.78423428535,75,416,"Expect In-Party Loss","With Controls","Liberal Democratic Norms Index (0-1 factor score of 7 ANES items; higher = stronger liberal norm support)","No"
44,0.197084745367074,2000.05244018062,77,416,"Expect In-Party Loss","With Controls","Liberal Democratic Norms Index (0-1 factor score of 7 ANES items; higher = stronger liberal norm support)","No"
45,0.241664498988009,1866.80962913025,75,416,"Expect In-Party Loss","With Controls","Liberal Democratic Norms Index (0-1 factor score of 7 ANES items; higher = stronger liberal norm support)","No"
46,-0.0521599475894739,2421.74895829784,92,416,"Expect In-Party Loss","With Controls","Liberal Democratic Norms Index (0-1 factor score of 7 ANES items; higher = stronger liberal norm support)","No"
47,0.2591267781746,1971.16047441753,75,416,"Expect In-Party Loss","With Controls","Liberal Democratic Norms Index (0-1 factor score of 7 ANES items; higher = stronger liberal norm support)","No"
48,0.0460266273897629,1932.62135102719,76,416,"Expect In-Party Loss","With Controls","Liberal Democratic Norms Index (0-1 factor score of 7 ANES items; higher = stronger liberal norm support)","No"
49,0.13484245794763,2183.71747546291,84,416,"Expect In-Party Loss","With Controls","Liberal Democratic Norms Index (0-1 factor score of 7 ANES items; higher = stronger liberal norm support)","No"
50,0.228165101998836,1824.47378270243,73,416,"Expect In-Party Loss","With Controls","Liberal Democratic Norms Index (0-1 factor score of 7 ANES items; higher = stronger liberal norm support)","No"
51,0.137889499044313,2205.43960571681,86,416,"Expect In-Party Loss","With Controls","Liberal Democratic Norms Index (0-1 factor score of 7 ANES items; higher = stronger liberal norm support)","No"
52,0.126306577765106,2290.34027752367,88,416,"Expect In-Party Loss","With Controls","Liberal Democratic Norms Index (0-1 factor score of 7 ANES items; higher = stronger liberal norm support)","No"
53,0.236382344298737,1660.71750689221,70,416,"Expect In-Party Loss","With Controls","Liberal Democratic Norms Index (0-1 factor score of 7 ANES items; higher = stronger liberal norm support)","No"
54,0.22456358137268,1597.22371936611,63,416,"Expect In-Party Loss","With Controls","Liberal Democratic Norms Index (0-1 factor score of 7 ANES items; higher = stronger liberal norm support)","No"
55,0.16676058151598,1713.96304568449,70,416,"Expect In-Party Loss","With Controls","Liberal Democratic Norms Index (0-1 factor score of 7 ANES items; higher = stronger liberal norm support)","No"
56,0.0807248708394343,2377.53308057501,92,416,"Expect In-Party Loss","With Controls","Liberal Democratic Norms Index (0-1 factor score of 7 ANES items; higher = stronger liberal norm support)","No"
57,0.139710456842762,1979.16885285657,76,416,"Expect In-Party Loss","With Controls","Liberal Democratic Norms Index (0-1 factor score of 7 ANES items; higher = stronger liberal norm support)","No"
58,0.0921303488618492,2003.94265488162,77,416,"Expect In-Party Loss","With Controls","Liberal Democratic Norms Index (0-1 factor score of 7 ANES items; higher = stronger liberal norm support)","No"
59,0.168501945048239,1928.78715741221,76,416,"Expect In-Party Loss","With Controls","Liberal Democratic Norms Index (0-1 factor score of 7 ANES items; higher = stronger liberal norm support)","No"
60,0.256173316380865,1973.13985849883,76,416,"Expect In-Party Loss","With Controls","Liberal Democratic Norms Index (0-1 factor score of 7 ANES items; higher = stronger liberal norm support)","No"
61,0.0523214708025298,2228.2177498519,86,416,"Expect In-Party Loss","With Controls","Liberal Democratic Norms Index (0-1 factor score of 7 ANES items; higher = stronger liberal norm support)","No"
62,-0.0036832857954022,1524.31431846044,59,416,"Expect In-Party Loss","With Controls","Liberal Democratic Norms Index (0-1 factor score of 7 ANES items; higher = stronger liberal norm support)","No"
63,0.129841773761964,2195.7490677276,84,416,"Expect In-Party Loss","With Controls","Liberal Democratic Norms Index (0-1 factor score of 7 ANES items; higher = stronger liberal norm support)","No"
64,0.199365896122308,2006.23910683389,78,416,"Expect In-Party Loss","With Controls","Liberal Democratic Norms Index (0-1 factor score of 7 ANES items; higher = stronger liberal norm support)","No"
65,0.134389084766497,2035.25451665719,79,416,"Expect In-Party Loss","With Controls","Liberal Democratic Norms Index (0-1 factor score of 7 ANES items; higher = stronger liberal norm support)","No"
66,0.046965785305891,2181.30778571242,83,416,"Expect In-Party Loss","With Controls","Liberal Democratic Norms Index (0-1 factor score of 7 ANES items; higher = stronger liberal norm support)","No"
67,0.284053130629056,1785.55647817716,72,416,"Expect In-Party Loss","With Controls","Liberal Democratic Norms Index (0-1 factor score of 7 ANES items; higher = stronger liberal norm support)","No"
68,0.325992087118797,1788.30838613294,72,416,"Expect In-Party Loss","With Controls","Liberal Democratic Norms Index (0-1 factor score of 7 ANES items; higher = stronger liberal norm support)","No"
69,0.132029827350155,2120.12516050884,79,416,"Expect In-Party Loss","With Controls","Liberal Democratic Norms Index (0-1 factor score of 7 ANES items; higher = stronger liberal norm support)","No"
70,0.0941086527861389,2095.38558793537,81,416,"Expect In-Party Loss","With Controls","Liberal Democratic Norms Index (0-1 factor score of 7 ANES items; higher = stronger liberal norm support)","No"
71,0.34763051344577,1522.2252108845,61,416,"Expect In-Party Loss","With Controls","Liberal Democratic Norms Index (0-1 factor score of 7 ANES items; higher = stronger liberal norm support)","No"
72,0.0497373362531544,2313.84945830492,88,416,"Expect In-Party Loss","With Controls","Liberal Democratic Norms Index (0-1 factor score of 7 ANES items; higher = stronger liberal norm support)","No"
73,0.314972504900517,1966.46482512983,77,416,"Expect In-Party Loss","With Controls","Liberal Democratic Norms Index (0-1 factor score of 7 ANES items; higher = stronger liberal norm support)","No"
74,0.0401397032074685,2195.10739384971,84,416,"Expect In-Party Loss","With Controls","Liberal Democratic Norms Index (0-1 factor score of 7 ANES items; higher = stronger liberal norm support)","No"
75,0.0536141769579461,2035.93485074364,76,416,"Expect In-Party Loss","With Controls","Liberal Democratic Norms Index (0-1 factor score of 7 ANES items; higher = stronger liberal norm support)","No"
76,0.104530222245254,2013.30511693905,78,416,"Expect In-Party Loss","With Controls","Liberal Democratic Norms Index (0-1 factor score of 7 ANES items; higher = stronger liberal norm support)","No"
77,0.128793681577707,2123.53953442338,82,416,"Expect In-Party Loss","With Controls","Liberal Democratic Norms Index (0-1 factor score of 7 ANES items; higher = stronger liberal norm support)","No"
78,0.424931859780774,1632.51942968099,67,416,"Expect In-Party Loss","With Controls","Liberal Democratic Norms Index (0-1 factor score of 7 ANES items; higher = stronger liberal norm support)","No"
79,0.12198808967413,2030.0150225769,79,416,"Expect In-Party Loss","With Controls","Liberal Democratic Norms Index (0-1 factor score of 7 ANES items; higher = stronger liberal norm support)","No"
80,-0.0146030609414721,2612.33884739603,96,416,"Expect In-Party Loss","With Controls","Liberal Democratic Norms Index (0-1 factor score of 7 ANES items; higher = stronger liberal norm support)","No"
81,0.0227396012682428,1683.78470617507,68,416,"Expect In-Party Loss","With Controls","Liberal Democratic Norms Index (0-1 factor score of 7 ANES items; higher = stronger liberal norm support)","No"
82,0.194406215918951,2070.43388241684,81,416,"Expect In-Party Loss","With Controls","Liberal Democratic Norms Index (0-1 factor score of 7 ANES items; higher = stronger liberal norm support)","No"
83,0.135872920286602,2219.89853935164,88,416,"Expect In-Party Loss","With Controls","Liberal Democratic Norms Index (0-1 factor score of 7 ANES items; higher = stronger liberal norm support)","No"
84,0.253832432829882,1973.43495641948,76,416,"Expect In-Party Loss","With Controls","Liberal Democratic Norms Index (0-1 factor score of 7 ANES items; higher = stronger liberal norm support)","No"
85,0.22001518224826,2201.32065571224,85,416,"Expect In-Party Loss","With Controls","Liberal Democratic Norms Index (0-1 factor score of 7 ANES items; higher = stronger liberal norm support)","No"
86,0.0844235079965749,2232.71379439922,88,416,"Expect In-Party Loss","With Controls","Liberal Democratic Norms Index (0-1 factor score of 7 ANES items; higher = stronger liberal norm support)","No"
87,0.173244969857791,2123.03236803547,84,416,"Expect In-Party Loss","With Controls","Liberal Democratic Norms Index (0-1 factor score of 7 ANES items; higher = stronger liberal norm support)","No"
88,0.253895677893248,1975.98659223453,78,416,"Expect In-Party Loss","With Controls","Liberal Democratic Norms Index (0-1 factor score of 7 ANES items; higher = stronger liberal norm support)","No"
89,0.18621753908554,1820.74522416914,73,416,"Expect In-Party Loss","With Controls","Liberal Democratic Norms Index (0-1 factor score of 7 ANES items; higher = stronger liberal norm support)","No"
90,0.00916452847169786,2117.3867941691,82,416,"Expect In-Party Loss","With Controls","Liberal Democratic Norms Index (0-1 factor score of 7 ANES items; higher = stronger liberal norm support)","No"
91,0.146558343936183,1998.78860058182,80,416,"Expect In-Party Loss","With Controls","Liberal Democratic Norms Index (0-1 factor score of 7 ANES items; higher = stronger liberal norm support)","No"
92,0.049988272867457,2180.58113106678,84,416,"Expect In-Party Loss","With Controls","Liberal Democratic Norms Index (0-1 factor score of 7 ANES items; higher = stronger liberal norm support)","No"
93,0.0938177081044724,1647.85026668439,64,416,"Expect In-Party Loss","With Controls","Liberal Democratic Norms Index (0-1 factor score of 7 ANES items; higher = stronger liberal norm support)","No"
94,0.23617003255908,1949.80886052287,75,416,"Expect In-Party Loss","With Controls","Liberal Democratic Norms Index (0-1 factor score of 7 ANES items; higher = stronger liberal norm support)","No"
95,0.175374704716072,2103.55923002307,83,416,"Expect In-Party Loss","With Controls","Liberal Democratic Norms Index (0-1 factor score of 7 ANES items; higher = stronger liberal norm support)","No"
96,0.116484549885343,2104.76792453126,82,416,"Expect In-Party Loss","With Controls","Liberal Democratic Norms Index (0-1 factor score of 7 ANES items; higher = stronger liberal norm support)","No"
97,0.260737404341182,1855.55804583868,74,416,"Expect In-Party Loss","With Controls","Liberal Democratic Norms Index (0-1 factor score of 7 ANES items; higher = stronger liberal norm support)","No"
98,0.134816596049886,2195.30189734655,83,416,"Expect In-Party Loss","With Controls","Liberal Democratic Norms Index (0-1 factor score of 7 ANES items; higher = stronger liberal norm support)","No"
99,0.187575638955659,2042.0106729346,79,416,"Expect In-Party Loss","With Controls","Liberal Democratic Norms Index (0-1 factor score of 7 ANES items; higher = stronger liberal norm support)","No"
100,0.148435503258542,1901.44084468031,76,416,"Expect In-Party Loss","With Controls","Liberal Democratic Norms Index (0-1 factor score of 7 ANES items; higher = stronger liberal norm support)","No"
1,0.128891807786663,735.258989365043,307,5185,"Full Sample","Without Controls","Liberal Democratic Norms Index (0-1 factor score of 7 ANES items; higher = stronger liberal norm support)","No"
2,0.0193110464959881,1046.4679176548,417,5185,"Full Sample","Without Controls","Liberal Democratic Norms Index (0-1 factor score of 7 ANES items; higher = stronger liberal norm support)","No"
3,0.0434510299085688,1332.83561370982,522,5185,"Full Sample","Without Controls","Liberal Democratic Norms Index (0-1 factor score of 7 ANES items; higher = stronger liberal norm support)","No"
4,-0.00888174555361299,989.930252257244,401,5185,"Full Sample","Without Controls","Liberal Democratic Norms Index (0-1 factor score of 7 ANES items; higher = stronger liberal norm support)","No"
5,0.130127685674534,728.325667232883,304,5185,"Full Sample","Without Controls","Liberal Democratic Norms Index (0-1 factor score of 7 ANES items; higher = stronger liberal norm support)","No"
6,4.5223558842733e-05,881.531119694676,359,5185,"Full Sample","Without Controls","Liberal Democratic Norms Index (0-1 factor score of 7 ANES items; higher = stronger liberal norm support)","No"
7,-0.045105108673489,862.673683052198,360,5185,"Full Sample","Without Controls","Liberal Democratic Norms Index (0-1 factor score of 7 ANES items; higher = stronger liberal norm support)","No"
8,0.0601256780661731,1036.79813013007,415,5185,"Full Sample","Without Controls","Liberal Democratic Norms Index (0-1 factor score of 7 ANES items; higher = stronger liberal norm support)","No"
9,0.0436157494792148,1316.68151312974,516,5185,"Full Sample","Without Controls","Liberal Democratic Norms Index (0-1 factor score of 7 ANES items; higher = stronger liberal norm support)","No"
10,0.0301820376751276,1167.71120182347,459,5185,"Full Sample","Without Controls","Liberal Democratic Norms Index (0-1 factor score of 7 ANES items; higher = stronger liberal norm support)","No"
11,-0.00559804045358769,939.562429019949,390,5185,"Full Sample","Without Controls","Liberal Democratic Norms Index (0-1 factor score of 7 ANES items; higher = stronger liberal norm support)","No"
12,0.0815889990857037,833.009342358662,351,5185,"Full Sample","Without Controls","Liberal Democratic Norms Index (0-1 factor score of 7 ANES items; higher = stronger liberal norm support)","No"
13,-0.012544500312728,1238.64148860973,487,5185,"Full Sample","Without Controls","Liberal Democratic Norms Index (0-1 factor score of 7 ANES items; higher = stronger liberal norm support)","No"
14,0.0575994421980338,960.858122368328,393,5185,"Full Sample","Without Controls","Liberal Democratic Norms Index (0-1 factor score of 7 ANES items; higher = stronger liberal norm support)","No"
15,0.102870230852542,943.141760594386,386,5185,"Full Sample","Without Controls","Liberal Democratic Norms Index (0-1 factor score of 7 ANES items; higher = stronger liberal norm support)","No"
16,0.0186737461022756,1185.65661527918,462,5185,"Full Sample","Without Controls","Liberal Democratic Norms Index (0-1 factor score of 7 ANES items; higher = stronger liberal norm support)","No"
17,-0.0380401743972328,833.815054820878,337,5185,"Full Sample","Without Controls","Liberal Democratic Norms Index (0-1 factor score of 7 ANES items; higher = stronger liberal norm support)","No"
18,0.0945911024622302,795.732212408806,335,5185,"Full Sample","Without Controls","Liberal Democratic Norms Index (0-1 factor score of 7 ANES items; higher = stronger liberal norm support)","No"
19,0.0867113360515344,987.369585612279,396,5185,"Full Sample","Without Controls","Liberal Democratic Norms Index (0-1 factor score of 7 ANES items; higher = stronger liberal norm support)","No"
20,0.166965665252255,660.688421439411,275,5185,"Full Sample","Without Controls","Liberal Democratic Norms Index (0-1 factor score of 7 ANES items; higher = stronger liberal norm support)","No"
21,0.0290822997256617,1327.28497139311,529,5185,"Full Sample","Without Controls","Liberal Democratic Norms Index (0-1 factor score of 7 ANES items; higher = stronger liberal norm support)","No"
22,0.0238117847100511,999.001679208161,405,5185,"Full Sample","Without Controls","Liberal Democratic Norms Index (0-1 factor score of 7 ANES items; higher = stronger liberal norm support)","No"
23,0.00552823547190306,1101.3389485566,438,5185,"Full Sample","Without Controls","Liberal Democratic Norms Index (0-1 factor score of 7 ANES items; higher = stronger liberal norm support)","No"
24,0.0876498963559419,929.379308817568,378,5185,"Full Sample","Without Controls","Liberal Democratic Norms Index (0-1 factor score of 7 ANES items; higher = stronger liberal norm support)","No"
25,-0.0103870912277614,1100.77963952554,442,5185,"Full Sample","Without Controls","Liberal Democratic Norms Index (0-1 factor score of 7 ANES items; higher = stronger liberal norm support)","No"
26,0.0871281413655985,995.304197048047,397,5185,"Full Sample","Without Controls","Liberal Democratic Norms Index (0-1 factor score of 7 ANES items; higher = stronger liberal norm support)","No"
27,0.0344108132733509,1060.65597302867,423,5185,"Full Sample","Without Controls","Liberal Democratic Norms Index (0-1 factor score of 7 ANES items; higher = stronger liberal norm support)","No"
28,0.0202767246395,1099.65365139146,437,5185,"Full Sample","Without Controls","Liberal Democratic Norms Index (0-1 factor score of 7 ANES items; higher = stronger liberal norm support)","No"
29,0.0313218092619071,1167.55129441063,463,5185,"Full Sample","Without Controls","Liberal Democratic Norms Index (0-1 factor score of 7 ANES items; higher = stronger liberal norm support)","No"
30,0.0232631844896302,1289.1202387494,498,5185,"Full Sample","Without Controls","Liberal Democratic Norms Index (0-1 factor score of 7 ANES items; higher = stronger liberal norm support)","No"
31,0.0971122462472547,930.968641668728,374,5185,"Full Sample","Without Controls","Liberal Democratic Norms Index (0-1 factor score of 7 ANES items; higher = stronger liberal norm support)","No"
32,0.0116860243190068,960.76528757831,392,5185,"Full Sample","Without Controls","Liberal Democratic Norms Index (0-1 factor score of 7 ANES items; higher = stronger liberal norm support)","No"
33,0.0449246873531852,1290.84883244889,509,5185,"Full Sample","Without Controls","Liberal Democratic Norms Index (0-1 factor score of 7 ANES items; higher = stronger liberal norm support)","No"
34,-5.36458981947874e-06,950.531596692639,375,5185,"Full Sample","Without Controls","Liberal Democratic Norms Index (0-1 factor score of 7 ANES items; higher = stronger liberal norm support)","No"
35,0.0102049225909046,963.305939458367,388,5185,"Full Sample","Without Controls","Liberal Democratic Norms Index (0-1 factor score of 7 ANES items; higher = stronger liberal norm support)","No"
36,0.0559312503053793,1127.76600176643,450,5185,"Full Sample","Without Controls","Liberal Democratic Norms Index (0-1 factor score of 7 ANES items; higher = stronger liberal norm support)","No"
37,-0.0290362243158114,889.652720314722,360,5185,"Full Sample","Without Controls","Liberal Democratic Norms Index (0-1 factor score of 7 ANES items; higher = stronger liberal norm support)","No"
38,0.0581244677868304,1270.640681093,502,5185,"Full Sample","Without Controls","Liberal Democratic Norms Index (0-1 factor score of 7 ANES items; higher = stronger liberal norm support)","No"
39,0.0738591641557069,1091.24949473067,440,5185,"Full Sample","Without Controls","Liberal Democratic Norms Index (0-1 factor score of 7 ANES items; higher = stronger liberal norm support)","No"
40,0.000331641512013703,917.919811487607,373,5185,"Full Sample","Without Controls","Liberal Democratic Norms Index (0-1 factor score of 7 ANES items; higher = stronger liberal norm support)","No"
41,0.0143123013526266,1142.40613451682,450,5185,"Full Sample","Without Controls","Liberal Democratic Norms Index (0-1 factor score of 7 ANES items; higher = stronger liberal norm support)","No"
42,-0.0111101238886701,927.241378067993,377,5185,"Full Sample","Without Controls","Liberal Democratic Norms Index (0-1 factor score of 7 ANES items; higher = stronger liberal norm support)","No"
43,0.0347093472647718,1312.67284452261,517,5185,"Full Sample","Without Controls","Liberal Democratic Norms Index (0-1 factor score of 7 ANES items; higher = stronger liberal norm support)","No"
44,-0.0358282087621642,1059.74955405278,423,5185,"Full Sample","Without Controls","Liberal Democratic Norms Index (0-1 factor score of 7 ANES items; higher = stronger liberal norm support)","No"
45,0.00994465934355482,1118.50184325053,447,5185,"Full Sample","Without Controls","Liberal Democratic Norms Index (0-1 factor score of 7 ANES items; higher = stronger liberal norm support)","No"
46,0.0493257150760743,1129.50986518017,450,5185,"Full Sample","Without Controls","Liberal Democratic Norms Index (0-1 factor score of 7 ANES items; higher = stronger liberal norm support)","No"
47,0.00920642452802478,1210.19136611225,484,5185,"Full Sample","Without Controls","Liberal Democratic Norms Index (0-1 factor score of 7 ANES items; higher = stronger liberal norm support)","No"
48,-0.0463169030099879,805.289872381841,339,5185,"Full Sample","Without Controls","Liberal Democratic Norms Index (0-1 factor score of 7 ANES items; higher = stronger liberal norm support)","No"
49,-0.0283382747182526,1100.63307641062,436,5185,"Full Sample","Without Controls","Liberal Democratic Norms Index (0-1 factor score of 7 ANES items; higher = stronger liberal norm support)","No"
50,0.0404259756528491,1095.31212354234,433,5185,"Full Sample","Without Controls","Liberal Democratic Norms Index (0-1 factor score of 7 ANES items; higher = stronger liberal norm support)","No"
51,-0.00732318357601003,1018.35576631484,402,5185,"Full Sample","Without Controls","Liberal Democratic Norms Index (0-1 factor score of 7 ANES items; higher = stronger liberal norm support)","No"
52,0.00233675448038906,1032.69711122147,411,5185,"Full Sample","Without Controls","Liberal Democratic Norms Index (0-1 factor score of 7 ANES items; higher = stronger liberal norm support)","No"
53,0.0461098442496777,1343.62673566337,530,5185,"Full Sample","Without Controls","Liberal Democratic Norms Index (0-1 factor score of 7 ANES items; higher = stronger liberal norm support)","No"
54,-0.0544016196426649,765.737341096337,323,5185,"Full Sample","Without Controls","Liberal Democratic Norms Index (0-1 factor score of 7 ANES items; higher = stronger liberal norm support)","No"
55,0.0692595628748544,1021.64857811299,405,5185,"Full Sample","Without Controls","Liberal Democratic Norms Index (0-1 factor score of 7 ANES items; higher = stronger liberal norm support)","No"
56,0.01207773818278,1162.26133951646,460,5185,"Full Sample","Without Controls","Liberal Democratic Norms Index (0-1 factor score of 7 ANES items; higher = stronger liberal norm support)","No"
57,0.0424454709981601,1026.83896073518,412,5185,"Full Sample","Without Controls","Liberal Democratic Norms Index (0-1 factor score of 7 ANES items; higher = stronger liberal norm support)","No"
58,-0.00988000346949591,1002.7520913398,398,5185,"Full Sample","Without Controls","Liberal Democratic Norms Index (0-1 factor score of 7 ANES items; higher = stronger liberal norm support)","No"
59,0.042778349707941,1007.02964689852,406,5185,"Full Sample","Without Controls","Liberal Democratic Norms Index (0-1 factor score of 7 ANES items; higher = stronger liberal norm support)","No"
60,-0.0858528821567561,715.32747920682,303,5185,"Full Sample","Without Controls","Liberal Democratic Norms Index (0-1 factor score of 7 ANES items; higher = stronger liberal norm support)","No"
61,0.0216407788117825,1348.42656917788,526,5185,"Full Sample","Without Controls","Liberal Democratic Norms Index (0-1 factor score of 7 ANES items; higher = stronger liberal norm support)","No"
62,0.0124975709017008,1005.55579332019,405,5185,"Full Sample","Without Controls","Liberal Democratic Norms Index (0-1 factor score of 7 ANES items; higher = stronger liberal norm support)","No"
63,0.0498809576948015,1025.00005131127,411,5185,"Full Sample","Without Controls","Liberal Democratic Norms Index (0-1 factor score of 7 ANES items; higher = stronger liberal norm support)","No"
64,0.0546095028024426,985.037625892279,403,5185,"Full Sample","Without Controls","Liberal Democratic Norms Index (0-1 factor score of 7 ANES items; higher = stronger liberal norm support)","No"
65,0.0133447415115462,1123.88500872842,436,5185,"Full Sample","Without Controls","Liberal Democratic Norms Index (0-1 factor score of 7 ANES items; higher = stronger liberal norm support)","No"
66,0.043097361472385,1205.80035000452,471,5185,"Full Sample","Without Controls","Liberal Democratic Norms Index (0-1 factor score of 7 ANES items; higher = stronger liberal norm support)","No"
67,0.0236855440468167,1343.80311466109,527,5185,"Full Sample","Without Controls","Liberal Democratic Norms Index (0-1 factor score of 7 ANES items; higher = stronger liberal norm support)","No"
68,-0.0526656892798696,824.433597791581,342,5185,"Full Sample","Without Controls","Liberal Democratic Norms Index (0-1 factor score of 7 ANES items; higher = stronger liberal norm support)","No"
69,0.0261953663511336,1237.96091208422,481,5185,"Full Sample","Without Controls","Liberal Democratic Norms Index (0-1 factor score of 7 ANES items; higher = stronger liberal norm support)","No"
70,-0.00728297027713865,1122.87412898022,449,5185,"Full Sample","Without Controls","Liberal Democratic Norms Index (0-1 factor score of 7 ANES items; higher = stronger liberal norm support)","No"
71,0.116334185490588,858.783099007351,345,5185,"Full Sample","Without Controls","Liberal Democratic Norms Index (0-1 factor score of 7 ANES items; higher = stronger liberal norm support)","No"
72,0.0482972999331801,1025.99440888089,416,5185,"Full Sample","Without Controls","Liberal Democratic Norms Index (0-1 factor score of 7 ANES items; higher = stronger liberal norm support)","No"
73,0.0803829891753357,923.484500554922,380,5185,"Full Sample","Without Controls","Liberal Democratic Norms Index (0-1 factor score of 7 ANES items; higher = stronger liberal norm support)","No"
74,0.0780916693565149,869.199027614418,355,5185,"Full Sample","Without Controls","Liberal Democratic Norms Index (0-1 factor score of 7 ANES items; higher = stronger liberal norm support)","No"
75,0.00708017317109566,1293.71847928373,510,5185,"Full Sample","Without Controls","Liberal Democratic Norms Index (0-1 factor score of 7 ANES items; higher = stronger liberal norm support)","No"
76,0.0648919076800849,1069.79211624833,425,5185,"Full Sample","Without Controls","Liberal Democratic Norms Index (0-1 factor score of 7 ANES items; higher = stronger liberal norm support)","No"
77,0.0246729077626199,1320.78697540932,524,5185,"Full Sample","Without Controls","Liberal Democratic Norms Index (0-1 factor score of 7 ANES items; higher = stronger liberal norm support)","No"
78,0.0457953583954042,867.479283126119,360,5185,"Full Sample","Without Controls","Liberal Democratic Norms Index (0-1 factor score of 7 ANES items; higher = stronger liberal norm support)","No"
79,0.0191539384345859,975.72388049181,395,5185,"Full Sample","Without Controls","Liberal Democratic Norms Index (0-1 factor score of 7 ANES items; higher = stronger liberal norm support)","No"
80,0.00907402177594485,1396.09204943573,545,5185,"Full Sample","Without Controls","Liberal Democratic Norms Index (0-1 factor score of 7 ANES items; higher = stronger liberal norm support)","No"
81,0.0768658449683365,1023.60957899872,412,5185,"Full Sample","Without Controls","Liberal Democratic Norms Index (0-1 factor score of 7 ANES items; higher = stronger liberal norm support)","No"
82,0.0221380468214242,1344.67305822584,527,5185,"Full Sample","Without Controls","Liberal Democratic Norms Index (0-1 factor score of 7 ANES items; higher = stronger liberal norm support)","No"
83,0.00838123919906453,1017.37146407338,404,5185,"Full Sample","Without Controls","Liberal Democratic Norms Index (0-1 factor score of 7 ANES items; higher = stronger liberal norm support)","No"
84,0.0733828050781163,979.631162167457,397,5185,"Full Sample","Without Controls","Liberal Democratic Norms Index (0-1 factor score of 7 ANES items; higher = stronger liberal norm support)","No"
85,0.00981889022922922,970.942884803454,390,5185,"Full Sample","Without Controls","Liberal Democratic Norms Index (0-1 factor score of 7 ANES items; higher = stronger liberal norm support)","No"
86,0.0925757945490591,877.95681020286,360,5185,"Full Sample","Without Controls","Liberal Democratic Norms Index (0-1 factor score of 7 ANES items; higher = stronger liberal norm support)","No"
87,0.107162808592003,774.947318048503,323,5185,"Full Sample","Without Controls","Liberal Democratic Norms Index (0-1 factor score of 7 ANES items; higher = stronger liberal norm support)","No"
88,0.0319571054632232,1226.83512993652,489,5185,"Full Sample","Without Controls","Liberal Democratic Norms Index (0-1 factor score of 7 ANES items; higher = stronger liberal norm support)","No"
89,0.044442123738727,1114.41096187946,449,5185,"Full Sample","Without Controls","Liberal Democratic Norms Index (0-1 factor score of 7 ANES items; higher = stronger liberal norm support)","No"
90,0.0465892674542313,1297.67524727932,508,5185,"Full Sample","Without Controls","Liberal Democratic Norms Index (0-1 factor score of 7 ANES items; higher = stronger liberal norm support)","No"
91,0.0445101027915915,1297.35606785352,510,5185,"Full Sample","Without Controls","Liberal Democratic Norms Index (0-1 factor score of 7 ANES items; higher = stronger liberal norm support)","No"
92,0.0280032277269442,1111.62102485671,441,5185,"Full Sample","Without Controls","Liberal Democratic Norms Index (0-1 factor score of 7 ANES items; higher = stronger liberal norm support)","No"
93,-0.0160899133352681,986.521027615534,391,5185,"Full Sample","Without Controls","Liberal Democratic Norms Index (0-1 factor score of 7 ANES items; higher = stronger liberal norm support)","No"
94,0.131686657999102,838.486608274904,336,5185,"Full Sample","Without Controls","Liberal Democratic Norms Index (0-1 factor score of 7 ANES items; higher = stronger liberal norm support)","No"
95,0.0437803340137558,1268.75393596153,498,5185,"Full Sample","Without Controls","Liberal Democratic Norms Index (0-1 factor score of 7 ANES items; higher = stronger liberal norm support)","No"
96,0.000501499286245544,1294.18407987149,508,5185,"Full Sample","Without Controls","Liberal Democratic Norms Index (0-1 factor score of 7 ANES items; higher = stronger liberal norm support)","No"
97,0.0549005480786974,1401.41102866879,546,5185,"Full Sample","Without Controls","Liberal Democratic Norms Index (0-1 factor score of 7 ANES items; higher = stronger liberal norm support)","No"
98,0.0508538508360675,1308.16686753308,515,5185,"Full Sample","Without Controls","Liberal Democratic Norms Index (0-1 factor score of 7 ANES items; higher = stronger liberal norm support)","No"
99,0.00705411872345629,1236.58562306983,486,5185,"Full Sample","Without Controls","Liberal Democratic Norms Index (0-1 factor score of 7 ANES items; higher = stronger liberal norm support)","No"
100,0.0371310639378587,1252.24366104076,498,5185,"Full Sample","Without Controls","Liberal Democratic Norms Index (0-1 factor score of 7 ANES items; higher = stronger liberal norm support)","No"
1,-0.0887023527670782,1318.4366899755,134,1157,"Independents","Without Controls","Liberal Democratic Norms Index (0-1 factor score of 7 ANES items; higher = stronger liberal norm support)","No"
2,-0.0744983806999864,1418.42761020842,149,1157,"Independents","Without Controls","Liberal Democratic Norms Index (0-1 factor score of 7 ANES items; higher = stronger liberal norm support)","No"
3,-0.015816956025409,1317.53369688194,136,1157,"Independents","Without Controls","Liberal Democratic Norms Index (0-1 factor score of 7 ANES items; higher = stronger liberal norm support)","No"
4,0.0905131315057007,1352.6978489296,141,1157,"Independents","Without Controls","Liberal Democratic Norms Index (0-1 factor score of 7 ANES items; higher = stronger liberal norm support)","No"
5,0.0420495610196074,1412.07844700433,147,1157,"Independents","Without Controls","Liberal Democratic Norms Index (0-1 factor score of 7 ANES items; higher = stronger liberal norm support)","No"
6,-0.0174058268684435,1175.5172396678,123,1157,"Independents","Without Controls","Liberal Democratic Norms Index (0-1 factor score of 7 ANES items; higher = stronger liberal norm support)","No"
7,-0.0381489359169596,1354.17588488229,138,1157,"Independents","Without Controls","Liberal Democratic Norms Index (0-1 factor score of 7 ANES items; higher = stronger liberal norm support)","No"
8,0.0731466394366994,1227.39220804642,127,1157,"Independents","Without Controls","Liberal Democratic Norms Index (0-1 factor score of 7 ANES items; higher = stronger liberal norm support)","No"
9,0.019606284968127,1346.02297276411,143,1157,"Independents","Without Controls","Liberal Democratic Norms Index (0-1 factor score of 7 ANES items; higher = stronger liberal norm support)","No"
10,-0.0555731329013835,1660.96484197084,172,1157,"Independents","Without Controls","Liberal Democratic Norms Index (0-1 factor score of 7 ANES items; higher = stronger liberal norm support)","No"
11,0.08954798579139,1261.34366926447,127,1157,"Independents","Without Controls","Liberal Democratic Norms Index (0-1 factor score of 7 ANES items; higher = stronger liberal norm support)","No"
12,-0.0363209950609511,1319.98365556296,138,1157,"Independents","Without Controls","Liberal Democratic Norms Index (0-1 factor score of 7 ANES items; higher = stronger liberal norm support)","No"
13,0.00491137546595632,1304.95861685033,136,1157,"Independents","Without Controls","Liberal Democratic Norms Index (0-1 factor score of 7 ANES items; higher = stronger liberal norm support)","No"
14,-0.0656169683534699,1166.07899855994,120,1157,"Independents","Without Controls","Liberal Democratic Norms Index (0-1 factor score of 7 ANES items; higher = stronger liberal norm support)","No"
15,0.150587103442554,1035.51828468672,105,1157,"Independents","Without Controls","Liberal Democratic Norms Index (0-1 factor score of 7 ANES items; higher = stronger liberal norm support)","No"
16,-0.0560296321589215,1619.15857141363,166,1157,"Independents","Without Controls","Liberal Democratic Norms Index (0-1 factor score of 7 ANES items; higher = stronger liberal norm support)","No"
17,0.0127512733487943,1212.82552336177,123,1157,"Independents","Without Controls","Liberal Democratic Norms Index (0-1 factor score of 7 ANES items; higher = stronger liberal norm support)","No"
18,0.0242925261701632,1404.24617891748,147,1157,"Independents","Without Controls","Liberal Democratic Norms Index (0-1 factor score of 7 ANES items; higher = stronger liberal norm support)","No"
19,-0.109811731958384,1362.79756351682,142,1157,"Independents","Without Controls","Liberal Democratic Norms Index (0-1 factor score of 7 ANES items; higher = stronger liberal norm support)","No"
20,0.109501216625433,1299.48478673382,140,1157,"Independents","Without Controls","Liberal Democratic Norms Index (0-1 factor score of 7 ANES items; higher = stronger liberal norm support)","No"
21,-0.0637339800379093,1285.70586941069,136,1157,"Independents","Without Controls","Liberal Democratic Norms Index (0-1 factor score of 7 ANES items; higher = stronger liberal norm support)","No"
22,-0.0813386305720254,1320.74840947978,143,1157,"Independents","Without Controls","Liberal Democratic Norms Index (0-1 factor score of 7 ANES items; higher = stronger liberal norm support)","No"
23,-0.0422586756697677,1385.39007265358,145,1157,"Independents","Without Controls","Liberal Democratic Norms Index (0-1 factor score of 7 ANES items; higher = stronger liberal norm support)","No"
24,-0.0713001731828325,1280.55917842272,133,1157,"Independents","Without Controls","Liberal Democratic Norms Index (0-1 factor score of 7 ANES items; higher = stronger liberal norm support)","No"
25,-0.012157365683766,1257.98096021254,133,1157,"Independents","Without Controls","Liberal Democratic Norms Index (0-1 factor score of 7 ANES items; higher = stronger liberal norm support)","No"
26,-0.0833071184988781,1286.46570223412,137,1157,"Independents","Without Controls","Liberal Democratic Norms Index (0-1 factor score of 7 ANES items; higher = stronger liberal norm support)","No"
27,-0.0019703888567818,1476.32953552602,155,1157,"Independents","Without Controls","Liberal Democratic Norms Index (0-1 factor score of 7 ANES items; higher = stronger liberal norm support)","No"
28,0.0393206640156838,1321.2076507438,142,1157,"Independents","Without Controls","Liberal Democratic Norms Index (0-1 factor score of 7 ANES items; higher = stronger liberal norm support)","No"
29,-0.10399338193869,1353.08603180307,145,1157,"Independents","Without Controls","Liberal Democratic Norms Index (0-1 factor score of 7 ANES items; higher = stronger liberal norm support)","No"
30,0.0660549627264249,1321.40053371319,140,1157,"Independents","Without Controls","Liberal Democratic Norms Index (0-1 factor score of 7 ANES items; higher = stronger liberal norm support)","No"
31,-0.0871387469928075,1365.77206586789,143,1157,"Independents","Without Controls","Liberal Democratic Norms Index (0-1 factor score of 7 ANES items; higher = stronger liberal norm support)","No"
32,-0.0192506263952198,1350.19412384194,143,1157,"Independents","Without Controls","Liberal Democratic Norms Index (0-1 factor score of 7 ANES items; higher = stronger liberal norm support)","No"
33,-0.112258437782266,1235.62699595189,130,1157,"Independents","Without Controls","Liberal Democratic Norms Index (0-1 factor score of 7 ANES items; higher = stronger liberal norm support)","No"
34,-0.133482809059214,1344.34381061865,137,1157,"Independents","Without Controls","Liberal Democratic Norms Index (0-1 factor score of 7 ANES items; higher = stronger liberal norm support)","No"
35,0.0556583715678094,1168.26111120596,120,1157,"Independents","Without Controls","Liberal Democratic Norms Index (0-1 factor score of 7 ANES items; higher = stronger liberal norm support)","No"
36,-0.0281943304817245,1285.93757278265,131,1157,"Independents","Without Controls","Liberal Democratic Norms Index (0-1 factor score of 7 ANES items; higher = stronger liberal norm support)","No"
37,0.0388747053771891,1526.12025892714,160,1157,"Independents","Without Controls","Liberal Democratic Norms Index (0-1 factor score of 7 ANES items; higher = stronger liberal norm support)","No"
38,-0.0139710229661154,1223.94419316217,130,1157,"Independents","Without Controls","Liberal Democratic Norms Index (0-1 factor score of 7 ANES items; higher = stronger liberal norm support)","No"
39,0.0752456088419221,1230.78073468253,132,1157,"Independents","Without Controls","Liberal Democratic Norms Index (0-1 factor score of 7 ANES items; higher = stronger liberal norm support)","No"
40,-0.0463657754445795,1278.19857874672,130,1157,"Independents","Without Controls","Liberal Democratic Norms Index (0-1 factor score of 7 ANES items; higher = stronger liberal norm support)","No"
41,0.0462450791121595,1303.55995164302,134,1157,"Independents","Without Controls","Liberal Democratic Norms Index (0-1 factor score of 7 ANES items; higher = stronger liberal norm support)","No"
42,0.0184099529078848,1329.24697397128,136,1157,"Independents","Without Controls","Liberal Democratic Norms Index (0-1 factor score of 7 ANES items; higher = stronger liberal norm support)","No"
43,-0.0862709349997393,1409.97005329464,147,1157,"Independents","Without Controls","Liberal Democratic Norms Index (0-1 factor score of 7 ANES items; higher = stronger liberal norm support)","No"
44,0.0427133092792095,1227.04208156218,128,1157,"Independents","Without Controls","Liberal Democratic Norms Index (0-1 factor score of 7 ANES items; higher = stronger liberal norm support)","No"
45,-0.0460739992034543,1482.98195924616,155,1157,"Independents","Without Controls","Liberal Democratic Norms Index (0-1 factor score of 7 ANES items; higher = stronger liberal norm support)","No"
46,-0.0237155829153957,1311.04431844781,141,1157,"Independents","Without Controls","Liberal Democratic Norms Index (0-1 factor score of 7 ANES items; higher = stronger liberal norm support)","No"
47,-0.00276033300408585,1320.99895357658,139,1157,"Independents","Without Controls","Liberal Democratic Norms Index (0-1 factor score of 7 ANES items; higher = stronger liberal norm support)","No"
48,0.0751078112708401,1240.47128449042,129,1157,"Independents","Without Controls","Liberal Democratic Norms Index (0-1 factor score of 7 ANES items; higher = stronger liberal norm support)","No"
49,0.0188707437227397,1372.08926433392,147,1157,"Independents","Without Controls","Liberal Democratic Norms Index (0-1 factor score of 7 ANES items; higher = stronger liberal norm support)","No"
50,-0.00912239442113616,1479.2332771564,152,1157,"Independents","Without Controls","Liberal Democratic Norms Index (0-1 factor score of 7 ANES items; higher = stronger liberal norm support)","No"
51,-0.060058955337779,1498.94799585759,157,1157,"Independents","Without Controls","Liberal Democratic Norms Index (0-1 factor score of 7 ANES items; higher = stronger liberal norm support)","No"
52,0.062742282206594,1142.33886686244,118,1157,"Independents","Without Controls","Liberal Democratic Norms Index (0-1 factor score of 7 ANES items; higher = stronger liberal norm support)","No"
53,-0.00537528914700958,1277.7336885694,129,1157,"Independents","Without Controls","Liberal Democratic Norms Index (0-1 factor score of 7 ANES items; higher = stronger liberal norm support)","No"
54,0.0280745568182197,1305.6065628107,133,1157,"Independents","Without Controls","Liberal Democratic Norms Index (0-1 factor score of 7 ANES items; higher = stronger liberal norm support)","No"
55,-0.058797628020189,1456.44758074079,155,1157,"Independents","Without Controls","Liberal Democratic Norms Index (0-1 factor score of 7 ANES items; higher = stronger liberal norm support)","No"
56,-0.182571244884629,1458.29521800469,151,1157,"Independents","Without Controls","Liberal Democratic Norms Index (0-1 factor score of 7 ANES items; higher = stronger liberal norm support)","No"
57,-0.0447351575925645,1269.69602128845,127,1157,"Independents","Without Controls","Liberal Democratic Norms Index (0-1 factor score of 7 ANES items; higher = stronger liberal norm support)","No"
58,-0.0262533721455824,1292.4484199614,138,1157,"Independents","Without Controls","Liberal Democratic Norms Index (0-1 factor score of 7 ANES items; higher = stronger liberal norm support)","No"
59,0.0619052136222144,1390.32921579948,146,1157,"Independents","Without Controls","Liberal Democratic Norms Index (0-1 factor score of 7 ANES items; higher = stronger liberal norm support)","No"
60,-0.0527490573881424,1491.01026229212,156,1157,"Independents","Without Controls","Liberal Democratic Norms Index (0-1 factor score of 7 ANES items; higher = stronger liberal norm support)","No"
61,-0.0965958449792051,1202.32989165703,126,1157,"Independents","Without Controls","Liberal Democratic Norms Index (0-1 factor score of 7 ANES items; higher = stronger liberal norm support)","No"
62,0.0135472384499238,1262.64784951905,128,1157,"Independents","Without Controls","Liberal Democratic Norms Index (0-1 factor score of 7 ANES items; higher = stronger liberal norm support)","No"
63,0.00639732516176261,1311.8715391116,137,1157,"Independents","Without Controls","Liberal Democratic Norms Index (0-1 factor score of 7 ANES items; higher = stronger liberal norm support)","No"
64,0.0149601344438234,1322.80608934394,141,1157,"Independents","Without Controls","Liberal Democratic Norms Index (0-1 factor score of 7 ANES items; higher = stronger liberal norm support)","No"
65,0.119829759028961,1223.45509023797,129,1157,"Independents","Without Controls","Liberal Democratic Norms Index (0-1 factor score of 7 ANES items; higher = stronger liberal norm support)","No"
66,-0.00225366675059313,1286.94284941451,135,1157,"Independents","Without Controls","Liberal Democratic Norms Index (0-1 factor score of 7 ANES items; higher = stronger liberal norm support)","No"
67,-0.0134404736381857,1692.6371673769,176,1157,"Independents","Without Controls","Liberal Democratic Norms Index (0-1 factor score of 7 ANES items; higher = stronger liberal norm support)","No"
68,-0.0227827566661579,1468.4269117689,154,1157,"Independents","Without Controls","Liberal Democratic Norms Index (0-1 factor score of 7 ANES items; higher = stronger liberal norm support)","No"
69,-0.0262377843443935,1527.50875674332,162,1157,"Independents","Without Controls","Liberal Democratic Norms Index (0-1 factor score of 7 ANES items; higher = stronger liberal norm support)","No"
70,0.101455502677972,1271.4956376018,131,1157,"Independents","Without Controls","Liberal Democratic Norms Index (0-1 factor score of 7 ANES items; higher = stronger liberal norm support)","No"
71,-0.109672150635649,1365.68271293176,144,1157,"Independents","Without Controls","Liberal Democratic Norms Index (0-1 factor score of 7 ANES items; higher = stronger liberal norm support)","No"
72,-0.118170644462959,1231.01461943645,124,1157,"Independents","Without Controls","Liberal Democratic Norms Index (0-1 factor score of 7 ANES items; higher = stronger liberal norm support)","No"
73,-0.176321836261149,1110.56549482499,110,1157,"Independents","Without Controls","Liberal Democratic Norms Index (0-1 factor score of 7 ANES items; higher = stronger liberal norm support)","No"
74,-0.0625828279977793,1399.99805832051,147,1157,"Independents","Without Controls","Liberal Democratic Norms Index (0-1 factor score of 7 ANES items; higher = stronger liberal norm support)","No"
75,-0.0338129089928851,1543.00124463973,159,1157,"Independents","Without Controls","Liberal Democratic Norms Index (0-1 factor score of 7 ANES items; higher = stronger liberal norm support)","No"
76,-0.00217734106789769,1398.78585988594,146,1157,"Independents","Without Controls","Liberal Democratic Norms Index (0-1 factor score of 7 ANES items; higher = stronger liberal norm support)","No"
77,0.091079170777516,1068.43934351573,110,1157,"Independents","Without Controls","Liberal Democratic Norms Index (0-1 factor score of 7 ANES items; higher = stronger liberal norm support)","No"
78,0.102811445564789,1316.75417937387,141,1157,"Independents","Without Controls","Liberal Democratic Norms Index (0-1 factor score of 7 ANES items; higher = stronger liberal norm support)","No"
79,-0.00682217537618823,1380.86976337505,147,1157,"Independents","Without Controls","Liberal Democratic Norms Index (0-1 factor score of 7 ANES items; higher = stronger liberal norm support)","No"
80,-0.0736075906373667,1343.15580079937,140,1157,"Independents","Without Controls","Liberal Democratic Norms Index (0-1 factor score of 7 ANES items; higher = stronger liberal norm support)","No"
81,-0.05842914439894,1211.3771016147,123,1157,"Independents","Without Controls","Liberal Democratic Norms Index (0-1 factor score of 7 ANES items; higher = stronger liberal norm support)","No"
82,0.038241748570407,1301.5748831733,137,1157,"Independents","Without Controls","Liberal Democratic Norms Index (0-1 factor score of 7 ANES items; higher = stronger liberal norm support)","No"
83,-0.074294937865699,1354.7169907195,142,1157,"Independents","Without Controls","Liberal Democratic Norms Index (0-1 factor score of 7 ANES items; higher = stronger liberal norm support)","No"
84,0.0183345018487905,1358.08869220776,145,1157,"Independents","Without Controls","Liberal Democratic Norms Index (0-1 factor score of 7 ANES items; higher = stronger liberal norm support)","No"
85,-0.0182869562753354,1225.39420874108,130,1157,"Independents","Without Controls","Liberal Democratic Norms Index (0-1 factor score of 7 ANES items; higher = stronger liberal norm support)","No"
86,-0.0487985644665632,1555.53680377137,161,1157,"Independents","Without Controls","Liberal Democratic Norms Index (0-1 factor score of 7 ANES items; higher = stronger liberal norm support)","No"
87,-0.115921577186371,1282.54327233763,133,1157,"Independents","Without Controls","Liberal Democratic Norms Index (0-1 factor score of 7 ANES items; higher = stronger liberal norm support)","No"
88,-0.0424671576260127,1237.29950296571,130,1157,"Independents","Without Controls","Liberal Democratic Norms Index (0-1 factor score of 7 ANES items; higher = stronger liberal norm support)","No"
89,0.0133674081115117,1209.12998252664,123,1157,"Independents","Without Controls","Liberal Democratic Norms Index (0-1 factor score of 7 ANES items; higher = stronger liberal norm support)","No"
90,-0.00414604847125866,1431.02703200963,151,1157,"Independents","Without Controls","Liberal Democratic Norms Index (0-1 factor score of 7 ANES items; higher = stronger liberal norm support)","No"
91,-0.0801490600860909,1350.80380833045,134,1157,"Independents","Without Controls","Liberal Democratic Norms Index (0-1 factor score of 7 ANES items; higher = stronger liberal norm support)","No"
92,-0.119829249666499,1336.50615263353,143,1157,"Independents","Without Controls","Liberal Democratic Norms Index (0-1 factor score of 7 ANES items; higher = stronger liberal norm support)","No"
93,0.0918042309390368,1199.21734296286,123,1157,"Independents","Without Controls","Liberal Democratic Norms Index (0-1 factor score of 7 ANES items; higher = stronger liberal norm support)","No"
94,-0.112555887771918,1476.73940948874,156,1157,"Independents","Without Controls","Liberal Democratic Norms Index (0-1 factor score of 7 ANES items; higher = stronger liberal norm support)","No"
95,0.00196254914372052,1709.96127261469,177,1157,"Independents","Without Controls","Liberal Democratic Norms Index (0-1 factor score of 7 ANES items; higher = stronger liberal norm support)","No"
96,-0.0377574530081833,1317.27411168216,140,1157,"Independents","Without Controls","Liberal Democratic Norms Index (0-1 factor score of 7 ANES items; higher = stronger liberal norm support)","No"
97,-0.0105337607264634,1465.80079759498,151,1157,"Independents","Without Controls","Liberal Democratic Norms Index (0-1 factor score of 7 ANES items; higher = stronger liberal norm support)","No"
98,0.0159079401217457,1684.0699418841,170,1157,"Independents","Without Controls","Liberal Democratic Norms Index (0-1 factor score of 7 ANES items; higher = stronger liberal norm support)","No"
99,0.152361385804457,1263.32601439098,136,1157,"Independents","Without Controls","Liberal Democratic Norms Index (0-1 factor score of 7 ANES items; higher = stronger liberal norm support)","No"
100,-0.0588311268015467,1421.85145408828,146,1157,"Independents","Without Controls","Liberal Democratic Norms Index (0-1 factor score of 7 ANES items; higher = stronger liberal norm support)","No"
1,-0.0750875793138704,768.317792344624,176,3361,"Partisans","Without Controls","Liberal Democratic Norms Index (0-1 factor score of 7 ANES items; higher = stronger liberal norm support)","No"
2,0.0684546014935326,1244.25428906424,268,3361,"Partisans","Without Controls","Liberal Democratic Norms Index (0-1 factor score of 7 ANES items; higher = stronger liberal norm support)","No"
3,0.0920264010817742,993.640929565937,222,3361,"Partisans","Without Controls","Liberal Democratic Norms Index (0-1 factor score of 7 ANES items; higher = stronger liberal norm support)","No"
4,0.0814449592160578,1132.53779327634,246,3361,"Partisans","Without Controls","Liberal Democratic Norms Index (0-1 factor score of 7 ANES items; higher = stronger liberal norm support)","No"
5,0.0965847818438945,1279.86759044162,270,3361,"Partisans","Without Controls","Liberal Democratic Norms Index (0-1 factor score of 7 ANES items; higher = stronger liberal norm support)","No"
6,0.154615225070598,1251.6217570315,269,3361,"Partisans","Without Controls","Liberal Democratic Norms Index (0-1 factor score of 7 ANES items; higher = stronger liberal norm support)","No"
7,0.000862388302562467,774.169519476922,175,3361,"Partisans","Without Controls","Liberal Democratic Norms Index (0-1 factor score of 7 ANES items; higher = stronger liberal norm support)","No"
8,-0.00587887146936428,947.963415190701,206,3361,"Partisans","Without Controls","Liberal Democratic Norms Index (0-1 factor score of 7 ANES items; higher = stronger liberal norm support)","No"
9,0.12142436892307,1328.67145710262,278,3361,"Partisans","Without Controls","Liberal Democratic Norms Index (0-1 factor score of 7 ANES items; higher = stronger liberal norm support)","No"
10,0.0134273454399473,1013.70899077572,220,3361,"Partisans","Without Controls","Liberal Democratic Norms Index (0-1 factor score of 7 ANES items; higher = stronger liberal norm support)","No"
11,-0.078764501920949,741.915769907409,166,3361,"Partisans","Without Controls","Liberal Democratic Norms Index (0-1 factor score of 7 ANES items; higher = stronger liberal norm support)","No"
12,0.0650863930420759,1008.68626007064,216,3361,"Partisans","Without Controls","Liberal Democratic Norms Index (0-1 factor score of 7 ANES items; higher = stronger liberal norm support)","No"
13,0.0501922581836157,1029.17153192272,224,3361,"Partisans","Without Controls","Liberal Democratic Norms Index (0-1 factor score of 7 ANES items; higher = stronger liberal norm support)","No"
14,0.0371763179648356,933.026106071099,210,3361,"Partisans","Without Controls","Liberal Democratic Norms Index (0-1 factor score of 7 ANES items; higher = stronger liberal norm support)","No"
15,0.124214195508608,1328.81680621271,282,3361,"Partisans","Without Controls","Liberal Democratic Norms Index (0-1 factor score of 7 ANES items; higher = stronger liberal norm support)","No"
16,0.119142546596503,1343.93185376821,285,3361,"Partisans","Without Controls","Liberal Democratic Norms Index (0-1 factor score of 7 ANES items; higher = stronger liberal norm support)","No"
17,0.123043239266271,1270.44776692493,275,3361,"Partisans","Without Controls","Liberal Democratic Norms Index (0-1 factor score of 7 ANES items; higher = stronger liberal norm support)","No"
18,0.0519419544874838,979.10007213434,219,3361,"Partisans","Without Controls","Liberal Democratic Norms Index (0-1 factor score of 7 ANES items; higher = stronger liberal norm support)","No"
19,0.0771499306383423,944.661685627438,206,3361,"Partisans","Without Controls","Liberal Democratic Norms Index (0-1 factor score of 7 ANES items; higher = stronger liberal norm support)","No"
20,0.0144073431884552,932.364120382413,204,3361,"Partisans","Without Controls","Liberal Democratic Norms Index (0-1 factor score of 7 ANES items; higher = stronger liberal norm support)","No"
21,0.130440568951625,1312.23607674093,281,3361,"Partisans","Without Controls","Liberal Democratic Norms Index (0-1 factor score of 7 ANES items; higher = stronger liberal norm support)","No"
22,0.109477091492652,1293.42298256864,282,3361,"Partisans","Without Controls","Liberal Democratic Norms Index (0-1 factor score of 7 ANES items; higher = stronger liberal norm support)","No"
23,0.254739529573784,821.442840998589,186,3361,"Partisans","Without Controls","Liberal Democratic Norms Index (0-1 factor score of 7 ANES items; higher = stronger liberal norm support)","No"
24,0.146039184931701,1246.58793331035,266,3361,"Partisans","Without Controls","Liberal Democratic Norms Index (0-1 factor score of 7 ANES items; higher = stronger liberal norm support)","No"
25,0.121753054787845,1085.75330809664,235,3361,"Partisans","Without Controls","Liberal Democratic Norms Index (0-1 factor score of 7 ANES items; higher = stronger liberal norm support)","No"
26,0.090741769081788,1298.14173779607,278,3361,"Partisans","Without Controls","Liberal Democratic Norms Index (0-1 factor score of 7 ANES items; higher = stronger liberal norm support)","No"
27,0.186479182625737,1036.39142819147,220,3361,"Partisans","Without Controls","Liberal Democratic Norms Index (0-1 factor score of 7 ANES items; higher = stronger liberal norm support)","No"
28,0.0760613940652886,1279.48845235271,270,3361,"Partisans","Without Controls","Liberal Democratic Norms Index (0-1 factor score of 7 ANES items; higher = stronger liberal norm support)","No"
29,0.0477613628163495,1440.00247668814,307,3361,"Partisans","Without Controls","Liberal Democratic Norms Index (0-1 factor score of 7 ANES items; higher = stronger liberal norm support)","No"
30,0.152961309296253,938.566807816717,207,3361,"Partisans","Without Controls","Liberal Democratic Norms Index (0-1 factor score of 7 ANES items; higher = stronger liberal norm support)","No"
31,0.0654087378235105,1342.1741131598,285,3361,"Partisans","Without Controls","Liberal Democratic Norms Index (0-1 factor score of 7 ANES items; higher = stronger liberal norm support)","No"
32,0.128207528475894,1034.82043641562,229,3361,"Partisans","Without Controls","Liberal Democratic Norms Index (0-1 factor score of 7 ANES items; higher = stronger liberal norm support)","No"
33,0.0923630462527886,1412.71344341208,298,3361,"Partisans","Without Controls","Liberal Democratic Norms Index (0-1 factor score of 7 ANES items; higher = stronger liberal norm support)","No"
34,-0.0448405026355441,932.69423828562,210,3361,"Partisans","Without Controls","Liberal Democratic Norms Index (0-1 factor score of 7 ANES items; higher = stronger liberal norm support)","No"
35,0.185933304303366,1015.56865065393,225,3361,"Partisans","Without Controls","Liberal Democratic Norms Index (0-1 factor score of 7 ANES items; higher = stronger liberal norm support)","No"
36,0.123441157303502,1383.53982900643,300,3361,"Partisans","Without Controls","Liberal Democratic Norms Index (0-1 factor score of 7 ANES items; higher = stronger liberal norm support)","No"
37,0.149925645036854,1106.61084614496,241,3361,"Partisans","Without Controls","Liberal Democratic Norms Index (0-1 factor score of 7 ANES items; higher = stronger liberal norm support)","No"
38,0.0979925083284104,1414.93212981574,297,3361,"Partisans","Without Controls","Liberal Democratic Norms Index (0-1 factor score of 7 ANES items; higher = stronger liberal norm support)","No"
39,0.0258050908216667,893.766754998709,203,3361,"Partisans","Without Controls","Liberal Democratic Norms Index (0-1 factor score of 7 ANES items; higher = stronger liberal norm support)","No"
40,0.133966621891641,1339.1652347993,285,3361,"Partisans","Without Controls","Liberal Democratic Norms Index (0-1 factor score of 7 ANES items; higher = stronger liberal norm support)","No"
41,-0.0362915904264246,764.3946065498,179,3361,"Partisans","Without Controls","Liberal Democratic Norms Index (0-1 factor score of 7 ANES items; higher = stronger liberal norm support)","No"
42,0.0549754073372819,931.115149581333,206,3361,"Partisans","Without Controls","Liberal Democratic Norms Index (0-1 factor score of 7 ANES items; higher = stronger liberal norm support)","No"
43,0.116975455339801,1186.40762378955,253,3361,"Partisans","Without Controls","Liberal Democratic Norms Index (0-1 factor score of 7 ANES items; higher = stronger liberal norm support)","No"
44,0.0199515051194895,1053.05733386741,233,3361,"Partisans","Without Controls","Liberal Democratic Norms Index (0-1 factor score of 7 ANES items; higher = stronger liberal norm support)","No"
45,0.113454940667928,1196.36111673021,250,3361,"Partisans","Without Controls","Liberal Democratic Norms Index (0-1 factor score of 7 ANES items; higher = stronger liberal norm support)","No"
46,0.03449938169514,993.275290958206,209,3361,"Partisans","Without Controls","Liberal Democratic Norms Index (0-1 factor score of 7 ANES items; higher = stronger liberal norm support)","No"
47,-0.0668326911252292,768.70528323492,179,3361,"Partisans","Without Controls","Liberal Democratic Norms Index (0-1 factor score of 7 ANES items; higher = stronger liberal norm support)","No"
48,0.0994570958319642,1364.74791097558,288,3361,"Partisans","Without Controls","Liberal Democratic Norms Index (0-1 factor score of 7 ANES items; higher = stronger liberal norm support)","No"
49,0.0930020798505067,1340.01687222212,284,3361,"Partisans","Without Controls","Liberal Democratic Norms Index (0-1 factor score of 7 ANES items; higher = stronger liberal norm support)","No"
50,0.104788460304445,1168.98609909616,248,3361,"Partisans","Without Controls","Liberal Democratic Norms Index (0-1 factor score of 7 ANES items; higher = stronger liberal norm support)","No"
51,-0.102791467927843,749.714083051362,170,3361,"Partisans","Without Controls","Liberal Democratic Norms Index (0-1 factor score of 7 ANES items; higher = stronger liberal norm support)","No"
52,0.0854747953567252,1029.0776242486,224,3361,"Partisans","Without Controls","Liberal Democratic Norms Index (0-1 factor score of 7 ANES items; higher = stronger liberal norm support)","No"
53,-0.0629762580184107,922.632033310172,206,3361,"Partisans","Without Controls","Liberal Democratic Norms Index (0-1 factor score of 7 ANES items; higher = stronger liberal norm support)","No"
54,0.112943885134115,1367.10072239974,288,3361,"Partisans","Without Controls","Liberal Democratic Norms Index (0-1 factor score of 7 ANES items; higher = stronger liberal norm support)","No"
55,0.110671447734676,1222.40403502114,261,3361,"Partisans","Without Controls","Liberal Democratic Norms Index (0-1 factor score of 7 ANES items; higher = stronger liberal norm support)","No"
56,0.134442964591186,1287.83865945162,278,3361,"Partisans","Without Controls","Liberal Democratic Norms Index (0-1 factor score of 7 ANES items; higher = stronger liberal norm support)","No"
57,0.085057493512678,1479.65251343273,318,3361,"Partisans","Without Controls","Liberal Democratic Norms Index (0-1 factor score of 7 ANES items; higher = stronger liberal norm support)","No"
58,0.135076051044429,927.510779549099,201,3361,"Partisans","Without Controls","Liberal Democratic Norms Index (0-1 factor score of 7 ANES items; higher = stronger liberal norm support)","No"
59,0.0652127252339992,1393.17862294754,297,3361,"Partisans","Without Controls","Liberal Democratic Norms Index (0-1 factor score of 7 ANES items; higher = stronger liberal norm support)","No"
60,0.0154657660509507,862.321329422608,201,3361,"Partisans","Without Controls","Liberal Democratic Norms Index (0-1 factor score of 7 ANES items; higher = stronger liberal norm support)","No"
61,0.114382908097616,1286.64880991045,273,3361,"Partisans","Without Controls","Liberal Democratic Norms Index (0-1 factor score of 7 ANES items; higher = stronger liberal norm support)","No"
62,0.0692721527172567,1346.47050207417,288,3361,"Partisans","Without Controls","Liberal Democratic Norms Index (0-1 factor score of 7 ANES items; higher = stronger liberal norm support)","No"
63,0.157928001253754,1151.38090431079,248,3361,"Partisans","Without Controls","Liberal Democratic Norms Index (0-1 factor score of 7 ANES items; higher = stronger liberal norm support)","No"
64,0.125839670432654,1341.88084763848,288,3361,"Partisans","Without Controls","Liberal Democratic Norms Index (0-1 factor score of 7 ANES items; higher = stronger liberal norm support)","No"
65,0.10409914825505,1175.16655408405,256,3361,"Partisans","Without Controls","Liberal Democratic Norms Index (0-1 factor score of 7 ANES items; higher = stronger liberal norm support)","No"
66,0.0973266127657224,1309.0220952576,282,3361,"Partisans","Without Controls","Liberal Democratic Norms Index (0-1 factor score of 7 ANES items; higher = stronger liberal norm support)","No"
67,0.16345372939038,1125.22776200029,239,3361,"Partisans","Without Controls","Liberal Democratic Norms Index (0-1 factor score of 7 ANES items; higher = stronger liberal norm support)","No"
68,0.0975159089732998,1295.17750776407,275,3361,"Partisans","Without Controls","Liberal Democratic Norms Index (0-1 factor score of 7 ANES items; higher = stronger liberal norm support)","No"
69,0.00956738080840447,1058.12471783987,231,3361,"Partisans","Without Controls","Liberal Democratic Norms Index (0-1 factor score of 7 ANES items; higher = stronger liberal norm support)","No"
70,0.0491554319864462,1121.65643106239,243,3361,"Partisans","Without Controls","Liberal Democratic Norms Index (0-1 factor score of 7 ANES items; higher = stronger liberal norm support)","No"
71,0.10329447039879,1262.10800405425,273,3361,"Partisans","Without Controls","Liberal Democratic Norms Index (0-1 factor score of 7 ANES items; higher = stronger liberal norm support)","No"
72,0.0576830819021849,1128.01303278013,248,3361,"Partisans","Without Controls","Liberal Democratic Norms Index (0-1 factor score of 7 ANES items; higher = stronger liberal norm support)","No"
73,0.154233093060569,1279.94525034287,277,3361,"Partisans","Without Controls","Liberal Democratic Norms Index (0-1 factor score of 7 ANES items; higher = stronger liberal norm support)","No"
74,0.0358010882116963,1296.2181702276,277,3361,"Partisans","Without Controls","Liberal Democratic Norms Index (0-1 factor score of 7 ANES items; higher = stronger liberal norm support)","No"
75,0.0771552480251183,1327.56891086097,284,3361,"Partisans","Without Controls","Liberal Democratic Norms Index (0-1 factor score of 7 ANES items; higher = stronger liberal norm support)","No"
76,0.0375509036354229,1100.34516852596,236,3361,"Partisans","Without Controls","Liberal Democratic Norms Index (0-1 factor score of 7 ANES items; higher = stronger liberal norm support)","No"
77,0.0135982663303432,884.987068855139,197,3361,"Partisans","Without Controls","Liberal Democratic Norms Index (0-1 factor score of 7 ANES items; higher = stronger liberal norm support)","No"
78,0.039393102097632,1368.5878136947,293,3361,"Partisans","Without Controls","Liberal Democratic Norms Index (0-1 factor score of 7 ANES items; higher = stronger liberal norm support)","No"
79,0.083498387534551,1213.07759979899,255,3361,"Partisans","Without Controls","Liberal Democratic Norms Index (0-1 factor score of 7 ANES items; higher = stronger liberal norm support)","No"
80,0.10640899915413,1080.57746799714,233,3361,"Partisans","Without Controls","Liberal Democratic Norms Index (0-1 factor score of 7 ANES items; higher = stronger liberal norm support)","No"
81,0.0538797757481413,1248.88814737751,263,3361,"Partisans","Without Controls","Liberal Democratic Norms Index (0-1 factor score of 7 ANES items; higher = stronger liberal norm support)","No"
82,0.143207117080273,1172.01723812908,256,3361,"Partisans","Without Controls","Liberal Democratic Norms Index (0-1 factor score of 7 ANES items; higher = stronger liberal norm support)","No"
83,0.0307369730275798,1038.43827319362,227,3361,"Partisans","Without Controls","Liberal Democratic Norms Index (0-1 factor score of 7 ANES items; higher = stronger liberal norm support)","No"
84,0.113172998030837,1277.35109481781,273,3361,"Partisans","Without Controls","Liberal Democratic Norms Index (0-1 factor score of 7 ANES items; higher = stronger liberal norm support)","No"
85,-0.0198859734922736,949.647337734028,213,3361,"Partisans","Without Controls","Liberal Democratic Norms Index (0-1 factor score of 7 ANES items; higher = stronger liberal norm support)","No"
86,0.0762139569353184,1003.43363007597,221,3361,"Partisans","Without Controls","Liberal Democratic Norms Index (0-1 factor score of 7 ANES items; higher = stronger liberal norm support)","No"
87,0.137760114515067,1184.58811575637,251,3361,"Partisans","Without Controls","Liberal Democratic Norms Index (0-1 factor score of 7 ANES items; higher = stronger liberal norm support)","No"
88,0.197876800300845,980.119023585289,210,3361,"Partisans","Without Controls","Liberal Democratic Norms Index (0-1 factor score of 7 ANES items; higher = stronger liberal norm support)","No"
89,-0.0280568632359404,727.934193210301,165,3361,"Partisans","Without Controls","Liberal Democratic Norms Index (0-1 factor score of 7 ANES items; higher = stronger liberal norm support)","No"
90,0.095945148601008,1362.9214413846,294,3361,"Partisans","Without Controls","Liberal Democratic Norms Index (0-1 factor score of 7 ANES items; higher = stronger liberal norm support)","No"
91,-0.000728793737795885,966.932506677444,215,3361,"Partisans","Without Controls","Liberal Democratic Norms Index (0-1 factor score of 7 ANES items; higher = stronger liberal norm support)","No"
92,0.095829569104917,1162.67830105676,254,3361,"Partisans","Without Controls","Liberal Democratic Norms Index (0-1 factor score of 7 ANES items; higher = stronger liberal norm support)","No"
93,0.0636402006295423,1093.22652597322,231,3361,"Partisans","Without Controls","Liberal Democratic Norms Index (0-1 factor score of 7 ANES items; higher = stronger liberal norm support)","No"
94,0.104561874857856,1199.14541604678,262,3361,"Partisans","Without Controls","Liberal Democratic Norms Index (0-1 factor score of 7 ANES items; higher = stronger liberal norm support)","No"
95,0.0614737295023456,1460.44591712941,311,3361,"Partisans","Without Controls","Liberal Democratic Norms Index (0-1 factor score of 7 ANES items; higher = stronger liberal norm support)","No"
96,0.131726068797862,1038.87744822512,228,3361,"Partisans","Without Controls","Liberal Democratic Norms Index (0-1 factor score of 7 ANES items; higher = stronger liberal norm support)","No"
97,0.105806965566531,1287.60147787095,280,3361,"Partisans","Without Controls","Liberal Democratic Norms Index (0-1 factor score of 7 ANES items; higher = stronger liberal norm support)","No"
98,0.0857185230299586,1231.43497234914,262,3361,"Partisans","Without Controls","Liberal Democratic Norms Index (0-1 factor score of 7 ANES items; higher = stronger liberal norm support)","No"
99,-0.0140388039174849,1169.04943775615,250,3361,"Partisans","Without Controls","Liberal Democratic Norms Index (0-1 factor score of 7 ANES items; higher = stronger liberal norm support)","No"
100,0.140982735077339,1306.68568513397,278,3361,"Partisans","Without Controls","Liberal Democratic Norms Index (0-1 factor score of 7 ANES items; higher = stronger liberal norm support)","No"
1,-0.00188697090628775,1184.28421846455,160,1796,"Democrats","Without Controls","Liberal Democratic Norms Index (0-1 factor score of 7 ANES items; higher = stronger liberal norm support)","No"
2,0.0360676049733278,1555.680929811,215,1796,"Democrats","Without Controls","Liberal Democratic Norms Index (0-1 factor score of 7 ANES items; higher = stronger liberal norm support)","No"
3,0.161613118059943,1332.44751948954,184,1796,"Democrats","Without Controls","Liberal Democratic Norms Index (0-1 factor score of 7 ANES items; higher = stronger liberal norm support)","No"
4,0.15852190802809,1271.06154740154,176,1796,"Democrats","Without Controls","Liberal Democratic Norms Index (0-1 factor score of 7 ANES items; higher = stronger liberal norm support)","No"
5,0.118335492696933,1503.06160972453,201,1796,"Democrats","Without Controls","Liberal Democratic Norms Index (0-1 factor score of 7 ANES items; higher = stronger liberal norm support)","No"
6,-0.0199034847257252,1139.90212041138,159,1796,"Democrats","Without Controls","Liberal Democratic Norms Index (0-1 factor score of 7 ANES items; higher = stronger liberal norm support)","No"
7,0.111540459794109,1376.5706064116,185,1796,"Democrats","Without Controls","Liberal Democratic Norms Index (0-1 factor score of 7 ANES items; higher = stronger liberal norm support)","No"
8,0.209094639536725,1134.89225943559,151,1796,"Democrats","Without Controls","Liberal Democratic Norms Index (0-1 factor score of 7 ANES items; higher = stronger liberal norm support)","No"
9,-0.0486484795545062,1082.21226076966,147,1796,"Democrats","Without Controls","Liberal Democratic Norms Index (0-1 factor score of 7 ANES items; higher = stronger liberal norm support)","No"
10,0.0737812069452404,1035.23051745378,141,1796,"Democrats","Without Controls","Liberal Democratic Norms Index (0-1 factor score of 7 ANES items; higher = stronger liberal norm support)","No"
11,-0.0474358118146307,1185.35135937002,162,1796,"Democrats","Without Controls","Liberal Democratic Norms Index (0-1 factor score of 7 ANES items; higher = stronger liberal norm support)","No"
12,0.141481358255456,1425.86896491937,198,1796,"Democrats","Without Controls","Liberal Democratic Norms Index (0-1 factor score of 7 ANES items; higher = stronger liberal norm support)","No"
13,0.0531318428672839,1578.65769043145,216,1796,"Democrats","Without Controls","Liberal Democratic Norms Index (0-1 factor score of 7 ANES items; higher = stronger liberal norm support)","No"
14,0.0263092469312101,1085.09464808927,143,1796,"Democrats","Without Controls","Liberal Democratic Norms Index (0-1 factor score of 7 ANES items; higher = stronger liberal norm support)","No"
15,0.260054063374095,991.672896399145,135,1796,"Democrats","Without Controls","Liberal Democratic Norms Index (0-1 factor score of 7 ANES items; higher = stronger liberal norm support)","No"
16,0.15355302931834,1104.15526131369,153,1796,"Democrats","Without Controls","Liberal Democratic Norms Index (0-1 factor score of 7 ANES items; higher = stronger liberal norm support)","No"
17,0.0821926045458813,1170.37797361997,164,1796,"Democrats","Without Controls","Liberal Democratic Norms Index (0-1 factor score of 7 ANES items; higher = stronger liberal norm support)","No"
18,0.0648113411857508,1467.32637216314,199,1796,"Democrats","Without Controls","Liberal Democratic Norms Index (0-1 factor score of 7 ANES items; higher = stronger liberal norm support)","No"
19,-0.19059679898674,750.821779677468,109,1796,"Democrats","Without Controls","Liberal Democratic Norms Index (0-1 factor score of 7 ANES items; higher = stronger liberal norm support)","No"
20,0.117511652997405,1369.81520636056,186,1796,"Democrats","Without Controls","Liberal Democratic Norms Index (0-1 factor score of 7 ANES items; higher = stronger liberal norm support)","No"
21,0.148808033844086,1398.25483867625,188,1796,"Democrats","Without Controls","Liberal Democratic Norms Index (0-1 factor score of 7 ANES items; higher = stronger liberal norm support)","No"
22,0.120797289604068,1321.49347182687,182,1796,"Democrats","Without Controls","Liberal Democratic Norms Index (0-1 factor score of 7 ANES items; higher = stronger liberal norm support)","No"
23,-0.0117640451300499,1406.271626708,190,1796,"Democrats","Without Controls","Liberal Democratic Norms Index (0-1 factor score of 7 ANES items; higher = stronger liberal norm support)","No"
24,0.0973525190746833,1174.5472319507,162,1796,"Democrats","Without Controls","Liberal Democratic Norms Index (0-1 factor score of 7 ANES items; higher = stronger liberal norm support)","No"
25,0.15980178551481,1254.68409749841,170,1796,"Democrats","Without Controls","Liberal Democratic Norms Index (0-1 factor score of 7 ANES items; higher = stronger liberal norm support)","No"
26,0.113379706870987,1422.28965225472,199,1796,"Democrats","Without Controls","Liberal Democratic Norms Index (0-1 factor score of 7 ANES items; higher = stronger liberal norm support)","No"
27,0.0426277323713601,1164.8888026876,159,1796,"Democrats","Without Controls","Liberal Democratic Norms Index (0-1 factor score of 7 ANES items; higher = stronger liberal norm support)","No"
28,0.146317416156896,1165.21734638992,159,1796,"Democrats","Without Controls","Liberal Democratic Norms Index (0-1 factor score of 7 ANES items; higher = stronger liberal norm support)","No"
29,0.0205129762369599,1346.95038647614,178,1796,"Democrats","Without Controls","Liberal Democratic Norms Index (0-1 factor score of 7 ANES items; higher = stronger liberal norm support)","No"
30,-0.00768203483620622,1375.05685580459,190,1796,"Democrats","Without Controls","Liberal Democratic Norms Index (0-1 factor score of 7 ANES items; higher = stronger liberal norm support)","No"
31,0.0822686653102788,1122.41669001638,151,1796,"Democrats","Without Controls","Liberal Democratic Norms Index (0-1 factor score of 7 ANES items; higher = stronger liberal norm support)","No"
32,-0.0962018700070788,956.651040239733,128,1796,"Democrats","Without Controls","Liberal Democratic Norms Index (0-1 factor score of 7 ANES items; higher = stronger liberal norm support)","No"
33,0.0299902203601133,1359.26423701769,187,1796,"Democrats","Without Controls","Liberal Democratic Norms Index (0-1 factor score of 7 ANES items; higher = stronger liberal norm support)","No"
34,0.145806905362028,1093.03383178425,152,1796,"Democrats","Without Controls","Liberal Democratic Norms Index (0-1 factor score of 7 ANES items; higher = stronger liberal norm support)","No"
35,0.205253107176806,1286.51608143103,172,1796,"Democrats","Without Controls","Liberal Democratic Norms Index (0-1 factor score of 7 ANES items; higher = stronger liberal norm support)","No"
36,0.127772935062528,1635.74156476023,229,1796,"Democrats","Without Controls","Liberal Democratic Norms Index (0-1 factor score of 7 ANES items; higher = stronger liberal norm support)","No"
37,0.132857566965813,1494.86105954379,205,1796,"Democrats","Without Controls","Liberal Democratic Norms Index (0-1 factor score of 7 ANES items; higher = stronger liberal norm support)","No"
38,0.17742907309181,1347.01379777763,185,1796,"Democrats","Without Controls","Liberal Democratic Norms Index (0-1 factor score of 7 ANES items; higher = stronger liberal norm support)","No"
39,0.184164883591429,1148.30853028294,157,1796,"Democrats","Without Controls","Liberal Democratic Norms Index (0-1 factor score of 7 ANES items; higher = stronger liberal norm support)","No"
40,4.20951196645758e-05,1082.03008273514,147,1796,"Democrats","Without Controls","Liberal Democratic Norms Index (0-1 factor score of 7 ANES items; higher = stronger liberal norm support)","No"
41,0.0797737463656547,1198.07844577832,168,1796,"Democrats","Without Controls","Liberal Democratic Norms Index (0-1 factor score of 7 ANES items; higher = stronger liberal norm support)","No"
42,0.0646973164568247,1151.82565028806,159,1796,"Democrats","Without Controls","Liberal Democratic Norms Index (0-1 factor score of 7 ANES items; higher = stronger liberal norm support)","No"
43,0.113732937899661,1120.24208601558,149,1796,"Democrats","Without Controls","Liberal Democratic Norms Index (0-1 factor score of 7 ANES items; higher = stronger liberal norm support)","No"
44,0.103060604155429,1409.51012082035,190,1796,"Democrats","Without Controls","Liberal Democratic Norms Index (0-1 factor score of 7 ANES items; higher = stronger liberal norm support)","No"
45,0.0698672858544371,1677.26752745978,228,1796,"Democrats","Without Controls","Liberal Democratic Norms Index (0-1 factor score of 7 ANES items; higher = stronger liberal norm support)","No"
46,-0.0620068549768926,916.400394105938,121,1796,"Democrats","Without Controls","Liberal Democratic Norms Index (0-1 factor score of 7 ANES items; higher = stronger liberal norm support)","No"
47,0.0642658416475657,1203.08070727847,161,1796,"Democrats","Without Controls","Liberal Democratic Norms Index (0-1 factor score of 7 ANES items; higher = stronger liberal norm support)","No"
48,0.0136047335734937,1258.16508121011,165,1796,"Democrats","Without Controls","Liberal Democratic Norms Index (0-1 factor score of 7 ANES items; higher = stronger liberal norm support)","No"
49,0.153298258965808,1372.20202132679,188,1796,"Democrats","Without Controls","Liberal Democratic Norms Index (0-1 factor score of 7 ANES items; higher = stronger liberal norm support)","No"
50,0.183882386462975,1209.51420720719,164,1796,"Democrats","Without Controls","Liberal Democratic Norms Index (0-1 factor score of 7 ANES items; higher = stronger liberal norm support)","No"
51,0.062660119037355,1442.43343612369,195,1796,"Democrats","Without Controls","Liberal Democratic Norms Index (0-1 factor score of 7 ANES items; higher = stronger liberal norm support)","No"
52,0.0907490092332854,1549.38289122642,210,1796,"Democrats","Without Controls","Liberal Democratic Norms Index (0-1 factor score of 7 ANES items; higher = stronger liberal norm support)","No"
53,0.124242216390184,1415.7607126604,196,1796,"Democrats","Without Controls","Liberal Democratic Norms Index (0-1 factor score of 7 ANES items; higher = stronger liberal norm support)","No"
54,0.119474753322125,1652.57553601259,227,1796,"Democrats","Without Controls","Liberal Democratic Norms Index (0-1 factor score of 7 ANES items; higher = stronger liberal norm support)","No"
55,0.107520472643344,1553.90441100207,217,1796,"Democrats","Without Controls","Liberal Democratic Norms Index (0-1 factor score of 7 ANES items; higher = stronger liberal norm support)","No"
56,0.162813678802333,1203.12586992647,164,1796,"Democrats","Without Controls","Liberal Democratic Norms Index (0-1 factor score of 7 ANES items; higher = stronger liberal norm support)","No"
57,0.196683564776343,1272.2152504349,171,1796,"Democrats","Without Controls","Liberal Democratic Norms Index (0-1 factor score of 7 ANES items; higher = stronger liberal norm support)","No"
58,0.0137847357925224,1114.92392232364,149,1796,"Democrats","Without Controls","Liberal Democratic Norms Index (0-1 factor score of 7 ANES items; higher = stronger liberal norm support)","No"
59,-0.00207763971079622,987.732092552353,133,1796,"Democrats","Without Controls","Liberal Democratic Norms Index (0-1 factor score of 7 ANES items; higher = stronger liberal norm support)","No"
60,0.0539837842018381,1128.45364881993,152,1796,"Democrats","Without Controls","Liberal Democratic Norms Index (0-1 factor score of 7 ANES items; higher = stronger liberal norm support)","No"
61,0.0964512343487005,1347.21149144615,182,1796,"Democrats","Without Controls","Liberal Democratic Norms Index (0-1 factor score of 7 ANES items; higher = stronger liberal norm support)","No"
62,0.0516546892278491,1520.22273758596,207,1796,"Democrats","Without Controls","Liberal Democratic Norms Index (0-1 factor score of 7 ANES items; higher = stronger liberal norm support)","No"
63,-0.040042726595103,1151.97012527666,157,1796,"Democrats","Without Controls","Liberal Democratic Norms Index (0-1 factor score of 7 ANES items; higher = stronger liberal norm support)","No"
64,0.03373593167266,1258.91356265461,171,1796,"Democrats","Without Controls","Liberal Democratic Norms Index (0-1 factor score of 7 ANES items; higher = stronger liberal norm support)","No"
65,0.0506542019631466,1092.47734901009,150,1796,"Democrats","Without Controls","Liberal Democratic Norms Index (0-1 factor score of 7 ANES items; higher = stronger liberal norm support)","No"
66,0.1744489909878,1427.14245004393,196,1796,"Democrats","Without Controls","Liberal Democratic Norms Index (0-1 factor score of 7 ANES items; higher = stronger liberal norm support)","No"
67,0.0322448665903358,1219.11911795363,166,1796,"Democrats","Without Controls","Liberal Democratic Norms Index (0-1 factor score of 7 ANES items; higher = stronger liberal norm support)","No"
68,-0.0524270159446515,946.783378129918,125,1796,"Democrats","Without Controls","Liberal Democratic Norms Index (0-1 factor score of 7 ANES items; higher = stronger liberal norm support)","No"
69,0.088273897548357,1411.86056587949,193,1796,"Democrats","Without Controls","Liberal Democratic Norms Index (0-1 factor score of 7 ANES items; higher = stronger liberal norm support)","No"
70,0.131352740435844,1380.59004026132,189,1796,"Democrats","Without Controls","Liberal Democratic Norms Index (0-1 factor score of 7 ANES items; higher = stronger liberal norm support)","No"
71,0.135743932853538,1076.20225653305,145,1796,"Democrats","Without Controls","Liberal Democratic Norms Index (0-1 factor score of 7 ANES items; higher = stronger liberal norm support)","No"
72,0.0463848844114417,932.983236313155,129,1796,"Democrats","Without Controls","Liberal Democratic Norms Index (0-1 factor score of 7 ANES items; higher = stronger liberal norm support)","No"
73,-0.161576873639373,828.292803507721,115,1796,"Democrats","Without Controls","Liberal Democratic Norms Index (0-1 factor score of 7 ANES items; higher = stronger liberal norm support)","No"
74,0.0569017448806046,1475.81159255127,205,1796,"Democrats","Without Controls","Liberal Democratic Norms Index (0-1 factor score of 7 ANES items; higher = stronger liberal norm support)","No"
75,0.0948956651204418,1550.33498793345,212,1796,"Democrats","Without Controls","Liberal Democratic Norms Index (0-1 factor score of 7 ANES items; higher = stronger liberal norm support)","No"
76,0.0926737870342043,1304.22920887761,183,1796,"Democrats","Without Controls","Liberal Democratic Norms Index (0-1 factor score of 7 ANES items; higher = stronger liberal norm support)","No"
77,0.0217136364404201,1288.10333938629,169,1796,"Democrats","Without Controls","Liberal Democratic Norms Index (0-1 factor score of 7 ANES items; higher = stronger liberal norm support)","No"
78,0.14385965393599,1395.62549906538,189,1796,"Democrats","Without Controls","Liberal Democratic Norms Index (0-1 factor score of 7 ANES items; higher = stronger liberal norm support)","No"
79,0.164843224430938,945.216916225047,131,1796,"Democrats","Without Controls","Liberal Democratic Norms Index (0-1 factor score of 7 ANES items; higher = stronger liberal norm support)","No"
80,-0.0421118247086226,898.027825311799,126,1796,"Democrats","Without Controls","Liberal Democratic Norms Index (0-1 factor score of 7 ANES items; higher = stronger liberal norm support)","No"
81,0.209516462846167,1150.17916343985,156,1796,"Democrats","Without Controls","Liberal Democratic Norms Index (0-1 factor score of 7 ANES items; higher = stronger liberal norm support)","No"
82,0.00345479510475599,1020.25333414557,135,1796,"Democrats","Without Controls","Liberal Democratic Norms Index (0-1 factor score of 7 ANES items; higher = stronger liberal norm support)","No"
83,0.105299838420928,1255.59004492073,176,1796,"Democrats","Without Controls","Liberal Democratic Norms Index (0-1 factor score of 7 ANES items; higher = stronger liberal norm support)","No"
84,0.00536641564951001,1299.62731652315,177,1796,"Democrats","Without Controls","Liberal Democratic Norms Index (0-1 factor score of 7 ANES items; higher = stronger liberal norm support)","No"
85,0.156382890483028,1474.45476515663,201,1796,"Democrats","Without Controls","Liberal Democratic Norms Index (0-1 factor score of 7 ANES items; higher = stronger liberal norm support)","No"
86,-0.037265400438318,1010.64421756506,137,1796,"Democrats","Without Controls","Liberal Democratic Norms Index (0-1 factor score of 7 ANES items; higher = stronger liberal norm support)","No"
87,-0.0284395182102116,1023.26008108424,141,1796,"Democrats","Without Controls","Liberal Democratic Norms Index (0-1 factor score of 7 ANES items; higher = stronger liberal norm support)","No"
88,0.156492393844669,1125.31406990129,152,1796,"Democrats","Without Controls","Liberal Democratic Norms Index (0-1 factor score of 7 ANES items; higher = stronger liberal norm support)","No"
89,0.121808346266727,1290.9187711492,171,1796,"Democrats","Without Controls","Liberal Democratic Norms Index (0-1 factor score of 7 ANES items; higher = stronger liberal norm support)","No"
90,0.0999456492385256,1308.73172271537,178,1796,"Democrats","Without Controls","Liberal Democratic Norms Index (0-1 factor score of 7 ANES items; higher = stronger liberal norm support)","No"
91,-0.189550446383472,791.638401694476,114,1796,"Democrats","Without Controls","Liberal Democratic Norms Index (0-1 factor score of 7 ANES items; higher = stronger liberal norm support)","No"
92,0.14683008070523,1241.1686157721,172,1796,"Democrats","Without Controls","Liberal Democratic Norms Index (0-1 factor score of 7 ANES items; higher = stronger liberal norm support)","No"
93,0.0248550886472425,1214.02647556714,165,1796,"Democrats","Without Controls","Liberal Democratic Norms Index (0-1 factor score of 7 ANES items; higher = stronger liberal norm support)","No"
94,0.0767222293794746,1241.48957572957,169,1796,"Democrats","Without Controls","Liberal Democratic Norms Index (0-1 factor score of 7 ANES items; higher = stronger liberal norm support)","No"
95,0.157457436387514,1414.5874938675,194,1796,"Democrats","Without Controls","Liberal Democratic Norms Index (0-1 factor score of 7 ANES items; higher = stronger liberal norm support)","No"
96,0.117501392919423,1446.15847222582,198,1796,"Democrats","Without Controls","Liberal Democratic Norms Index (0-1 factor score of 7 ANES items; higher = stronger liberal norm support)","No"
97,-0.0763882784108751,1007.9113536997,137,1796,"Democrats","Without Controls","Liberal Democratic Norms Index (0-1 factor score of 7 ANES items; higher = stronger liberal norm support)","No"
98,0.0432838508519177,1201.23139003837,163,1796,"Democrats","Without Controls","Liberal Democratic Norms Index (0-1 factor score of 7 ANES items; higher = stronger liberal norm support)","No"
99,0.11442291191983,1570.36877217098,210,1796,"Democrats","Without Controls","Liberal Democratic Norms Index (0-1 factor score of 7 ANES items; higher = stronger liberal norm support)","No"
100,-0.188382588355785,817.424134263753,113,1796,"Democrats","Without Controls","Liberal Democratic Norms Index (0-1 factor score of 7 ANES items; higher = stronger liberal norm support)","No"
1,-0.0426593100145375,852.257907343764,73,1565,"Republicans","Without Controls","Liberal Democratic Norms Index (0-1 factor score of 7 ANES items; higher = stronger liberal norm support)","No"
2,0.132740437378039,1443.78466366304,111,1565,"Republicans","Without Controls","Liberal Democratic Norms Index (0-1 factor score of 7 ANES items; higher = stronger liberal norm support)","No"
3,0.104188331834971,1395.35401340476,107,1565,"Republicans","Without Controls","Liberal Democratic Norms Index (0-1 factor score of 7 ANES items; higher = stronger liberal norm support)","No"
4,0.00332411499551788,1173.43968690034,95,1565,"Republicans","Without Controls","Liberal Democratic Norms Index (0-1 factor score of 7 ANES items; higher = stronger liberal norm support)","No"
5,0.0527849442670743,1253.9824345984,98,1565,"Republicans","Without Controls","Liberal Democratic Norms Index (0-1 factor score of 7 ANES items; higher = stronger liberal norm support)","No"
6,-0.0774503399746009,843.542833568922,72,1565,"Republicans","Without Controls","Liberal Democratic Norms Index (0-1 factor score of 7 ANES items; higher = stronger liberal norm support)","No"
7,0.154490017483903,1417.02005385822,107,1565,"Republicans","Without Controls","Liberal Democratic Norms Index (0-1 factor score of 7 ANES items; higher = stronger liberal norm support)","No"
8,-0.0225415498487849,1032.83484245233,87,1565,"Republicans","Without Controls","Liberal Democratic Norms Index (0-1 factor score of 7 ANES items; higher = stronger liberal norm support)","No"
9,0.108978704664184,1428.44854027593,111,1565,"Republicans","Without Controls","Liberal Democratic Norms Index (0-1 factor score of 7 ANES items; higher = stronger liberal norm support)","No"
10,0.16207556249978,1544.30830734689,117,1565,"Republicans","Without Controls","Liberal Democratic Norms Index (0-1 factor score of 7 ANES items; higher = stronger liberal norm support)","No"
11,0.126965969261595,1415.13651141859,111,1565,"Republicans","Without Controls","Liberal Democratic Norms Index (0-1 factor score of 7 ANES items; higher = stronger liberal norm support)","No"
12,0.0453603984195702,1375.51634913205,106,1565,"Republicans","Without Controls","Liberal Democratic Norms Index (0-1 factor score of 7 ANES items; higher = stronger liberal norm support)","No"
13,0.0277418455512007,1094.49494631962,90,1565,"Republicans","Without Controls","Liberal Democratic Norms Index (0-1 factor score of 7 ANES items; higher = stronger liberal norm support)","No"
14,0.182731543524622,1305.67908344653,103,1565,"Republicans","Without Controls","Liberal Democratic Norms Index (0-1 factor score of 7 ANES items; higher = stronger liberal norm support)","No"
15,0.0663176373189622,1146.03951761069,91,1565,"Republicans","Without Controls","Liberal Democratic Norms Index (0-1 factor score of 7 ANES items; higher = stronger liberal norm support)","No"
16,0.0402643156480336,1175.48262254927,93,1565,"Republicans","Without Controls","Liberal Democratic Norms Index (0-1 factor score of 7 ANES items; higher = stronger liberal norm support)","No"
17,0.0560455916068739,1372.91812924482,105,1565,"Republicans","Without Controls","Liberal Democratic Norms Index (0-1 factor score of 7 ANES items; higher = stronger liberal norm support)","No"
18,0.0499760361758521,1020.45243950266,84,1565,"Republicans","Without Controls","Liberal Democratic Norms Index (0-1 factor score of 7 ANES items; higher = stronger liberal norm support)","No"
19,0.152708229165597,1531.84016316601,120,1565,"Republicans","Without Controls","Liberal Democratic Norms Index (0-1 factor score of 7 ANES items; higher = stronger liberal norm support)","No"
20,-0.0184113429931577,1071.0494174607,87,1565,"Republicans","Without Controls","Liberal Democratic Norms Index (0-1 factor score of 7 ANES items; higher = stronger liberal norm support)","No"
21,0.0681501585182718,1137.45453774526,90,1565,"Republicans","Without Controls","Liberal Democratic Norms Index (0-1 factor score of 7 ANES items; higher = stronger liberal norm support)","No"
22,0.0924776836191041,1413.14668986215,111,1565,"Republicans","Without Controls","Liberal Democratic Norms Index (0-1 factor score of 7 ANES items; higher = stronger liberal norm support)","No"
23,0.080607659239086,1485.65890587209,114,1565,"Republicans","Without Controls","Liberal Democratic Norms Index (0-1 factor score of 7 ANES items; higher = stronger liberal norm support)","No"
24,-0.118969589889084,676.362911423813,54,1565,"Republicans","Without Controls","Liberal Democratic Norms Index (0-1 factor score of 7 ANES items; higher = stronger liberal norm support)","No"
25,-0.121648886097482,803.088112729146,68,1565,"Republicans","Without Controls","Liberal Democratic Norms Index (0-1 factor score of 7 ANES items; higher = stronger liberal norm support)","No"
26,0.0499445753954085,1202.2031400756,98,1565,"Republicans","Without Controls","Liberal Democratic Norms Index (0-1 factor score of 7 ANES items; higher = stronger liberal norm support)","No"
27,0.0100966680163507,1025.02826218861,84,1565,"Republicans","Without Controls","Liberal Democratic Norms Index (0-1 factor score of 7 ANES items; higher = stronger liberal norm support)","No"
28,0.115086147078165,1356.04928462889,103,1565,"Republicans","Without Controls","Liberal Democratic Norms Index (0-1 factor score of 7 ANES items; higher = stronger liberal norm support)","No"
29,0.13795786524982,1422.7827508012,108,1565,"Republicans","Without Controls","Liberal Democratic Norms Index (0-1 factor score of 7 ANES items; higher = stronger liberal norm support)","No"
30,-0.027654275608488,858.429635165895,74,1565,"Republicans","Without Controls","Liberal Democratic Norms Index (0-1 factor score of 7 ANES items; higher = stronger liberal norm support)","No"
31,0.0593749454517173,973.895586484358,80,1565,"Republicans","Without Controls","Liberal Democratic Norms Index (0-1 factor score of 7 ANES items; higher = stronger liberal norm support)","No"
32,0.073076147640191,1160.5792663951,93,1565,"Republicans","Without Controls","Liberal Democratic Norms Index (0-1 factor score of 7 ANES items; higher = stronger liberal norm support)","No"
33,-0.0171413759151381,950.002587351441,80,1565,"Republicans","Without Controls","Liberal Democratic Norms Index (0-1 factor score of 7 ANES items; higher = stronger liberal norm support)","No"
34,0.140414107019832,1602.88713333101,134,1565,"Republicans","Without Controls","Liberal Democratic Norms Index (0-1 factor score of 7 ANES items; higher = stronger liberal norm support)","No"
35,0.102804561904079,1281.68001299789,103,1565,"Republicans","Without Controls","Liberal Democratic Norms Index (0-1 factor score of 7 ANES items; higher = stronger liberal norm support)","No"
36,0.0680078451992521,1486.98811392442,117,1565,"Republicans","Without Controls","Liberal Democratic Norms Index (0-1 factor score of 7 ANES items; higher = stronger liberal norm support)","No"
37,0.105813677935315,1493.95647714915,115,1565,"Republicans","Without Controls","Liberal Democratic Norms Index (0-1 factor score of 7 ANES items; higher = stronger liberal norm support)","No"
38,0.21953399067121,1134.65895488364,91,1565,"Republicans","Without Controls","Liberal Democratic Norms Index (0-1 factor score of 7 ANES items; higher = stronger liberal norm support)","No"
39,0.0589052807769717,1086.69277979116,87,1565,"Republicans","Without Controls","Liberal Democratic Norms Index (0-1 factor score of 7 ANES items; higher = stronger liberal norm support)","No"
40,-0.111832077994899,979.04270834602,78,1565,"Republicans","Without Controls","Liberal Democratic Norms Index (0-1 factor score of 7 ANES items; higher = stronger liberal norm support)","No"
41,0.239850577186514,1083.35641931474,88,1565,"Republicans","Without Controls","Liberal Democratic Norms Index (0-1 factor score of 7 ANES items; higher = stronger liberal norm support)","No"
42,0.0882263602660431,1422.33690135713,111,1565,"Republicans","Without Controls","Liberal Democratic Norms Index (0-1 factor score of 7 ANES items; higher = stronger liberal norm support)","No"
43,0.107490455046118,1169.83007573886,91,1565,"Republicans","Without Controls","Liberal Democratic Norms Index (0-1 factor score of 7 ANES items; higher = stronger liberal norm support)","No"
44,0.183875923673529,1150.7759113229,92,1565,"Republicans","Without Controls","Liberal Democratic Norms Index (0-1 factor score of 7 ANES items; higher = stronger liberal norm support)","No"
45,0.00715124041304982,1054.81421121465,85,1565,"Republicans","Without Controls","Liberal Democratic Norms Index (0-1 factor score of 7 ANES items; higher = stronger liberal norm support)","No"
46,0.178550588619078,1169.48500212952,91,1565,"Republicans","Without Controls","Liberal Democratic Norms Index (0-1 factor score of 7 ANES items; higher = stronger liberal norm support)","No"
47,0.125352417305901,1650.87700866175,129,1565,"Republicans","Without Controls","Liberal Democratic Norms Index (0-1 factor score of 7 ANES items; higher = stronger liberal norm support)","No"
48,0.105915878871856,1424.08489500346,110,1565,"Republicans","Without Controls","Liberal Democratic Norms Index (0-1 factor score of 7 ANES items; higher = stronger liberal norm support)","No"
49,0.101910766947091,1088.72462556147,88,1565,"Republicans","Without Controls","Liberal Democratic Norms Index (0-1 factor score of 7 ANES items; higher = stronger liberal norm support)","No"
50,0.158178219174903,1338.15344708951,107,1565,"Republicans","Without Controls","Liberal Democratic Norms Index (0-1 factor score of 7 ANES items; higher = stronger liberal norm support)","No"
51,0.177531910840917,1457.03240210673,108,1565,"Republicans","Without Controls","Liberal Democratic Norms Index (0-1 factor score of 7 ANES items; higher = stronger liberal norm support)","No"
52,0.0752933579586599,1270.9537044686,100,1565,"Republicans","Without Controls","Liberal Democratic Norms Index (0-1 factor score of 7 ANES items; higher = stronger liberal norm support)","No"
53,0.159552696040612,1644.01135085297,133,1565,"Republicans","Without Controls","Liberal Democratic Norms Index (0-1 factor score of 7 ANES items; higher = stronger liberal norm support)","No"
54,0.054417286334389,1021.47452904947,84,1565,"Republicans","Without Controls","Liberal Democratic Norms Index (0-1 factor score of 7 ANES items; higher = stronger liberal norm support)","No"
55,0.13890272071399,1568.00365429051,121,1565,"Republicans","Without Controls","Liberal Democratic Norms Index (0-1 factor score of 7 ANES items; higher = stronger liberal norm support)","No"
56,0.243612198577426,1036.88519867399,85,1565,"Republicans","Without Controls","Liberal Democratic Norms Index (0-1 factor score of 7 ANES items; higher = stronger liberal norm support)","No"
57,0.12593838618604,1515.45680039491,120,1565,"Republicans","Without Controls","Liberal Democratic Norms Index (0-1 factor score of 7 ANES items; higher = stronger liberal norm support)","No"
58,0.0502108268644177,1053.25918329124,87,1565,"Republicans","Without Controls","Liberal Democratic Norms Index (0-1 factor score of 7 ANES items; higher = stronger liberal norm support)","No"
59,-0.12677928342778,794.641560539377,69,1565,"Republicans","Without Controls","Liberal Democratic Norms Index (0-1 factor score of 7 ANES items; higher = stronger liberal norm support)","No"
60,-0.0141036256160973,847.444025813243,71,1565,"Republicans","Without Controls","Liberal Democratic Norms Index (0-1 factor score of 7 ANES items; higher = stronger liberal norm support)","No"
61,0.178684290365227,1127.88334806721,92,1565,"Republicans","Without Controls","Liberal Democratic Norms Index (0-1 factor score of 7 ANES items; higher = stronger liberal norm support)","No"
62,0.138930905498228,1631.22555877574,130,1565,"Republicans","Without Controls","Liberal Democratic Norms Index (0-1 factor score of 7 ANES items; higher = stronger liberal norm support)","No"
63,0.0995153584270935,1502.65860613469,118,1565,"Republicans","Without Controls","Liberal Democratic Norms Index (0-1 factor score of 7 ANES items; higher = stronger liberal norm support)","No"
64,0.219285021457294,1261.9249494876,98,1565,"Republicans","Without Controls","Liberal Democratic Norms Index (0-1 factor score of 7 ANES items; higher = stronger liberal norm support)","No"
65,0.0890323937096528,1655.21192563027,131,1565,"Republicans","Without Controls","Liberal Democratic Norms Index (0-1 factor score of 7 ANES items; higher = stronger liberal norm support)","No"
66,0.159162392455994,1466.46865762563,114,1565,"Republicans","Without Controls","Liberal Democratic Norms Index (0-1 factor score of 7 ANES items; higher = stronger liberal norm support)","No"
67,0.120468214692218,1423.94209536198,107,1565,"Republicans","Without Controls","Liberal Democratic Norms Index (0-1 factor score of 7 ANES items; higher = stronger liberal norm support)","No"
68,0.0805878076468581,1242.85756849046,98,1565,"Republicans","Without Controls","Liberal Democratic Norms Index (0-1 factor score of 7 ANES items; higher = stronger liberal norm support)","No"
69,0.142238475024896,1259.82639683443,95,1565,"Republicans","Without Controls","Liberal Democratic Norms Index (0-1 factor score of 7 ANES items; higher = stronger liberal norm support)","No"
70,0.12181968550655,1618.81870212752,127,1565,"Republicans","Without Controls","Liberal Democratic Norms Index (0-1 factor score of 7 ANES items; higher = stronger liberal norm support)","No"
71,-0.176992679203505,638.5592315532,56,1565,"Republicans","Without Controls","Liberal Democratic Norms Index (0-1 factor score of 7 ANES items; higher = stronger liberal norm support)","No"
72,-0.146508717663836,764.320492880117,68,1565,"Republicans","Without Controls","Liberal Democratic Norms Index (0-1 factor score of 7 ANES items; higher = stronger liberal norm support)","No"
73,-0.0160607547825685,1104.99043597781,88,1565,"Republicans","Without Controls","Liberal Democratic Norms Index (0-1 factor score of 7 ANES items; higher = stronger liberal norm support)","No"
74,0.193160818651358,1577.9732715435,127,1565,"Republicans","Without Controls","Liberal Democratic Norms Index (0-1 factor score of 7 ANES items; higher = stronger liberal norm support)","No"
75,0.0992048282530291,1433.33694146727,111,1565,"Republicans","Without Controls","Liberal Democratic Norms Index (0-1 factor score of 7 ANES items; higher = stronger liberal norm support)","No"
76,0.129801253902209,1391.74515693228,104,1565,"Republicans","Without Controls","Liberal Democratic Norms Index (0-1 factor score of 7 ANES items; higher = stronger liberal norm support)","No"
77,0.0937053320835434,1622.41950920317,134,1565,"Republicans","Without Controls","Liberal Democratic Norms Index (0-1 factor score of 7 ANES items; higher = stronger liberal norm support)","No"
78,0.0559615419463926,1219.35062485655,95,1565,"Republicans","Without Controls","Liberal Democratic Norms Index (0-1 factor score of 7 ANES items; higher = stronger liberal norm support)","No"
79,-0.060447411780178,871.485504290386,76,1565,"Republicans","Without Controls","Liberal Democratic Norms Index (0-1 factor score of 7 ANES items; higher = stronger liberal norm support)","No"
80,0.140834882093857,1214.97937414336,95,1565,"Republicans","Without Controls","Liberal Democratic Norms Index (0-1 factor score of 7 ANES items; higher = stronger liberal norm support)","No"
81,0.0333087237023478,966.817434187479,77,1565,"Republicans","Without Controls","Liberal Democratic Norms Index (0-1 factor score of 7 ANES items; higher = stronger liberal norm support)","No"
82,0.0859934730568896,1472.52181007083,113,1565,"Republicans","Without Controls","Liberal Democratic Norms Index (0-1 factor score of 7 ANES items; higher = stronger liberal norm support)","No"
83,0.0632890346437817,1182.11355885645,91,1565,"Republicans","Without Controls","Liberal Democratic Norms Index (0-1 factor score of 7 ANES items; higher = stronger liberal norm support)","No"
84,0.120420381983269,1458.73147427809,112,1565,"Republicans","Without Controls","Liberal Democratic Norms Index (0-1 factor score of 7 ANES items; higher = stronger liberal norm support)","No"
85,0.0353991496425433,992.5390927156,85,1565,"Republicans","Without Controls","Liberal Democratic Norms Index (0-1 factor score of 7 ANES items; higher = stronger liberal norm support)","No"
86,0.115751305437313,1297.33771891374,101,1565,"Republicans","Without Controls","Liberal Democratic Norms Index (0-1 factor score of 7 ANES items; higher = stronger liberal norm support)","No"
87,0.122740392460597,1640.35328179853,127,1565,"Republicans","Without Controls","Liberal Democratic Norms Index (0-1 factor score of 7 ANES items; higher = stronger liberal norm support)","No"
88,0.137347311001926,1543.34857424525,118,1565,"Republicans","Without Controls","Liberal Democratic Norms Index (0-1 factor score of 7 ANES items; higher = stronger liberal norm support)","No"
89,0.0602415313950843,1251.00539580729,101,1565,"Republicans","Without Controls","Liberal Democratic Norms Index (0-1 factor score of 7 ANES items; higher = stronger liberal norm support)","No"
90,0.00631945590664629,957.018423155985,78,1565,"Republicans","Without Controls","Liberal Democratic Norms Index (0-1 factor score of 7 ANES items; higher = stronger liberal norm support)","No"
91,0.0314811393075458,1116.23825912353,88,1565,"Republicans","Without Controls","Liberal Democratic Norms Index (0-1 factor score of 7 ANES items; higher = stronger liberal norm support)","No"
92,0.112443022573926,1462.56799468256,111,1565,"Republicans","Without Controls","Liberal Democratic Norms Index (0-1 factor score of 7 ANES items; higher = stronger liberal norm support)","No"
93,0.171137856630986,1110.70285401541,88,1565,"Republicans","Without Controls","Liberal Democratic Norms Index (0-1 factor score of 7 ANES items; higher = stronger liberal norm support)","No"
94,0.104849351717599,1095.03095801898,87,1565,"Republicans","Without Controls","Liberal Democratic Norms Index (0-1 factor score of 7 ANES items; higher = stronger liberal norm support)","No"
95,0.146075646279314,1653.91128695114,134,1565,"Republicans","Without Controls","Liberal Democratic Norms Index (0-1 factor score of 7 ANES items; higher = stronger liberal norm support)","No"
96,0.144589583207857,1058.053498211,88,1565,"Republicans","Without Controls","Liberal Democratic Norms Index (0-1 factor score of 7 ANES items; higher = stronger liberal norm support)","No"
97,0.034487932517789,1102.91294224762,84,1565,"Republicans","Without Controls","Liberal Democratic Norms Index (0-1 factor score of 7 ANES items; higher = stronger liberal norm support)","No"
98,0.128309999174833,1491.01671635283,112,1565,"Republicans","Without Controls","Liberal Democratic Norms Index (0-1 factor score of 7 ANES items; higher = stronger liberal norm support)","No"
99,0.141592897592418,1226.91809161587,94,1565,"Republicans","Without Controls","Liberal Democratic Norms Index (0-1 factor score of 7 ANES items; higher = stronger liberal norm support)","No"
100,0.0894330849570277,1250.41782820678,99,1565,"Republicans","Without Controls","Liberal Democratic Norms Index (0-1 factor score of 7 ANES items; higher = stronger liberal norm support)","No"
1,0.126500039505365,1143.5571126662,197,2869,"Expect In-Party Win","Without Controls","Liberal Democratic Norms Index (0-1 factor score of 7 ANES items; higher = stronger liberal norm support)","No"
2,0.0454591756976763,1064.08703808241,180,2869,"Expect In-Party Win","Without Controls","Liberal Democratic Norms Index (0-1 factor score of 7 ANES items; higher = stronger liberal norm support)","No"
3,0.107058337088912,1162.97568149338,202,2869,"Expect In-Party Win","Without Controls","Liberal Democratic Norms Index (0-1 factor score of 7 ANES items; higher = stronger liberal norm support)","No"
4,0.147130218269182,1191.71837523838,207,2869,"Expect In-Party Win","Without Controls","Liberal Democratic Norms Index (0-1 factor score of 7 ANES items; higher = stronger liberal norm support)","No"
5,0.0998017995766124,959.960975194659,165,2869,"Expect In-Party Win","Without Controls","Liberal Democratic Norms Index (0-1 factor score of 7 ANES items; higher = stronger liberal norm support)","No"
6,0.18486717947179,994.678494387726,173,2869,"Expect In-Party Win","Without Controls","Liberal Democratic Norms Index (0-1 factor score of 7 ANES items; higher = stronger liberal norm support)","No"
7,0.116306246463794,1318.63548038305,219,2869,"Expect In-Party Win","Without Controls","Liberal Democratic Norms Index (0-1 factor score of 7 ANES items; higher = stronger liberal norm support)","No"
8,0.1016616959865,1215.11032472665,203,2869,"Expect In-Party Win","Without Controls","Liberal Democratic Norms Index (0-1 factor score of 7 ANES items; higher = stronger liberal norm support)","No"
9,0.0678263106687103,1032.48490941643,172,2869,"Expect In-Party Win","Without Controls","Liberal Democratic Norms Index (0-1 factor score of 7 ANES items; higher = stronger liberal norm support)","No"
10,0.0742324173685622,1435.27086005644,245,2869,"Expect In-Party Win","Without Controls","Liberal Democratic Norms Index (0-1 factor score of 7 ANES items; higher = stronger liberal norm support)","No"
11,0.154281513220863,987.310876556563,171,2869,"Expect In-Party Win","Without Controls","Liberal Democratic Norms Index (0-1 factor score of 7 ANES items; higher = stronger liberal norm support)","No"
12,0.15753538019021,1031.25335200453,177,2869,"Expect In-Party Win","Without Controls","Liberal Democratic Norms Index (0-1 factor score of 7 ANES items; higher = stronger liberal norm support)","No"
13,0.136504393282938,1290.36738683307,221,2869,"Expect In-Party Win","Without Controls","Liberal Democratic Norms Index (0-1 factor score of 7 ANES items; higher = stronger liberal norm support)","No"
14,0.0301441267693791,1021.7188395659,178,2869,"Expect In-Party Win","Without Controls","Liberal Democratic Norms Index (0-1 factor score of 7 ANES items; higher = stronger liberal norm support)","No"
15,0.138489542052333,1080.23933615771,191,2869,"Expect In-Party Win","Without Controls","Liberal Democratic Norms Index (0-1 factor score of 7 ANES items; higher = stronger liberal norm support)","No"
16,0.0714822226232605,1063.98708003744,185,2869,"Expect In-Party Win","Without Controls","Liberal Democratic Norms Index (0-1 factor score of 7 ANES items; higher = stronger liberal norm support)","No"
17,0.106641330773441,1158.45520417051,199,2869,"Expect In-Party Win","Without Controls","Liberal Democratic Norms Index (0-1 factor score of 7 ANES items; higher = stronger liberal norm support)","No"
18,0.162075772808708,1055.30505348757,185,2869,"Expect In-Party Win","Without Controls","Liberal Democratic Norms Index (0-1 factor score of 7 ANES items; higher = stronger liberal norm support)","No"
19,0.119527203975582,1102.09388936437,187,2869,"Expect In-Party Win","Without Controls","Liberal Democratic Norms Index (0-1 factor score of 7 ANES items; higher = stronger liberal norm support)","No"
20,0.0878038204447167,947.333411672596,163,2869,"Expect In-Party Win","Without Controls","Liberal Democratic Norms Index (0-1 factor score of 7 ANES items; higher = stronger liberal norm support)","No"
21,0.191765927304224,847.984919327241,153,2869,"Expect In-Party Win","Without Controls","Liberal Democratic Norms Index (0-1 factor score of 7 ANES items; higher = stronger liberal norm support)","No"
22,0.13952512306019,1172.90144254777,198,2869,"Expect In-Party Win","Without Controls","Liberal Democratic Norms Index (0-1 factor score of 7 ANES items; higher = stronger liberal norm support)","No"
23,0.136932535682005,1191.46049157847,207,2869,"Expect In-Party Win","Without Controls","Liberal Democratic Norms Index (0-1 factor score of 7 ANES items; higher = stronger liberal norm support)","No"
24,0.0433903596220684,1154.10140466965,196,2869,"Expect In-Party Win","Without Controls","Liberal Democratic Norms Index (0-1 factor score of 7 ANES items; higher = stronger liberal norm support)","No"
25,0.0330797213199022,1103.10050386156,188,2869,"Expect In-Party Win","Without Controls","Liberal Democratic Norms Index (0-1 factor score of 7 ANES items; higher = stronger liberal norm support)","No"
26,0.141176288231637,1272.03884352042,221,2869,"Expect In-Party Win","Without Controls","Liberal Democratic Norms Index (0-1 factor score of 7 ANES items; higher = stronger liberal norm support)","No"
27,0.0411749640200986,1081.17045773694,187,2869,"Expect In-Party Win","Without Controls","Liberal Democratic Norms Index (0-1 factor score of 7 ANES items; higher = stronger liberal norm support)","No"
28,0.0694630665073388,1247.14826645423,214,2869,"Expect In-Party Win","Without Controls","Liberal Democratic Norms Index (0-1 factor score of 7 ANES items; higher = stronger liberal norm support)","No"
29,0.00738628881121617,829.599120218339,146,2869,"Expect In-Party Win","Without Controls","Liberal Democratic Norms Index (0-1 factor score of 7 ANES items; higher = stronger liberal norm support)","No"
30,0.0892295564033333,1300.226098375,221,2869,"Expect In-Party Win","Without Controls","Liberal Democratic Norms Index (0-1 factor score of 7 ANES items; higher = stronger liberal norm support)","No"
31,0.0898597470062724,1072.12738229723,184,2869,"Expect In-Party Win","Without Controls","Liberal Democratic Norms Index (0-1 factor score of 7 ANES items; higher = stronger liberal norm support)","No"
32,0.134414165710124,1221.53223086806,209,2869,"Expect In-Party Win","Without Controls","Liberal Democratic Norms Index (0-1 factor score of 7 ANES items; higher = stronger liberal norm support)","No"
33,0.167873200713153,1016.94171349499,181,2869,"Expect In-Party Win","Without Controls","Liberal Democratic Norms Index (0-1 factor score of 7 ANES items; higher = stronger liberal norm support)","No"
34,0.12839641907964,1297.85693635674,224,2869,"Expect In-Party Win","Without Controls","Liberal Democratic Norms Index (0-1 factor score of 7 ANES items; higher = stronger liberal norm support)","No"
35,0.0802745072500003,1363.31265273496,233,2869,"Expect In-Party Win","Without Controls","Liberal Democratic Norms Index (0-1 factor score of 7 ANES items; higher = stronger liberal norm support)","No"
36,0.113839143725302,1078.68346576271,186,2869,"Expect In-Party Win","Without Controls","Liberal Democratic Norms Index (0-1 factor score of 7 ANES items; higher = stronger liberal norm support)","No"
37,0.0831631611694479,1131.72302928938,199,2869,"Expect In-Party Win","Without Controls","Liberal Democratic Norms Index (0-1 factor score of 7 ANES items; higher = stronger liberal norm support)","No"
38,0.0999872157573032,1104.35138530951,192,2869,"Expect In-Party Win","Without Controls","Liberal Democratic Norms Index (0-1 factor score of 7 ANES items; higher = stronger liberal norm support)","No"
39,0.125795676849273,1389.8091429176,242,2869,"Expect In-Party Win","Without Controls","Liberal Democratic Norms Index (0-1 factor score of 7 ANES items; higher = stronger liberal norm support)","No"
40,0.157550037146545,1098.94949877262,188,2869,"Expect In-Party Win","Without Controls","Liberal Democratic Norms Index (0-1 factor score of 7 ANES items; higher = stronger liberal norm support)","No"
41,0.13821085885716,1092.5525880994,188,2869,"Expect In-Party Win","Without Controls","Liberal Democratic Norms Index (0-1 factor score of 7 ANES items; higher = stronger liberal norm support)","No"
42,0.0790657343797054,1112.68409538259,194,2869,"Expect In-Party Win","Without Controls","Liberal Democratic Norms Index (0-1 factor score of 7 ANES items; higher = stronger liberal norm support)","No"
43,0.0626398292066401,934.629438060718,158,2869,"Expect In-Party Win","Without Controls","Liberal Democratic Norms Index (0-1 factor score of 7 ANES items; higher = stronger liberal norm support)","No"
44,0.186736120040142,1021.06402824616,178,2869,"Expect In-Party Win","Without Controls","Liberal Democratic Norms Index (0-1 factor score of 7 ANES items; higher = stronger liberal norm support)","No"
45,0.184477701541657,907.563575857942,160,2869,"Expect In-Party Win","Without Controls","Liberal Democratic Norms Index (0-1 factor score of 7 ANES items; higher = stronger liberal norm support)","No"
46,0.113400904835661,1221.38084066923,204,2869,"Expect In-Party Win","Without Controls","Liberal Democratic Norms Index (0-1 factor score of 7 ANES items; higher = stronger liberal norm support)","No"
47,0.154380512660467,1135.14307911115,197,2869,"Expect In-Party Win","Without Controls","Liberal Democratic Norms Index (0-1 factor score of 7 ANES items; higher = stronger liberal norm support)","No"
48,0.0439835833012504,1209.39288357572,207,2869,"Expect In-Party Win","Without Controls","Liberal Democratic Norms Index (0-1 factor score of 7 ANES items; higher = stronger liberal norm support)","No"
49,-0.000932371518767239,1093.05906036926,188,2869,"Expect In-Party Win","Without Controls","Liberal Democratic Norms Index (0-1 factor score of 7 ANES items; higher = stronger liberal norm support)","No"
50,-0.000323696860617062,978.925092743062,168,2869,"Expect In-Party Win","Without Controls","Liberal Democratic Norms Index (0-1 factor score of 7 ANES items; higher = stronger liberal norm support)","No"
51,0.0702524263193091,1486.81941592184,261,2869,"Expect In-Party Win","Without Controls","Liberal Democratic Norms Index (0-1 factor score of 7 ANES items; higher = stronger liberal norm support)","No"
52,-0.0798227609483174,732.069115405589,136,2869,"Expect In-Party Win","Without Controls","Liberal Democratic Norms Index (0-1 factor score of 7 ANES items; higher = stronger liberal norm support)","No"
53,-0.0649307635770388,765.652410433522,137,2869,"Expect In-Party Win","Without Controls","Liberal Democratic Norms Index (0-1 factor score of 7 ANES items; higher = stronger liberal norm support)","No"
54,0.0771224771158608,1163.09335064323,196,2869,"Expect In-Party Win","Without Controls","Liberal Democratic Norms Index (0-1 factor score of 7 ANES items; higher = stronger liberal norm support)","No"
55,0.184293487244013,1066.60880095023,177,2869,"Expect In-Party Win","Without Controls","Liberal Democratic Norms Index (0-1 factor score of 7 ANES items; higher = stronger liberal norm support)","No"
56,0.121728173407754,1383.62747755637,232,2869,"Expect In-Party Win","Without Controls","Liberal Democratic Norms Index (0-1 factor score of 7 ANES items; higher = stronger liberal norm support)","No"
57,0.0680361714804754,999.86747162947,172,2869,"Expect In-Party Win","Without Controls","Liberal Democratic Norms Index (0-1 factor score of 7 ANES items; higher = stronger liberal norm support)","No"
58,0.01136326279817,917.158194633794,165,2869,"Expect In-Party Win","Without Controls","Liberal Democratic Norms Index (0-1 factor score of 7 ANES items; higher = stronger liberal norm support)","No"
59,0.0752039101078382,1266.07440858808,219,2869,"Expect In-Party Win","Without Controls","Liberal Democratic Norms Index (0-1 factor score of 7 ANES items; higher = stronger liberal norm support)","No"
60,0.110875219908436,1065.70970180647,181,2869,"Expect In-Party Win","Without Controls","Liberal Democratic Norms Index (0-1 factor score of 7 ANES items; higher = stronger liberal norm support)","No"
61,0.0864317912243142,1297.01413724938,227,2869,"Expect In-Party Win","Without Controls","Liberal Democratic Norms Index (0-1 factor score of 7 ANES items; higher = stronger liberal norm support)","No"
62,0.0444624077346801,1038.45018100141,180,2869,"Expect In-Party Win","Without Controls","Liberal Democratic Norms Index (0-1 factor score of 7 ANES items; higher = stronger liberal norm support)","No"
63,0.126089834380178,1117.11141129049,190,2869,"Expect In-Party Win","Without Controls","Liberal Democratic Norms Index (0-1 factor score of 7 ANES items; higher = stronger liberal norm support)","No"
64,0.176593103375937,1110.66232526352,197,2869,"Expect In-Party Win","Without Controls","Liberal Democratic Norms Index (0-1 factor score of 7 ANES items; higher = stronger liberal norm support)","No"
65,0.150511497604602,1039.46545446692,176,2869,"Expect In-Party Win","Without Controls","Liberal Democratic Norms Index (0-1 factor score of 7 ANES items; higher = stronger liberal norm support)","No"
66,-0.000585978557730571,1093.09187470985,184,2869,"Expect In-Party Win","Without Controls","Liberal Democratic Norms Index (0-1 factor score of 7 ANES items; higher = stronger liberal norm support)","No"
67,0.103107055144707,1221.76941790985,210,2869,"Expect In-Party Win","Without Controls","Liberal Democratic Norms Index (0-1 factor score of 7 ANES items; higher = stronger liberal norm support)","No"
68,0.0794424469459996,1314.53777681256,225,2869,"Expect In-Party Win","Without Controls","Liberal Democratic Norms Index (0-1 factor score of 7 ANES items; higher = stronger liberal norm support)","No"
69,-0.0357634362214404,1120.56748631085,192,2869,"Expect In-Party Win","Without Controls","Liberal Democratic Norms Index (0-1 factor score of 7 ANES items; higher = stronger liberal norm support)","No"
70,0.112168711582662,1291.91127269335,221,2869,"Expect In-Party Win","Without Controls","Liberal Democratic Norms Index (0-1 factor score of 7 ANES items; higher = stronger liberal norm support)","No"
71,0.117198717326544,1070.24187621092,185,2869,"Expect In-Party Win","Without Controls","Liberal Democratic Norms Index (0-1 factor score of 7 ANES items; higher = stronger liberal norm support)","No"
72,0.0818431938476876,1233.83440880511,210,2869,"Expect In-Party Win","Without Controls","Liberal Democratic Norms Index (0-1 factor score of 7 ANES items; higher = stronger liberal norm support)","No"
73,0.095326809125859,1032.29019483748,179,2869,"Expect In-Party Win","Without Controls","Liberal Democratic Norms Index (0-1 factor score of 7 ANES items; higher = stronger liberal norm support)","No"
74,0.0785308963726625,1268.5052621241,218,2869,"Expect In-Party Win","Without Controls","Liberal Democratic Norms Index (0-1 factor score of 7 ANES items; higher = stronger liberal norm support)","No"
75,0.086944176273458,1074.3722143328,184,2869,"Expect In-Party Win","Without Controls","Liberal Democratic Norms Index (0-1 factor score of 7 ANES items; higher = stronger liberal norm support)","No"
76,0.147634166601966,1319.16523525769,220,2869,"Expect In-Party Win","Without Controls","Liberal Democratic Norms Index (0-1 factor score of 7 ANES items; higher = stronger liberal norm support)","No"
77,0.137938048025717,1038.93358632503,181,2869,"Expect In-Party Win","Without Controls","Liberal Democratic Norms Index (0-1 factor score of 7 ANES items; higher = stronger liberal norm support)","No"
78,0.0744918908093789,1257.44513162765,216,2869,"Expect In-Party Win","Without Controls","Liberal Democratic Norms Index (0-1 factor score of 7 ANES items; higher = stronger liberal norm support)","No"
79,0.0977778188572607,1054.7606473526,179,2869,"Expect In-Party Win","Without Controls","Liberal Democratic Norms Index (0-1 factor score of 7 ANES items; higher = stronger liberal norm support)","No"
80,0.110770551531072,1030.44207761548,174,2869,"Expect In-Party Win","Without Controls","Liberal Democratic Norms Index (0-1 factor score of 7 ANES items; higher = stronger liberal norm support)","No"
81,0.103676966681741,1259.8999712574,214,2869,"Expect In-Party Win","Without Controls","Liberal Democratic Norms Index (0-1 factor score of 7 ANES items; higher = stronger liberal norm support)","No"
82,0.144737031642949,1227.39858147284,204,2869,"Expect In-Party Win","Without Controls","Liberal Democratic Norms Index (0-1 factor score of 7 ANES items; higher = stronger liberal norm support)","No"
83,-0.0448398622410554,894.238826625385,164,2869,"Expect In-Party Win","Without Controls","Liberal Democratic Norms Index (0-1 factor score of 7 ANES items; higher = stronger liberal norm support)","No"
84,0.0971559222442356,1337.4324677645,232,2869,"Expect In-Party Win","Without Controls","Liberal Democratic Norms Index (0-1 factor score of 7 ANES items; higher = stronger liberal norm support)","No"
85,0.0206767418700204,910.578724370074,156,2869,"Expect In-Party Win","Without Controls","Liberal Democratic Norms Index (0-1 factor score of 7 ANES items; higher = stronger liberal norm support)","No"
86,0.0720483829319265,1022.42228754398,178,2869,"Expect In-Party Win","Without Controls","Liberal Democratic Norms Index (0-1 factor score of 7 ANES items; higher = stronger liberal norm support)","No"
87,0.0804719737003258,983.708941598584,171,2869,"Expect In-Party Win","Without Controls","Liberal Democratic Norms Index (0-1 factor score of 7 ANES items; higher = stronger liberal norm support)","No"
88,-0.111235857553309,765.194854231542,139,2869,"Expect In-Party Win","Without Controls","Liberal Democratic Norms Index (0-1 factor score of 7 ANES items; higher = stronger liberal norm support)","No"
89,0.0610362496436758,1108.08605789261,187,2869,"Expect In-Party Win","Without Controls","Liberal Democratic Norms Index (0-1 factor score of 7 ANES items; higher = stronger liberal norm support)","No"
90,0.144374881958632,1043.69420875525,180,2869,"Expect In-Party Win","Without Controls","Liberal Democratic Norms Index (0-1 factor score of 7 ANES items; higher = stronger liberal norm support)","No"
91,-0.00260033851738561,887.010425414707,160,2869,"Expect In-Party Win","Without Controls","Liberal Democratic Norms Index (0-1 factor score of 7 ANES items; higher = stronger liberal norm support)","No"
92,0.122695611721876,1163.65286906847,202,2869,"Expect In-Party Win","Without Controls","Liberal Democratic Norms Index (0-1 factor score of 7 ANES items; higher = stronger liberal norm support)","No"
93,0.0656485102217532,1455.51282880565,247,2869,"Expect In-Party Win","Without Controls","Liberal Democratic Norms Index (0-1 factor score of 7 ANES items; higher = stronger liberal norm support)","No"
94,0.0638415507522255,1364.41552993631,231,2869,"Expect In-Party Win","Without Controls","Liberal Democratic Norms Index (0-1 factor score of 7 ANES items; higher = stronger liberal norm support)","No"
95,0.14061687174183,1010.08188734455,175,2869,"Expect In-Party Win","Without Controls","Liberal Democratic Norms Index (0-1 factor score of 7 ANES items; higher = stronger liberal norm support)","No"
96,0.0253991333847776,972.232424430101,174,2869,"Expect In-Party Win","Without Controls","Liberal Democratic Norms Index (0-1 factor score of 7 ANES items; higher = stronger liberal norm support)","No"
97,-0.01027531446158,908.45720615138,159,2869,"Expect In-Party Win","Without Controls","Liberal Democratic Norms Index (0-1 factor score of 7 ANES items; higher = stronger liberal norm support)","No"
98,0.10725325690341,1384.93581868968,235,2869,"Expect In-Party Win","Without Controls","Liberal Democratic Norms Index (0-1 factor score of 7 ANES items; higher = stronger liberal norm support)","No"
99,0.134794053333486,1140.6508119205,193,2869,"Expect In-Party Win","Without Controls","Liberal Democratic Norms Index (0-1 factor score of 7 ANES items; higher = stronger liberal norm support)","No"
100,0.210925615127816,943.121747538007,166,2869,"Expect In-Party Win","Without Controls","Liberal Democratic Norms Index (0-1 factor score of 7 ANES items; higher = stronger liberal norm support)","No"
1,0.183360194559112,1597.23052046401,68,416,"Expect In-Party Loss","Without Controls","Liberal Democratic Norms Index (0-1 factor score of 7 ANES items; higher = stronger liberal norm support)","No"
2,0.225791501685625,1527.77392963353,65,416,"Expect In-Party Loss","Without Controls","Liberal Democratic Norms Index (0-1 factor score of 7 ANES items; higher = stronger liberal norm support)","No"
3,0.108491335325168,2371.46702839351,92,416,"Expect In-Party Loss","Without Controls","Liberal Democratic Norms Index (0-1 factor score of 7 ANES items; higher = stronger liberal norm support)","No"
4,0.0954590090190096,2404.63212636512,93,416,"Expect In-Party Loss","Without Controls","Liberal Democratic Norms Index (0-1 factor score of 7 ANES items; higher = stronger liberal norm support)","No"
5,0.234203994795011,1801.25402060551,74,416,"Expect In-Party Loss","Without Controls","Liberal Democratic Norms Index (0-1 factor score of 7 ANES items; higher = stronger liberal norm support)","No"
6,0.114298097015925,2150.01681265485,86,416,"Expect In-Party Loss","Without Controls","Liberal Democratic Norms Index (0-1 factor score of 7 ANES items; higher = stronger liberal norm support)","No"
7,0.251258104644751,1421.05066878002,58,416,"Expect In-Party Loss","Without Controls","Liberal Democratic Norms Index (0-1 factor score of 7 ANES items; higher = stronger liberal norm support)","No"
8,0.134590797485961,1958.31870024907,79,416,"Expect In-Party Loss","Without Controls","Liberal Democratic Norms Index (0-1 factor score of 7 ANES items; higher = stronger liberal norm support)","No"
9,0.131119963989325,2371.84799314619,92,416,"Expect In-Party Loss","Without Controls","Liberal Democratic Norms Index (0-1 factor score of 7 ANES items; higher = stronger liberal norm support)","No"
10,0.147263408332501,2048.30288184473,81,416,"Expect In-Party Loss","Without Controls","Liberal Democratic Norms Index (0-1 factor score of 7 ANES items; higher = stronger liberal norm support)","No"
11,-0.27934721977552,1712.37630134008,71,416,"Expect In-Party Loss","Without Controls","Liberal Democratic Norms Index (0-1 factor score of 7 ANES items; higher = stronger liberal norm support)","No"
12,0.443272804408531,1239.11469707294,52,416,"Expect In-Party Loss","Without Controls","Liberal Democratic Norms Index (0-1 factor score of 7 ANES items; higher = stronger liberal norm support)","No"
13,0.170346339580033,2162.71793939384,87,416,"Expect In-Party Loss","Without Controls","Liberal Democratic Norms Index (0-1 factor score of 7 ANES items; higher = stronger liberal norm support)","No"
14,0.0348450440580707,2111.24067835378,81,416,"Expect In-Party Loss","Without Controls","Liberal Democratic Norms Index (0-1 factor score of 7 ANES items; higher = stronger liberal norm support)","No"
15,0.103075550185993,1987.14544259641,81,416,"Expect In-Party Loss","Without Controls","Liberal Democratic Norms Index (0-1 factor score of 7 ANES items; higher = stronger liberal norm support)","No"
16,0.237054957324594,1370.53732838971,57,416,"Expect In-Party Loss","Without Controls","Liberal Democratic Norms Index (0-1 factor score of 7 ANES items; higher = stronger liberal norm support)","No"
17,0.127921740352267,1913.19447695759,78,416,"Expect In-Party Loss","Without Controls","Liberal Democratic Norms Index (0-1 factor score of 7 ANES items; higher = stronger liberal norm support)","No"
18,-0.186074180880036,1857.43717929839,77,416,"Expect In-Party Loss","Without Controls","Liberal Democratic Norms Index (0-1 factor score of 7 ANES items; higher = stronger liberal norm support)","No"
19,0.185313491895657,2249.97299221526,90,416,"Expect In-Party Loss","Without Controls","Liberal Democratic Norms Index (0-1 factor score of 7 ANES items; higher = stronger liberal norm support)","No"
20,-0.0333997267117524,1775.42421391307,75,416,"Expect In-Party Loss","Without Controls","Liberal Democratic Norms Index (0-1 factor score of 7 ANES items; higher = stronger liberal norm support)","No"
21,-0.00411022901140168,1169.36200195364,49,416,"Expect In-Party Loss","Without Controls","Liberal Democratic Norms Index (0-1 factor score of 7 ANES items; higher = stronger liberal norm support)","No"
22,0.15074325772807,1665.15428635305,70,416,"Expect In-Party Loss","Without Controls","Liberal Democratic Norms Index (0-1 factor score of 7 ANES items; higher = stronger liberal norm support)","No"
23,0.164718927806062,1531.62165809779,61,416,"Expect In-Party Loss","Without Controls","Liberal Democratic Norms Index (0-1 factor score of 7 ANES items; higher = stronger liberal norm support)","No"
24,-0.0357256102831046,2149.82617819312,86,416,"Expect In-Party Loss","Without Controls","Liberal Democratic Norms Index (0-1 factor score of 7 ANES items; higher = stronger liberal norm support)","No"
25,-0.132429139881821,1901.87913097054,76,416,"Expect In-Party Loss","Without Controls","Liberal Democratic Norms Index (0-1 factor score of 7 ANES items; higher = stronger liberal norm support)","No"
26,0.167673843152546,2050.09370377822,82,416,"Expect In-Party Loss","Without Controls","Liberal Democratic Norms Index (0-1 factor score of 7 ANES items; higher = stronger liberal norm support)","No"
27,0.143071784359449,2186.19666589956,85,416,"Expect In-Party Loss","Without Controls","Liberal Democratic Norms Index (0-1 factor score of 7 ANES items; higher = stronger liberal norm support)","No"
28,0.139510290302883,2252.25078535801,88,416,"Expect In-Party Loss","Without Controls","Liberal Democratic Norms Index (0-1 factor score of 7 ANES items; higher = stronger liberal norm support)","No"
29,0.179521921582381,1956.06637012954,79,416,"Expect In-Party Loss","Without Controls","Liberal Democratic Norms Index (0-1 factor score of 7 ANES items; higher = stronger liberal norm support)","No"
30,0.187912387067505,2077.16690865205,82,416,"Expect In-Party Loss","Without Controls","Liberal Democratic Norms Index (0-1 factor score of 7 ANES items; higher = stronger liberal norm support)","No"
31,0.303086691353721,1826.79362547753,74,416,"Expect In-Party Loss","Without Controls","Liberal Democratic Norms Index (0-1 factor score of 7 ANES items; higher = stronger liberal norm support)","No"
32,0.223427477468049,1750.56796738422,73,416,"Expect In-Party Loss","Without Controls","Liberal Democratic Norms Index (0-1 factor score of 7 ANES items; higher = stronger liberal norm support)","No"
33,0.00323283617619408,1727.32416617019,69,416,"Expect In-Party Loss","Without Controls","Liberal Democratic Norms Index (0-1 factor score of 7 ANES items; higher = stronger liberal norm support)","No"
34,0.0648432942717626,1821.83621358908,75,416,"Expect In-Party Loss","Without Controls","Liberal Democratic Norms Index (0-1 factor score of 7 ANES items; higher = stronger liberal norm support)","No"
35,-0.0270224596545751,1986.14843112716,78,416,"Expect In-Party Loss","Without Controls","Liberal Democratic Norms Index (0-1 factor score of 7 ANES items; higher = stronger liberal norm support)","No"
36,-0.239949029695617,1658.01859851597,69,416,"Expect In-Party Loss","Without Controls","Liberal Democratic Norms Index (0-1 factor score of 7 ANES items; higher = stronger liberal norm support)","No"
37,0.137795854067741,2296.31027566817,90,416,"Expect In-Party Loss","Without Controls","Liberal Democratic Norms Index (0-1 factor score of 7 ANES items; higher = stronger liberal norm support)","No"
38,-0.0645105485013804,1965.77345575043,82,416,"Expect In-Party Loss","Without Controls","Liberal Democratic Norms Index (0-1 factor score of 7 ANES items; higher = stronger liberal norm support)","No"
39,0.133656757145006,2196.63407147046,87,416,"Expect In-Party Loss","Without Controls","Liberal Democratic Norms Index (0-1 factor score of 7 ANES items; higher = stronger liberal norm support)","No"
40,0.0486901522993086,1721.41358200536,69,416,"Expect In-Party Loss","Without Controls","Liberal Democratic Norms Index (0-1 factor score of 7 ANES items; higher = stronger liberal norm support)","No"
41,0.087169957471439,1874.09265506444,77,416,"Expect In-Party Loss","Without Controls","Liberal Democratic Norms Index (0-1 factor score of 7 ANES items; higher = stronger liberal norm support)","No"
42,0.344263687478414,1477.96755581935,60,416,"Expect In-Party Loss","Without Controls","Liberal Democratic Norms Index (0-1 factor score of 7 ANES items; higher = stronger liberal norm support)","No"
43,0.0909226917953584,1896.26558316842,76,416,"Expect In-Party Loss","Without Controls","Liberal Democratic Norms Index (0-1 factor score of 7 ANES items; higher = stronger liberal norm support)","No"
44,0.212928078528798,2105.50895326874,81,416,"Expect In-Party Loss","Without Controls","Liberal Democratic Norms Index (0-1 factor score of 7 ANES items; higher = stronger liberal norm support)","No"
45,0.249368263715432,1883.45909032788,77,416,"Expect In-Party Loss","Without Controls","Liberal Democratic Norms Index (0-1 factor score of 7 ANES items; higher = stronger liberal norm support)","No"
46,-0.175520516764702,2170.79081371701,87,416,"Expect In-Party Loss","Without Controls","Liberal Democratic Norms Index (0-1 factor score of 7 ANES items; higher = stronger liberal norm support)","No"
47,0.190626774647346,2119.26017356852,80,416,"Expect In-Party Loss","Without Controls","Liberal Democratic Norms Index (0-1 factor score of 7 ANES items; higher = stronger liberal norm support)","No"
48,-0.277990034821563,1669.97827580736,70,416,"Expect In-Party Loss","Without Controls","Liberal Democratic Norms Index (0-1 factor score of 7 ANES items; higher = stronger liberal norm support)","No"
49,0.147166977713991,2121.6790237431,83,416,"Expect In-Party Loss","Without Controls","Liberal Democratic Norms Index (0-1 factor score of 7 ANES items; higher = stronger liberal norm support)","No"
50,0.0937359197306804,2041.30031424744,85,416,"Expect In-Party Loss","Without Controls","Liberal Democratic Norms Index (0-1 factor score of 7 ANES items; higher = stronger liberal norm support)","No"
51,0.190532829315658,2205.65498531477,88,416,"Expect In-Party Loss","Without Controls","Liberal Democratic Norms Index (0-1 factor score of 7 ANES items; higher = stronger liberal norm support)","No"
52,0.0736536501240083,2383.76718806139,92,416,"Expect In-Party Loss","Without Controls","Liberal Democratic Norms Index (0-1 factor score of 7 ANES items; higher = stronger liberal norm support)","No"
53,0.261004244277041,1739.20056629173,73,416,"Expect In-Party Loss","Without Controls","Liberal Democratic Norms Index (0-1 factor score of 7 ANES items; higher = stronger liberal norm support)","No"
54,0.323374718935749,1424.79453933659,60,416,"Expect In-Party Loss","Without Controls","Liberal Democratic Norms Index (0-1 factor score of 7 ANES items; higher = stronger liberal norm support)","No"
55,0.321645412470229,1206.36585335362,51,416,"Expect In-Party Loss","Without Controls","Liberal Democratic Norms Index (0-1 factor score of 7 ANES items; higher = stronger liberal norm support)","No"
56,0.0884317083852827,2349.84298029216,93,416,"Expect In-Party Loss","Without Controls","Liberal Democratic Norms Index (0-1 factor score of 7 ANES items; higher = stronger liberal norm support)","No"
57,0.13700277162106,2061.38851325251,80,416,"Expect In-Party Loss","Without Controls","Liberal Democratic Norms Index (0-1 factor score of 7 ANES items; higher = stronger liberal norm support)","No"
58,0.155713828384223,1629.9776887167,66,416,"Expect In-Party Loss","Without Controls","Liberal Democratic Norms Index (0-1 factor score of 7 ANES items; higher = stronger liberal norm support)","No"
59,0.23999628886459,1405.64511608751,57,416,"Expect In-Party Loss","Without Controls","Liberal Democratic Norms Index (0-1 factor score of 7 ANES items; higher = stronger liberal norm support)","No"
60,0.257126509655083,2155.49232938103,85,416,"Expect In-Party Loss","Without Controls","Liberal Democratic Norms Index (0-1 factor score of 7 ANES items; higher = stronger liberal norm support)","No"
61,-0.241782447822899,1648.61643595254,67,416,"Expect In-Party Loss","Without Controls","Liberal Democratic Norms Index (0-1 factor score of 7 ANES items; higher = stronger liberal norm support)","No"
62,-0.0897468571588272,1563.89392884556,61,416,"Expect In-Party Loss","Without Controls","Liberal Democratic Norms Index (0-1 factor score of 7 ANES items; higher = stronger liberal norm support)","No"
63,-0.107071533476231,1861.01814745814,75,416,"Expect In-Party Loss","Without Controls","Liberal Democratic Norms Index (0-1 factor score of 7 ANES items; higher = stronger liberal norm support)","No"
64,0.171087004880586,2057.23567935679,82,416,"Expect In-Party Loss","Without Controls","Liberal Democratic Norms Index (0-1 factor score of 7 ANES items; higher = stronger liberal norm support)","No"
65,0.189995193754676,1666.62052424581,68,416,"Expect In-Party Loss","Without Controls","Liberal Democratic Norms Index (0-1 factor score of 7 ANES items; higher = stronger liberal norm support)","No"
66,-0.0396787252069188,1904.58929057837,78,416,"Expect In-Party Loss","Without Controls","Liberal Democratic Norms Index (0-1 factor score of 7 ANES items; higher = stronger liberal norm support)","No"
67,0.26328355191164,1346.45469911592,56,416,"Expect In-Party Loss","Without Controls","Liberal Democratic Norms Index (0-1 factor score of 7 ANES items; higher = stronger liberal norm support)","No"
68,0.228618286354992,1849.81133289889,75,416,"Expect In-Party Loss","Without Controls","Liberal Democratic Norms Index (0-1 factor score of 7 ANES items; higher = stronger liberal norm support)","No"
69,0.100674984499563,2265.03129908437,89,416,"Expect In-Party Loss","Without Controls","Liberal Democratic Norms Index (0-1 factor score of 7 ANES items; higher = stronger liberal norm support)","No"
70,0.0296379098295484,2129.66701347484,84,416,"Expect In-Party Loss","Without Controls","Liberal Democratic Norms Index (0-1 factor score of 7 ANES items; higher = stronger liberal norm support)","No"
71,0.229995395998643,1458.38255143854,61,416,"Expect In-Party Loss","Without Controls","Liberal Democratic Norms Index (0-1 factor score of 7 ANES items; higher = stronger liberal norm support)","No"
72,-0.12066302532629,1964.26022988834,79,416,"Expect In-Party Loss","Without Controls","Liberal Democratic Norms Index (0-1 factor score of 7 ANES items; higher = stronger liberal norm support)","No"
73,0.243761896305574,1941.99511108365,78,416,"Expect In-Party Loss","Without Controls","Liberal Democratic Norms Index (0-1 factor score of 7 ANES items; higher = stronger liberal norm support)","No"
74,0.0415462444090788,2297.58401021882,87,416,"Expect In-Party Loss","Without Controls","Liberal Democratic Norms Index (0-1 factor score of 7 ANES items; higher = stronger liberal norm support)","No"
75,-0.0207908712333866,2193.17163449997,85,416,"Expect In-Party Loss","Without Controls","Liberal Democratic Norms Index (0-1 factor score of 7 ANES items; higher = stronger liberal norm support)","No"
76,0.0215370623247705,1978.07583989985,80,416,"Expect In-Party Loss","Without Controls","Liberal Democratic Norms Index (0-1 factor score of 7 ANES items; higher = stronger liberal norm support)","No"
77,0.186670683897385,1934.04782855446,76,416,"Expect In-Party Loss","Without Controls","Liberal Democratic Norms Index (0-1 factor score of 7 ANES items; higher = stronger liberal norm support)","No"
78,0.221697026280895,1458.05345118867,59,416,"Expect In-Party Loss","Without Controls","Liberal Democratic Norms Index (0-1 factor score of 7 ANES items; higher = stronger liberal norm support)","No"
79,0.0622208399299103,1982.18831046014,80,416,"Expect In-Party Loss","Without Controls","Liberal Democratic Norms Index (0-1 factor score of 7 ANES items; higher = stronger liberal norm support)","No"
80,-0.198836812558631,1870.53943316531,76,416,"Expect In-Party Loss","Without Controls","Liberal Democratic Norms Index (0-1 factor score of 7 ANES items; higher = stronger liberal norm support)","No"
81,-0.0581652981399786,1964.81711558566,78,416,"Expect In-Party Loss","Without Controls","Liberal Democratic Norms Index (0-1 factor score of 7 ANES items; higher = stronger liberal norm support)","No"
82,0.225364259074143,1793.66628527998,75,416,"Expect In-Party Loss","Without Controls","Liberal Democratic Norms Index (0-1 factor score of 7 ANES items; higher = stronger liberal norm support)","No"
83,0.122684338867062,2027.78063751658,81,416,"Expect In-Party Loss","Without Controls","Liberal Democratic Norms Index (0-1 factor score of 7 ANES items; higher = stronger liberal norm support)","No"
84,0.156435415071615,1997.07802011055,82,416,"Expect In-Party Loss","Without Controls","Liberal Democratic Norms Index (0-1 factor score of 7 ANES items; higher = stronger liberal norm support)","No"
85,0.18822776486572,2201.55274254994,87,416,"Expect In-Party Loss","Without Controls","Liberal Democratic Norms Index (0-1 factor score of 7 ANES items; higher = stronger liberal norm support)","No"
86,0.0270076471660872,2264.86109672687,93,416,"Expect In-Party Loss","Without Controls","Liberal Democratic Norms Index (0-1 factor score of 7 ANES items; higher = stronger liberal norm support)","No"
87,0.141524958508814,2383.91952702405,94,416,"Expect In-Party Loss","Without Controls","Liberal Democratic Norms Index (0-1 factor score of 7 ANES items; higher = stronger liberal norm support)","No"
88,0.218611257933331,2124.54385226628,83,416,"Expect In-Party Loss","Without Controls","Liberal Democratic Norms Index (0-1 factor score of 7 ANES items; higher = stronger liberal norm support)","No"
89,0.240555054713903,1415.15348611618,59,416,"Expect In-Party Loss","Without Controls","Liberal Democratic Norms Index (0-1 factor score of 7 ANES items; higher = stronger liberal norm support)","No"
90,-0.175630951652959,1710.00159707165,72,416,"Expect In-Party Loss","Without Controls","Liberal Democratic Norms Index (0-1 factor score of 7 ANES items; higher = stronger liberal norm support)","No"
91,0.0626514275258095,2198.96668022773,87,416,"Expect In-Party Loss","Without Controls","Liberal Democratic Norms Index (0-1 factor score of 7 ANES items; higher = stronger liberal norm support)","No"
92,-0.0640377379170984,2084.91782158534,85,416,"Expect In-Party Loss","Without Controls","Liberal Democratic Norms Index (0-1 factor score of 7 ANES items; higher = stronger liberal norm support)","No"
93,0.315653956269232,1385.75823479583,54,416,"Expect In-Party Loss","Without Controls","Liberal Democratic Norms Index (0-1 factor score of 7 ANES items; higher = stronger liberal norm support)","No"
94,0.152091779684734,2280.32931595838,88,416,"Expect In-Party Loss","Without Controls","Liberal Democratic Norms Index (0-1 factor score of 7 ANES items; higher = stronger liberal norm support)","No"
95,0.149795603778338,2218.68867122219,90,416,"Expect In-Party Loss","Without Controls","Liberal Democratic Norms Index (0-1 factor score of 7 ANES items; higher = stronger liberal norm support)","No"
96,0.0875569762803634,2148.11922807299,84,416,"Expect In-Party Loss","Without Controls","Liberal Democratic Norms Index (0-1 factor score of 7 ANES items; higher = stronger liberal norm support)","No"
97,0.188093150322963,2174.5917372833,86,416,"Expect In-Party Loss","Without Controls","Liberal Democratic Norms Index (0-1 factor score of 7 ANES items; higher = stronger liberal norm support)","No"
98,0.122007578239214,2223.54715841297,87,416,"Expect In-Party Loss","Without Controls","Liberal Democratic Norms Index (0-1 factor score of 7 ANES items; higher = stronger liberal norm support)","No"
99,0.0204978843173732,1684.38970448215,69,416,"Expect In-Party Loss","Without Controls","Liberal Democratic Norms Index (0-1 factor score of 7 ANES items; higher = stronger liberal norm support)","No"
100,0.137921471596249,1695.1812363163,68,416,"Expect In-Party Loss","Without Controls","Liberal Democratic Norms Index (0-1 factor score of 7 ANES items; higher = stronger liberal norm support)","No"
