"Sample","Model","Bin","N_draws","Bin_Midpoint","Density","Outcome","Weighted","Note"
"Full Sample","With Controls","[-0.208,-0.194]",3,-0.20341,241.56603,"Liberal Democratic Norms Index (0-1)","No","Each row is one histogram bin. Bin_Midpoint = mean estimate within the bin. N_draws = count of simulation iterations falling in that bin."
"Full Sample","With Controls","(-0.194,-0.181]",3,-0.188336,249.196365,"Liberal Democratic Norms Index (0-1)","No","Each row is one histogram bin. Bin_Midpoint = mean estimate within the bin. N_draws = count of simulation iterations falling in that bin."
"Full Sample","With Controls","(-0.181,-0.167]",10,-0.172539,900.084953,"Liberal Democratic Norms Index (0-1)","No","Each row is one histogram bin. Bin_Midpoint = mean estimate within the bin. N_draws = count of simulation iterations falling in that bin."
"Full Sample","With Controls","(-0.167,-0.154]",11,-0.159362,1069.974359,"Liberal Democratic Norms Index (0-1)","No","Each row is one histogram bin. Bin_Midpoint = mean estimate within the bin. N_draws = count of simulation iterations falling in that bin."
"Full Sample","With Controls","(-0.154,-0.14]",16,-0.147783,1273.021356,"Liberal Democratic Norms Index (0-1)","No","Each row is one histogram bin. Bin_Midpoint = mean estimate within the bin. N_draws = count of simulation iterations falling in that bin."
"Full Sample","With Controls","(-0.14,-0.126]",20,-0.133752,1536.937006,"Liberal Democratic Norms Index (0-1)","No","Each row is one histogram bin. Bin_Midpoint = mean estimate within the bin. N_draws = count of simulation iterations falling in that bin."
"Full Sample","With Controls","(-0.126,-0.113]",21,-0.1192,1713.837294,"Liberal Democratic Norms Index (0-1)","No","Each row is one histogram bin. Bin_Midpoint = mean estimate within the bin. N_draws = count of simulation iterations falling in that bin."
"Full Sample","With Controls","(-0.113,-0.0994]",53,-0.106531,4006.555898,"Liberal Democratic Norms Index (0-1)","No","Each row is one histogram bin. Bin_Midpoint = mean estimate within the bin. N_draws = count of simulation iterations falling in that bin."
"Full Sample","With Controls","(-0.0994,-0.0859]",70,-0.091999,5216.614882,"Liberal Democratic Norms Index (0-1)","No","Each row is one histogram bin. Bin_Midpoint = mean estimate within the bin. N_draws = count of simulation iterations falling in that bin."
"Full Sample","With Controls","(-0.0859,-0.0723]",108,-0.078463,8020.744918,"Liberal Democratic Norms Index (0-1)","No","Each row is one histogram bin. Bin_Midpoint = mean estimate within the bin. N_draws = count of simulation iterations falling in that bin."
"Full Sample","With Controls","(-0.0723,-0.0588]",165,-0.06523,12255.983941,"Liberal Democratic Norms Index (0-1)","No","Each row is one histogram bin. Bin_Midpoint = mean estimate within the bin. N_draws = count of simulation iterations falling in that bin."
"Full Sample","With Controls","(-0.0588,-0.0452]",195,-0.052051,14575.856142,"Liberal Democratic Norms Index (0-1)","No","Each row is one histogram bin. Bin_Midpoint = mean estimate within the bin. N_draws = count of simulation iterations falling in that bin."
"Full Sample","With Controls","(-0.0452,-0.0317]",237,-0.038082,17771.44716,"Liberal Democratic Norms Index (0-1)","No","Each row is one histogram bin. Bin_Midpoint = mean estimate within the bin. N_draws = count of simulation iterations falling in that bin."
"Full Sample","With Controls","(-0.0317,-0.0182]",350,-0.024671,25931.300852,"Liberal Democratic Norms Index (0-1)","No","Each row is one histogram bin. Bin_Midpoint = mean estimate within the bin. N_draws = count of simulation iterations falling in that bin."
"Full Sample","With Controls","(-0.0182,-0.00461]",487,-0.011079,36146.156521,"Liberal Democratic Norms Index (0-1)","No","Each row is one histogram bin. Bin_Midpoint = mean estimate within the bin. N_draws = count of simulation iterations falling in that bin."
"Full Sample","With Controls","(-0.00461,0.00893]",659,0.002426,48905.761119,"Liberal Democratic Norms Index (0-1)","No","Each row is one histogram bin. Bin_Midpoint = mean estimate within the bin. N_draws = count of simulation iterations falling in that bin."
"Full Sample","With Controls","(0.00893,0.0225]",954,0.01608,70455.563494,"Liberal Democratic Norms Index (0-1)","No","Each row is one histogram bin. Bin_Midpoint = mean estimate within the bin. N_draws = count of simulation iterations falling in that bin."
"Full Sample","With Controls","(0.0225,0.036]",1200,0.029751,88842.192882,"Liberal Democratic Norms Index (0-1)","No","Each row is one histogram bin. Bin_Midpoint = mean estimate within the bin. N_draws = count of simulation iterations falling in that bin."
"Full Sample","With Controls","(0.036,0.0496]",1403,0.042623,103668.221508,"Liberal Democratic Norms Index (0-1)","No","Each row is one histogram bin. Bin_Midpoint = mean estimate within the bin. N_draws = count of simulation iterations falling in that bin."
"Full Sample","With Controls","(0.0496,0.0631]",1439,0.055967,106501.25936,"Liberal Democratic Norms Index (0-1)","No","Each row is one histogram bin. Bin_Midpoint = mean estimate within the bin. N_draws = count of simulation iterations falling in that bin."
"Full Sample","With Controls","(0.0631,0.0766]",1093,0.069443,80908.166028,"Liberal Democratic Norms Index (0-1)","No","Each row is one histogram bin. Bin_Midpoint = mean estimate within the bin. N_draws = count of simulation iterations falling in that bin."
"Full Sample","With Controls","(0.0766,0.0902]",728,0.082868,54104.681733,"Liberal Democratic Norms Index (0-1)","No","Each row is one histogram bin. Bin_Midpoint = mean estimate within the bin. N_draws = count of simulation iterations falling in that bin."
"Full Sample","With Controls","(0.0902,0.104]",374,0.096217,27816.276461,"Liberal Democratic Norms Index (0-1)","No","Each row is one histogram bin. Bin_Midpoint = mean estimate within the bin. N_draws = count of simulation iterations falling in that bin."
"Full Sample","With Controls","(0.104,0.117]",206,0.109415,15292.506806,"Liberal Democratic Norms Index (0-1)","No","Each row is one histogram bin. Bin_Midpoint = mean estimate within the bin. N_draws = count of simulation iterations falling in that bin."
"Full Sample","With Controls","(0.117,0.131]",102,0.1228,7608.989251,"Liberal Democratic Norms Index (0-1)","No","Each row is one histogram bin. Bin_Midpoint = mean estimate within the bin. N_draws = count of simulation iterations falling in that bin."
"Full Sample","With Controls","(0.131,0.144]",50,0.1371,3827.124836,"Liberal Democratic Norms Index (0-1)","No","Each row is one histogram bin. Bin_Midpoint = mean estimate within the bin. N_draws = count of simulation iterations falling in that bin."
"Full Sample","With Controls","(0.144,0.158]",23,0.150744,1913.049441,"Liberal Democratic Norms Index (0-1)","No","Each row is one histogram bin. Bin_Midpoint = mean estimate within the bin. N_draws = count of simulation iterations falling in that bin."
"Full Sample","With Controls","(0.158,0.171]",10,0.165038,1065.577951,"Liberal Democratic Norms Index (0-1)","No","Each row is one histogram bin. Bin_Midpoint = mean estimate within the bin. N_draws = count of simulation iterations falling in that bin."
"Full Sample","With Controls","(0.171,0.185]",7,0.176974,736.692993,"Liberal Democratic Norms Index (0-1)","No","Each row is one histogram bin. Bin_Midpoint = mean estimate within the bin. N_draws = count of simulation iterations falling in that bin."
"Full Sample","With Controls","(0.185,0.199]",3,0.194656,261.578241,"Liberal Democratic Norms Index (0-1)","No","Each row is one histogram bin. Bin_Midpoint = mean estimate within the bin. N_draws = count of simulation iterations falling in that bin."
"Full Sample","Without Controls","[-0.281,-0.264]",1,-0.280886,Inf,"Liberal Democratic Norms Index (0-1)","No","Each row is one histogram bin. Bin_Midpoint = mean estimate within the bin. N_draws = count of simulation iterations falling in that bin."
"Full Sample","Without Controls","(-0.247,-0.231]",1,-0.244782,Inf,"Liberal Democratic Norms Index (0-1)","No","Each row is one histogram bin. Bin_Midpoint = mean estimate within the bin. N_draws = count of simulation iterations falling in that bin."
"Full Sample","Without Controls","(-0.231,-0.214]",1,-0.220274,Inf,"Liberal Democratic Norms Index (0-1)","No","Each row is one histogram bin. Bin_Midpoint = mean estimate within the bin. N_draws = count of simulation iterations falling in that bin."
"Full Sample","Without Controls","(-0.214,-0.197]",5,-0.206579,346.437806,"Liberal Democratic Norms Index (0-1)","No","Each row is one histogram bin. Bin_Midpoint = mean estimate within the bin. N_draws = count of simulation iterations falling in that bin."
"Full Sample","Without Controls","(-0.197,-0.18]",7,-0.190566,494.287762,"Liberal Democratic Norms Index (0-1)","No","Each row is one histogram bin. Bin_Midpoint = mean estimate within the bin. N_draws = count of simulation iterations falling in that bin."
"Full Sample","Without Controls","(-0.18,-0.163]",14,-0.169146,1245.748149,"Liberal Democratic Norms Index (0-1)","No","Each row is one histogram bin. Bin_Midpoint = mean estimate within the bin. N_draws = count of simulation iterations falling in that bin."
"Full Sample","Without Controls","(-0.163,-0.147]",16,-0.153543,1219.238653,"Liberal Democratic Norms Index (0-1)","No","Each row is one histogram bin. Bin_Midpoint = mean estimate within the bin. N_draws = count of simulation iterations falling in that bin."
"Full Sample","Without Controls","(-0.147,-0.13]",31,-0.13732,2019.221142,"Liberal Democratic Norms Index (0-1)","No","Each row is one histogram bin. Bin_Midpoint = mean estimate within the bin. N_draws = count of simulation iterations falling in that bin."
"Full Sample","Without Controls","(-0.13,-0.113]",53,-0.1203,3358.312545,"Liberal Democratic Norms Index (0-1)","No","Each row is one histogram bin. Bin_Midpoint = mean estimate within the bin. N_draws = count of simulation iterations falling in that bin."
"Full Sample","Without Controls","(-0.113,-0.0962]",77,-0.10526,4747.619311,"Liberal Democratic Norms Index (0-1)","No","Each row is one histogram bin. Bin_Midpoint = mean estimate within the bin. N_draws = count of simulation iterations falling in that bin."
"Full Sample","Without Controls","(-0.0962,-0.0794]",140,-0.08722,8389.23435,"Liberal Democratic Norms Index (0-1)","No","Each row is one histogram bin. Bin_Midpoint = mean estimate within the bin. N_draws = count of simulation iterations falling in that bin."
"Full Sample","Without Controls","(-0.0794,-0.0626]",189,-0.070334,11351.102595,"Liberal Democratic Norms Index (0-1)","No","Each row is one histogram bin. Bin_Midpoint = mean estimate within the bin. N_draws = count of simulation iterations falling in that bin."
"Full Sample","Without Controls","(-0.0626,-0.0459]",306,-0.053645,18316.854848,"Liberal Democratic Norms Index (0-1)","No","Each row is one histogram bin. Bin_Midpoint = mean estimate within the bin. N_draws = count of simulation iterations falling in that bin."
"Full Sample","Without Controls","(-0.0459,-0.0291]",418,-0.037142,25082.562377,"Liberal Democratic Norms Index (0-1)","No","Each row is one histogram bin. Bin_Midpoint = mean estimate within the bin. N_draws = count of simulation iterations falling in that bin."
"Full Sample","Without Controls","(-0.0291,-0.0123]",578,-0.020431,34880.534738,"Liberal Democratic Norms Index (0-1)","No","Each row is one histogram bin. Bin_Midpoint = mean estimate within the bin. N_draws = count of simulation iterations falling in that bin."
"Full Sample","Without Controls","(-0.0123,0.00451]",764,-0.003637,45544.629015,"Liberal Democratic Norms Index (0-1)","No","Each row is one histogram bin. Bin_Midpoint = mean estimate within the bin. N_draws = count of simulation iterations falling in that bin."
"Full Sample","Without Controls","(0.00451,0.0213]",1069,0.013476,63798.601044,"Liberal Democratic Norms Index (0-1)","No","Each row is one histogram bin. Bin_Midpoint = mean estimate within the bin. N_draws = count of simulation iterations falling in that bin."
"Full Sample","Without Controls","(0.0213,0.0381]",1382,0.030022,82453.74204,"Liberal Democratic Norms Index (0-1)","No","Each row is one histogram bin. Bin_Midpoint = mean estimate within the bin. N_draws = count of simulation iterations falling in that bin."
"Full Sample","Without Controls","(0.0381,0.0549]",1626,0.046377,96931.027721,"Liberal Democratic Norms Index (0-1)","No","Each row is one histogram bin. Bin_Midpoint = mean estimate within the bin. N_draws = count of simulation iterations falling in that bin."
"Full Sample","Without Controls","(0.0549,0.0717]",1483,0.063099,88387.118706,"Liberal Democratic Norms Index (0-1)","No","Each row is one histogram bin. Bin_Midpoint = mean estimate within the bin. N_draws = count of simulation iterations falling in that bin."
"Full Sample","Without Controls","(0.0717,0.0885]",997,0.07895,59513.433229,"Liberal Democratic Norms Index (0-1)","No","Each row is one histogram bin. Bin_Midpoint = mean estimate within the bin. N_draws = count of simulation iterations falling in that bin."
"Full Sample","Without Controls","(0.0885,0.105]",506,0.095558,30290.921911,"Liberal Democratic Norms Index (0-1)","No","Each row is one histogram bin. Bin_Midpoint = mean estimate within the bin. N_draws = count of simulation iterations falling in that bin."
"Full Sample","Without Controls","(0.105,0.122]",190,0.112507,11450.750461,"Liberal Democratic Norms Index (0-1)","No","Each row is one histogram bin. Bin_Midpoint = mean estimate within the bin. N_draws = count of simulation iterations falling in that bin."
"Full Sample","Without Controls","(0.122,0.139]",89,0.128906,5416.671868,"Liberal Democratic Norms Index (0-1)","No","Each row is one histogram bin. Bin_Midpoint = mean estimate within the bin. N_draws = count of simulation iterations falling in that bin."
"Full Sample","Without Controls","(0.139,0.156]",34,0.145928,2098.30805,"Liberal Democratic Norms Index (0-1)","No","Each row is one histogram bin. Bin_Midpoint = mean estimate within the bin. N_draws = count of simulation iterations falling in that bin."
"Full Sample","Without Controls","(0.156,0.172]",12,0.16238,811.257636,"Liberal Democratic Norms Index (0-1)","No","Each row is one histogram bin. Bin_Midpoint = mean estimate within the bin. N_draws = count of simulation iterations falling in that bin."
"Full Sample","Without Controls","(0.172,0.189]",8,0.179407,611.585705,"Liberal Democratic Norms Index (0-1)","No","Each row is one histogram bin. Bin_Midpoint = mean estimate within the bin. N_draws = count of simulation iterations falling in that bin."
"Full Sample","Without Controls","(0.206,0.223]",3,0.213765,218.058396,"Liberal Democratic Norms Index (0-1)","No","Each row is one histogram bin. Bin_Midpoint = mean estimate within the bin. N_draws = count of simulation iterations falling in that bin."
"Independents","With Controls","[-0.334,-0.313]",2,-0.332136,879.9527,"Liberal Democratic Norms Index (0-1)","No","Each row is one histogram bin. Bin_Midpoint = mean estimate within the bin. N_draws = count of simulation iterations falling in that bin."
"Independents","With Controls","(-0.313,-0.293]",1,-0.299492,Inf,"Liberal Democratic Norms Index (0-1)","No","Each row is one histogram bin. Bin_Midpoint = mean estimate within the bin. N_draws = count of simulation iterations falling in that bin."
"Independents","With Controls","(-0.293,-0.272]",1,-0.288467,Inf,"Liberal Democratic Norms Index (0-1)","No","Each row is one histogram bin. Bin_Midpoint = mean estimate within the bin. N_draws = count of simulation iterations falling in that bin."
"Independents","With Controls","(-0.272,-0.252]",4,-0.261369,437.464408,"Liberal Democratic Norms Index (0-1)","No","Each row is one histogram bin. Bin_Midpoint = mean estimate within the bin. N_draws = count of simulation iterations falling in that bin."
"Independents","With Controls","(-0.252,-0.232]",6,-0.241725,423.401287,"Liberal Democratic Norms Index (0-1)","No","Each row is one histogram bin. Bin_Midpoint = mean estimate within the bin. N_draws = count of simulation iterations falling in that bin."
"Independents","With Controls","(-0.232,-0.211]",12,-0.22108,701.093565,"Liberal Democratic Norms Index (0-1)","No","Each row is one histogram bin. Bin_Midpoint = mean estimate within the bin. N_draws = count of simulation iterations falling in that bin."
"Independents","With Controls","(-0.211,-0.191]",12,-0.199821,686.700022,"Liberal Democratic Norms Index (0-1)","No","Each row is one histogram bin. Bin_Midpoint = mean estimate within the bin. N_draws = count of simulation iterations falling in that bin."
"Independents","With Controls","(-0.191,-0.171]",31,-0.178904,1644.383485,"Liberal Democratic Norms Index (0-1)","No","Each row is one histogram bin. Bin_Midpoint = mean estimate within the bin. N_draws = count of simulation iterations falling in that bin."
"Independents","With Controls","(-0.171,-0.15]",41,-0.158403,2041.450083,"Liberal Democratic Norms Index (0-1)","No","Each row is one histogram bin. Bin_Midpoint = mean estimate within the bin. N_draws = count of simulation iterations falling in that bin."
"Independents","With Controls","(-0.15,-0.13]",94,-0.139471,4690.04467,"Liberal Democratic Norms Index (0-1)","No","Each row is one histogram bin. Bin_Midpoint = mean estimate within the bin. N_draws = count of simulation iterations falling in that bin."
"Independents","With Controls","(-0.13,-0.11]",133,-0.119076,6632.703446,"Liberal Democratic Norms Index (0-1)","No","Each row is one histogram bin. Bin_Midpoint = mean estimate within the bin. N_draws = count of simulation iterations falling in that bin."
"Independents","With Controls","(-0.11,-0.0894]",184,-0.098983,9170.651817,"Liberal Democratic Norms Index (0-1)","No","Each row is one histogram bin. Bin_Midpoint = mean estimate within the bin. N_draws = count of simulation iterations falling in that bin."
"Independents","With Controls","(-0.0894,-0.0691]",355,-0.078148,17527.673536,"Liberal Democratic Norms Index (0-1)","No","Each row is one histogram bin. Bin_Midpoint = mean estimate within the bin. N_draws = count of simulation iterations falling in that bin."
"Independents","With Controls","(-0.0691,-0.0488]",557,-0.058773,27523.274255,"Liberal Democratic Norms Index (0-1)","No","Each row is one histogram bin. Bin_Midpoint = mean estimate within the bin. N_draws = count of simulation iterations falling in that bin."
"Independents","With Controls","(-0.0488,-0.0284]",907,-0.038074,44754.182293,"Liberal Democratic Norms Index (0-1)","No","Each row is one histogram bin. Bin_Midpoint = mean estimate within the bin. N_draws = count of simulation iterations falling in that bin."
"Independents","With Controls","(-0.0284,-0.00812]",1231,-0.017473,60805.936109,"Liberal Democratic Norms Index (0-1)","No","Each row is one histogram bin. Bin_Midpoint = mean estimate within the bin. N_draws = count of simulation iterations falling in that bin."
"Independents","With Controls","(-0.00812,0.0122]",1557,0.002372,76701.815257,"Liberal Democratic Norms Index (0-1)","No","Each row is one histogram bin. Bin_Midpoint = mean estimate within the bin. N_draws = count of simulation iterations falling in that bin."
"Independents","With Controls","(0.0122,0.0325]",1592,0.022322,78506.105227,"Liberal Democratic Norms Index (0-1)","No","Each row is one histogram bin. Bin_Midpoint = mean estimate within the bin. N_draws = count of simulation iterations falling in that bin."
"Independents","With Controls","(0.0325,0.0528]",1353,0.042435,66619.999381,"Liberal Democratic Norms Index (0-1)","No","Each row is one histogram bin. Bin_Midpoint = mean estimate within the bin. N_draws = count of simulation iterations falling in that bin."
"Independents","With Controls","(0.0528,0.0732]",954,0.062369,47013.122879,"Liberal Democratic Norms Index (0-1)","No","Each row is one histogram bin. Bin_Midpoint = mean estimate within the bin. N_draws = count of simulation iterations falling in that bin."
"Independents","With Controls","(0.0732,0.0935]",572,0.082357,28210.824029,"Liberal Democratic Norms Index (0-1)","No","Each row is one histogram bin. Bin_Midpoint = mean estimate within the bin. N_draws = count of simulation iterations falling in that bin."
"Independents","With Controls","(0.0935,0.114]",254,0.102373,12743.832874,"Liberal Democratic Norms Index (0-1)","No","Each row is one histogram bin. Bin_Midpoint = mean estimate within the bin. N_draws = count of simulation iterations falling in that bin."
"Independents","With Controls","(0.114,0.134]",89,0.122813,4515.865572,"Liberal Democratic Norms Index (0-1)","No","Each row is one histogram bin. Bin_Midpoint = mean estimate within the bin. N_draws = count of simulation iterations falling in that bin."
"Independents","With Controls","(0.134,0.154]",30,0.142753,1535.771576,"Liberal Democratic Norms Index (0-1)","No","Each row is one histogram bin. Bin_Midpoint = mean estimate within the bin. N_draws = count of simulation iterations falling in that bin."
"Independents","With Controls","(0.154,0.175]",17,0.163758,872.988489,"Liberal Democratic Norms Index (0-1)","No","Each row is one histogram bin. Bin_Midpoint = mean estimate within the bin. N_draws = count of simulation iterations falling in that bin."
"Independents","With Controls","(0.175,0.195]",10,0.181647,639.935463,"Liberal Democratic Norms Index (0-1)","No","Each row is one histogram bin. Bin_Midpoint = mean estimate within the bin. N_draws = count of simulation iterations falling in that bin."
"Independents","With Controls","(0.256,0.277]",1,0.276391,Inf,"Liberal Democratic Norms Index (0-1)","No","Each row is one histogram bin. Bin_Midpoint = mean estimate within the bin. N_draws = count of simulation iterations falling in that bin."
"Independents","Without Controls","[-0.287,-0.266]",1,-0.286441,Inf,"Liberal Democratic Norms Index (0-1)","No","Each row is one histogram bin. Bin_Midpoint = mean estimate within the bin. N_draws = count of simulation iterations falling in that bin."
"Independents","Without Controls","(-0.225,-0.205]",5,-0.218936,419.76377,"Liberal Democratic Norms Index (0-1)","No","Each row is one histogram bin. Bin_Midpoint = mean estimate within the bin. N_draws = count of simulation iterations falling in that bin."
"Independents","Without Controls","(-0.205,-0.184]",9,-0.196,756.237383,"Liberal Democratic Norms Index (0-1)","No","Each row is one histogram bin. Bin_Midpoint = mean estimate within the bin. N_draws = count of simulation iterations falling in that bin."
"Independents","Without Controls","(-0.184,-0.164]",26,-0.172748,1355.543665,"Liberal Democratic Norms Index (0-1)","No","Each row is one histogram bin. Bin_Midpoint = mean estimate within the bin. N_draws = count of simulation iterations falling in that bin."
"Independents","Without Controls","(-0.164,-0.144]",59,-0.151389,3006.440128,"Liberal Democratic Norms Index (0-1)","No","Each row is one histogram bin. Bin_Midpoint = mean estimate within the bin. N_draws = count of simulation iterations falling in that bin."
"Independents","Without Controls","(-0.144,-0.123]",113,-0.131922,5618.790556,"Liberal Democratic Norms Index (0-1)","No","Each row is one histogram bin. Bin_Midpoint = mean estimate within the bin. N_draws = count of simulation iterations falling in that bin."
"Independents","Without Controls","(-0.123,-0.103]",190,-0.111739,9471.877479,"Liberal Democratic Norms Index (0-1)","No","Each row is one histogram bin. Bin_Midpoint = mean estimate within the bin. N_draws = count of simulation iterations falling in that bin."
"Independents","Without Controls","(-0.103,-0.0823]",336,-0.090971,16716.809465,"Liberal Democratic Norms Index (0-1)","No","Each row is one histogram bin. Bin_Midpoint = mean estimate within the bin. N_draws = count of simulation iterations falling in that bin."
"Independents","Without Controls","(-0.0823,-0.0619]",599,-0.07127,29400.773911,"Liberal Democratic Norms Index (0-1)","No","Each row is one histogram bin. Bin_Midpoint = mean estimate within the bin. N_draws = count of simulation iterations falling in that bin."
"Independents","Without Controls","(-0.0619,-0.0414]",841,-0.05103,41311.434803,"Liberal Democratic Norms Index (0-1)","No","Each row is one histogram bin. Bin_Midpoint = mean estimate within the bin. N_draws = count of simulation iterations falling in that bin."
"Independents","Without Controls","(-0.0414,-0.021]",1284,-0.030816,63170.97784,"Liberal Democratic Norms Index (0-1)","No","Each row is one histogram bin. Bin_Midpoint = mean estimate within the bin. N_draws = count of simulation iterations falling in that bin."
"Independents","Without Controls","(-0.021,-0.000616]",1414,-0.010817,69347.95811,"Liberal Democratic Norms Index (0-1)","No","Each row is one histogram bin. Bin_Midpoint = mean estimate within the bin. N_draws = count of simulation iterations falling in that bin."
"Independents","Without Controls","(-0.000616,0.0198]",1467,0.009214,71921.625232,"Liberal Democratic Norms Index (0-1)","No","Each row is one histogram bin. Bin_Midpoint = mean estimate within the bin. N_draws = count of simulation iterations falling in that bin."
"Independents","Without Controls","(0.0198,0.0402]",1243,0.029622,60929.495042,"Liberal Democratic Norms Index (0-1)","No","Each row is one histogram bin. Bin_Midpoint = mean estimate within the bin. N_draws = count of simulation iterations falling in that bin."
"Independents","Without Controls","(0.0402,0.0606]",996,0.049924,48943.373264,"Liberal Democratic Norms Index (0-1)","No","Each row is one histogram bin. Bin_Midpoint = mean estimate within the bin. N_draws = count of simulation iterations falling in that bin."
"Independents","Without Controls","(0.0606,0.081]",599,0.07016,29416.292429,"Liberal Democratic Norms Index (0-1)","No","Each row is one histogram bin. Bin_Midpoint = mean estimate within the bin. N_draws = count of simulation iterations falling in that bin."
"Independents","Without Controls","(0.081,0.101]",377,0.089707,18502.254573,"Liberal Democratic Norms Index (0-1)","No","Each row is one histogram bin. Bin_Midpoint = mean estimate within the bin. N_draws = count of simulation iterations falling in that bin."
"Independents","Without Controls","(0.101,0.122]",207,0.11154,10376.738368,"Liberal Democratic Norms Index (0-1)","No","Each row is one histogram bin. Bin_Midpoint = mean estimate within the bin. N_draws = count of simulation iterations falling in that bin."
"Independents","Without Controls","(0.122,0.142]",135,0.130514,6627.638969,"Liberal Democratic Norms Index (0-1)","No","Each row is one histogram bin. Bin_Midpoint = mean estimate within the bin. N_draws = count of simulation iterations falling in that bin."
"Independents","Without Controls","(0.142,0.163]",54,0.150838,2762.545816,"Liberal Democratic Norms Index (0-1)","No","Each row is one histogram bin. Bin_Midpoint = mean estimate within the bin. N_draws = count of simulation iterations falling in that bin."
"Independents","Without Controls","(0.163,0.183]",22,0.173389,1392.494528,"Liberal Democratic Norms Index (0-1)","No","Each row is one histogram bin. Bin_Midpoint = mean estimate within the bin. N_draws = count of simulation iterations falling in that bin."
"Independents","Without Controls","(0.183,0.204]",15,0.192007,801.377593,"Liberal Democratic Norms Index (0-1)","No","Each row is one histogram bin. Bin_Midpoint = mean estimate within the bin. N_draws = count of simulation iterations falling in that bin."
"Independents","Without Controls","(0.204,0.224]",4,0.214451,318.716699,"Liberal Democratic Norms Index (0-1)","No","Each row is one histogram bin. Bin_Midpoint = mean estimate within the bin. N_draws = count of simulation iterations falling in that bin."
"Independents","Without Controls","(0.244,0.265]",3,0.252063,158.243426,"Liberal Democratic Norms Index (0-1)","No","Each row is one histogram bin. Bin_Midpoint = mean estimate within the bin. N_draws = count of simulation iterations falling in that bin."
"Independents","Without Controls","(0.306,0.327]",1,0.326041,Inf,"Liberal Democratic Norms Index (0-1)","No","Each row is one histogram bin. Bin_Midpoint = mean estimate within the bin. N_draws = count of simulation iterations falling in that bin."
"Partisans","With Controls","[-0.269,-0.246]",1,-0.268586,Inf,"Liberal Democratic Norms Index (0-1)","No","Each row is one histogram bin. Bin_Midpoint = mean estimate within the bin. N_draws = count of simulation iterations falling in that bin."
"Partisans","With Controls","(-0.246,-0.224]",2,-0.231294,27436.920907,"Liberal Democratic Norms Index (0-1)","No","Each row is one histogram bin. Bin_Midpoint = mean estimate within the bin. N_draws = count of simulation iterations falling in that bin."
"Partisans","With Controls","(-0.224,-0.202]",1,-0.20829,Inf,"Liberal Democratic Norms Index (0-1)","No","Each row is one histogram bin. Bin_Midpoint = mean estimate within the bin. N_draws = count of simulation iterations falling in that bin."
"Partisans","With Controls","(-0.202,-0.18]",1,-0.185335,Inf,"Liberal Democratic Norms Index (0-1)","No","Each row is one histogram bin. Bin_Midpoint = mean estimate within the bin. N_draws = count of simulation iterations falling in that bin."
"Partisans","With Controls","(-0.18,-0.158]",9,-0.168065,671.211378,"Liberal Democratic Norms Index (0-1)","No","Each row is one histogram bin. Bin_Midpoint = mean estimate within the bin. N_draws = count of simulation iterations falling in that bin."
"Partisans","With Controls","(-0.158,-0.136]",12,-0.146537,592.091317,"Liberal Democratic Norms Index (0-1)","No","Each row is one histogram bin. Bin_Midpoint = mean estimate within the bin. N_draws = count of simulation iterations falling in that bin."
"Partisans","With Controls","(-0.136,-0.114]",21,-0.123531,1245.9125,"Liberal Democratic Norms Index (0-1)","No","Each row is one histogram bin. Bin_Midpoint = mean estimate within the bin. N_draws = count of simulation iterations falling in that bin."
"Partisans","With Controls","(-0.114,-0.0917]",34,-0.102014,1644.998314,"Liberal Democratic Norms Index (0-1)","No","Each row is one histogram bin. Bin_Midpoint = mean estimate within the bin. N_draws = count of simulation iterations falling in that bin."
"Partisans","With Controls","(-0.0917,-0.0696]",65,-0.080691,3006.725659,"Liberal Democratic Norms Index (0-1)","No","Each row is one histogram bin. Bin_Midpoint = mean estimate within the bin. N_draws = count of simulation iterations falling in that bin."
"Partisans","With Controls","(-0.0696,-0.0475]",73,-0.057507,3343.204272,"Liberal Democratic Norms Index (0-1)","No","Each row is one histogram bin. Bin_Midpoint = mean estimate within the bin. N_draws = count of simulation iterations falling in that bin."
"Partisans","With Controls","(-0.0475,-0.0254]",122,-0.036803,5523.163959,"Liberal Democratic Norms Index (0-1)","No","Each row is one histogram bin. Bin_Midpoint = mean estimate within the bin. N_draws = count of simulation iterations falling in that bin."
"Partisans","With Controls","(-0.0254,-0.00325]",192,-0.013565,8779.531178,"Liberal Democratic Norms Index (0-1)","No","Each row is one histogram bin. Bin_Midpoint = mean estimate within the bin. N_draws = count of simulation iterations falling in that bin."
"Partisans","With Controls","(-0.00325,0.0189]",275,0.00862,12467.801587,"Liberal Democratic Norms Index (0-1)","No","Each row is one histogram bin. Bin_Midpoint = mean estimate within the bin. N_draws = count of simulation iterations falling in that bin."
"Partisans","With Controls","(0.0189,0.041]",459,0.030713,20875.538773,"Liberal Democratic Norms Index (0-1)","No","Each row is one histogram bin. Bin_Midpoint = mean estimate within the bin. N_draws = count of simulation iterations falling in that bin."
"Partisans","With Controls","(0.041,0.0631]",646,0.053186,29249.02899,"Liberal Democratic Norms Index (0-1)","No","Each row is one histogram bin. Bin_Midpoint = mean estimate within the bin. N_draws = count of simulation iterations falling in that bin."
"Partisans","With Controls","(0.0631,0.0852]",1062,0.074694,48175.534788,"Liberal Democratic Norms Index (0-1)","No","Each row is one histogram bin. Bin_Midpoint = mean estimate within the bin. N_draws = count of simulation iterations falling in that bin."
"Partisans","With Controls","(0.0852,0.107]",1422,0.096639,64401.727421,"Liberal Democratic Norms Index (0-1)","No","Each row is one histogram bin. Bin_Midpoint = mean estimate within the bin. N_draws = count of simulation iterations falling in that bin."
"Partisans","With Controls","(0.107,0.129]",1685,0.118582,76448.73628,"Liberal Democratic Norms Index (0-1)","No","Each row is one histogram bin. Bin_Midpoint = mean estimate within the bin. N_draws = count of simulation iterations falling in that bin."
"Partisans","With Controls","(0.129,0.152]",1578,0.139964,71460.286993,"Liberal Democratic Norms Index (0-1)","No","Each row is one histogram bin. Bin_Midpoint = mean estimate within the bin. N_draws = count of simulation iterations falling in that bin."
"Partisans","With Controls","(0.152,0.174]",1106,0.161524,50250.704964,"Liberal Democratic Norms Index (0-1)","No","Each row is one histogram bin. Bin_Midpoint = mean estimate within the bin. N_draws = count of simulation iterations falling in that bin."
"Partisans","With Controls","(0.174,0.196]",644,0.183214,29158.037457,"Liberal Democratic Norms Index (0-1)","No","Each row is one histogram bin. Bin_Midpoint = mean estimate within the bin. N_draws = count of simulation iterations falling in that bin."
"Partisans","With Controls","(0.196,0.218]",365,0.205449,16637.138271,"Liberal Democratic Norms Index (0-1)","No","Each row is one histogram bin. Bin_Midpoint = mean estimate within the bin. N_draws = count of simulation iterations falling in that bin."
"Partisans","With Controls","(0.218,0.24]",142,0.227248,6518.906274,"Liberal Democratic Norms Index (0-1)","No","Each row is one histogram bin. Bin_Midpoint = mean estimate within the bin. N_draws = count of simulation iterations falling in that bin."
"Partisans","With Controls","(0.24,0.262]",51,0.247869,2378.897097,"Liberal Democratic Norms Index (0-1)","No","Each row is one histogram bin. Bin_Midpoint = mean estimate within the bin. N_draws = count of simulation iterations falling in that bin."
"Partisans","With Controls","(0.262,0.284]",23,0.272685,1098.38209,"Liberal Democratic Norms Index (0-1)","No","Each row is one histogram bin. Bin_Midpoint = mean estimate within the bin. N_draws = count of simulation iterations falling in that bin."
"Partisans","With Controls","(0.284,0.306]",6,0.290706,364.282568,"Liberal Democratic Norms Index (0-1)","No","Each row is one histogram bin. Bin_Midpoint = mean estimate within the bin. N_draws = count of simulation iterations falling in that bin."
"Partisans","With Controls","(0.306,0.328]",1,0.308127,Inf,"Liberal Democratic Norms Index (0-1)","No","Each row is one histogram bin. Bin_Midpoint = mean estimate within the bin. N_draws = count of simulation iterations falling in that bin."
"Partisans","With Controls","(0.328,0.351]",1,0.333473,Inf,"Liberal Democratic Norms Index (0-1)","No","Each row is one histogram bin. Bin_Midpoint = mean estimate within the bin. N_draws = count of simulation iterations falling in that bin."
"Partisans","With Controls","(0.373,0.395]",1,0.39476,Inf,"Liberal Democratic Norms Index (0-1)","No","Each row is one histogram bin. Bin_Midpoint = mean estimate within the bin. N_draws = count of simulation iterations falling in that bin."
"Partisans","Without Controls","[-0.402,-0.376]",1,-0.400865,Inf,"Liberal Democratic Norms Index (0-1)","No","Each row is one histogram bin. Bin_Midpoint = mean estimate within the bin. N_draws = count of simulation iterations falling in that bin."
"Partisans","Without Controls","(-0.352,-0.328]",1,-0.338818,Inf,"Liberal Democratic Norms Index (0-1)","No","Each row is one histogram bin. Bin_Midpoint = mean estimate within the bin. N_draws = count of simulation iterations falling in that bin."
"Partisans","Without Controls","(-0.328,-0.303]",2,-0.311476,139.343809,"Liberal Democratic Norms Index (0-1)","No","Each row is one histogram bin. Bin_Midpoint = mean estimate within the bin. N_draws = count of simulation iterations falling in that bin."
"Partisans","Without Controls","(-0.303,-0.279]",2,-0.285874,158.213404,"Liberal Democratic Norms Index (0-1)","No","Each row is one histogram bin. Bin_Midpoint = mean estimate within the bin. N_draws = count of simulation iterations falling in that bin."
"Partisans","Without Controls","(-0.279,-0.255]",11,-0.264952,740.099339,"Liberal Democratic Norms Index (0-1)","No","Each row is one histogram bin. Bin_Midpoint = mean estimate within the bin. N_draws = count of simulation iterations falling in that bin."
"Partisans","Without Controls","(-0.255,-0.23]",11,-0.239365,530.842025,"Liberal Democratic Norms Index (0-1)","No","Each row is one histogram bin. Bin_Midpoint = mean estimate within the bin. N_draws = count of simulation iterations falling in that bin."
"Partisans","Without Controls","(-0.23,-0.206]",13,-0.218024,558.7421,"Liberal Democratic Norms Index (0-1)","No","Each row is one histogram bin. Bin_Midpoint = mean estimate within the bin. N_draws = count of simulation iterations falling in that bin."
"Partisans","Without Controls","(-0.206,-0.182]",28,-0.193467,1181.328692,"Liberal Democratic Norms Index (0-1)","No","Each row is one histogram bin. Bin_Midpoint = mean estimate within the bin. N_draws = count of simulation iterations falling in that bin."
"Partisans","Without Controls","(-0.182,-0.157]",46,-0.166568,2121.433675,"Liberal Democratic Norms Index (0-1)","No","Each row is one histogram bin. Bin_Midpoint = mean estimate within the bin. N_draws = count of simulation iterations falling in that bin."
"Partisans","Without Controls","(-0.157,-0.133]",56,-0.142998,2350.398174,"Liberal Democratic Norms Index (0-1)","No","Each row is one histogram bin. Bin_Midpoint = mean estimate within the bin. N_draws = count of simulation iterations falling in that bin."
"Partisans","Without Controls","(-0.133,-0.108]",82,-0.119467,3505.235838,"Liberal Democratic Norms Index (0-1)","No","Each row is one histogram bin. Bin_Midpoint = mean estimate within the bin. N_draws = count of simulation iterations falling in that bin."
"Partisans","Without Controls","(-0.108,-0.0841]",145,-0.095178,6048.86117,"Liberal Democratic Norms Index (0-1)","No","Each row is one histogram bin. Bin_Midpoint = mean estimate within the bin. N_draws = count of simulation iterations falling in that bin."
"Partisans","Without Controls","(-0.0841,-0.0597]",174,-0.071017,7185.067845,"Liberal Democratic Norms Index (0-1)","No","Each row is one histogram bin. Bin_Midpoint = mean estimate within the bin. N_draws = count of simulation iterations falling in that bin."
"Partisans","Without Controls","(-0.0597,-0.0353]",264,-0.047586,11002.366756,"Liberal Democratic Norms Index (0-1)","No","Each row is one histogram bin. Bin_Midpoint = mean estimate within the bin. N_draws = count of simulation iterations falling in that bin."
"Partisans","Without Controls","(-0.0353,-0.0109]",333,-0.022758,13715.107235,"Liberal Democratic Norms Index (0-1)","No","Each row is one histogram bin. Bin_Midpoint = mean estimate within the bin. N_draws = count of simulation iterations falling in that bin."
"Partisans","Without Controls","(-0.0109,0.0134]",432,0.001609,17744.830683,"Liberal Democratic Norms Index (0-1)","No","Each row is one histogram bin. Bin_Midpoint = mean estimate within the bin. N_draws = count of simulation iterations falling in that bin."
"Partisans","Without Controls","(0.0134,0.0378]",576,0.0263,23789.661096,"Liberal Democratic Norms Index (0-1)","No","Each row is one histogram bin. Bin_Midpoint = mean estimate within the bin. N_draws = count of simulation iterations falling in that bin."
"Partisans","Without Controls","(0.0378,0.0622]",718,0.050449,29518.034951,"Liberal Democratic Norms Index (0-1)","No","Each row is one histogram bin. Bin_Midpoint = mean estimate within the bin. N_draws = count of simulation iterations falling in that bin."
"Partisans","Without Controls","(0.0622,0.0865]",836,0.075039,34455.339421,"Liberal Democratic Norms Index (0-1)","No","Each row is one histogram bin. Bin_Midpoint = mean estimate within the bin. N_draws = count of simulation iterations falling in that bin."
"Partisans","Without Controls","(0.0865,0.111]",1066,0.099211,43907.845836,"Liberal Democratic Norms Index (0-1)","No","Each row is one histogram bin. Bin_Midpoint = mean estimate within the bin. N_draws = count of simulation iterations falling in that bin."
"Partisans","Without Controls","(0.111,0.135]",1392,0.123332,57214.312065,"Liberal Democratic Norms Index (0-1)","No","Each row is one histogram bin. Bin_Midpoint = mean estimate within the bin. N_draws = count of simulation iterations falling in that bin."
"Partisans","Without Controls","(0.135,0.16]",1502,0.147366,61781.861088,"Liberal Democratic Norms Index (0-1)","No","Each row is one histogram bin. Bin_Midpoint = mean estimate within the bin. N_draws = count of simulation iterations falling in that bin."
"Partisans","Without Controls","(0.16,0.184]",1181,0.170985,48580.235703,"Liberal Democratic Norms Index (0-1)","No","Each row is one histogram bin. Bin_Midpoint = mean estimate within the bin. N_draws = count of simulation iterations falling in that bin."
"Partisans","Without Controls","(0.184,0.208]",675,0.194894,27761.692175,"Liberal Democratic Norms Index (0-1)","No","Each row is one histogram bin. Bin_Midpoint = mean estimate within the bin. N_draws = count of simulation iterations falling in that bin."
"Partisans","Without Controls","(0.208,0.233]",286,0.219276,11784.002934,"Liberal Democratic Norms Index (0-1)","No","Each row is one histogram bin. Bin_Midpoint = mean estimate within the bin. N_draws = count of simulation iterations falling in that bin."
"Partisans","Without Controls","(0.233,0.257]",118,0.243767,4880.792516,"Liberal Democratic Norms Index (0-1)","No","Each row is one histogram bin. Bin_Midpoint = mean estimate within the bin. N_draws = count of simulation iterations falling in that bin."
"Partisans","Without Controls","(0.257,0.281]",36,0.267185,1540.175978,"Liberal Democratic Norms Index (0-1)","No","Each row is one histogram bin. Bin_Midpoint = mean estimate within the bin. N_draws = count of simulation iterations falling in that bin."
"Partisans","Without Controls","(0.281,0.306]",6,0.290521,350.479743,"Liberal Democratic Norms Index (0-1)","No","Each row is one histogram bin. Bin_Midpoint = mean estimate within the bin. N_draws = count of simulation iterations falling in that bin."
"Partisans","Without Controls","(0.306,0.331]",7,0.31758,297.58838,"Liberal Democratic Norms Index (0-1)","No","Each row is one histogram bin. Bin_Midpoint = mean estimate within the bin. N_draws = count of simulation iterations falling in that bin."
"Democrats","With Controls","(0.281,0.306]",55,0.292207,2187.374757,"Liberal Democratic Norms Index (0-1)","No","Each row is one histogram bin. Bin_Midpoint = mean estimate within the bin. N_draws = count of simulation iterations falling in that bin."
"Democrats","With Controls","[-0.339,-0.313]",1,-0.338364,Inf,"Liberal Democratic Norms Index (0-1)","No","Each row is one histogram bin. Bin_Midpoint = mean estimate within the bin. N_draws = count of simulation iterations falling in that bin."
"Democrats","With Controls","(-0.313,-0.287]",1,-0.29462,Inf,"Liberal Democratic Norms Index (0-1)","No","Each row is one histogram bin. Bin_Midpoint = mean estimate within the bin. N_draws = count of simulation iterations falling in that bin."
"Democrats","With Controls","(-0.287,-0.261]",1,-0.269704,Inf,"Liberal Democratic Norms Index (0-1)","No","Each row is one histogram bin. Bin_Midpoint = mean estimate within the bin. N_draws = count of simulation iterations falling in that bin."
"Democrats","With Controls","(-0.261,-0.235]",3,-0.243022,208.597914,"Liberal Democratic Norms Index (0-1)","No","Each row is one histogram bin. Bin_Midpoint = mean estimate within the bin. N_draws = count of simulation iterations falling in that bin."
"Democrats","With Controls","(-0.235,-0.209]",6,-0.220446,377.312201,"Liberal Democratic Norms Index (0-1)","No","Each row is one histogram bin. Bin_Midpoint = mean estimate within the bin. N_draws = count of simulation iterations falling in that bin."
"Democrats","With Controls","(-0.209,-0.184]",2,-0.186789,328.606699,"Liberal Democratic Norms Index (0-1)","No","Each row is one histogram bin. Bin_Midpoint = mean estimate within the bin. N_draws = count of simulation iterations falling in that bin."
"Democrats","With Controls","(-0.184,-0.158]",9,-0.175276,585.061107,"Liberal Democratic Norms Index (0-1)","No","Each row is one histogram bin. Bin_Midpoint = mean estimate within the bin. N_draws = count of simulation iterations falling in that bin."
"Democrats","With Controls","(-0.158,-0.132]",22,-0.142973,866.876395,"Liberal Democratic Norms Index (0-1)","No","Each row is one histogram bin. Bin_Midpoint = mean estimate within the bin. N_draws = count of simulation iterations falling in that bin."
"Democrats","With Controls","(-0.132,-0.106]",30,-0.118513,1233.79344,"Liberal Democratic Norms Index (0-1)","No","Each row is one histogram bin. Bin_Midpoint = mean estimate within the bin. N_draws = count of simulation iterations falling in that bin."
"Democrats","With Controls","(-0.106,-0.0805]",57,-0.090032,2279.723323,"Liberal Democratic Norms Index (0-1)","No","Each row is one histogram bin. Bin_Midpoint = mean estimate within the bin. N_draws = count of simulation iterations falling in that bin."
"Democrats","With Controls","(-0.0805,-0.0547]",90,-0.066126,3626.00587,"Liberal Democratic Norms Index (0-1)","No","Each row is one histogram bin. Bin_Midpoint = mean estimate within the bin. N_draws = count of simulation iterations falling in that bin."
"Democrats","With Controls","(-0.0547,-0.0289]",199,-0.039444,7758.408382,"Liberal Democratic Norms Index (0-1)","No","Each row is one histogram bin. Bin_Midpoint = mean estimate within the bin. N_draws = count of simulation iterations falling in that bin."
"Democrats","With Controls","(-0.0289,-0.00311]",345,-0.014184,13391.006065,"Liberal Democratic Norms Index (0-1)","No","Each row is one histogram bin. Bin_Midpoint = mean estimate within the bin. N_draws = count of simulation iterations falling in that bin."
"Democrats","With Controls","(-0.00311,0.0227]",619,0.011472,24040.885335,"Liberal Democratic Norms Index (0-1)","No","Each row is one histogram bin. Bin_Midpoint = mean estimate within the bin. N_draws = count of simulation iterations falling in that bin."
"Democrats","With Controls","(0.0227,0.0485]",875,0.036234,34014.581549,"Liberal Democratic Norms Index (0-1)","No","Each row is one histogram bin. Bin_Midpoint = mean estimate within the bin. N_draws = count of simulation iterations falling in that bin."
"Democrats","With Controls","(0.0485,0.0743]",1192,0.061764,46311.460557,"Liberal Democratic Norms Index (0-1)","No","Each row is one histogram bin. Bin_Midpoint = mean estimate within the bin. N_draws = count of simulation iterations falling in that bin."
"Democrats","With Controls","(0.0743,0.1]",1544,0.087654,59932.115282,"Liberal Democratic Norms Index (0-1)","No","Each row is one histogram bin. Bin_Midpoint = mean estimate within the bin. N_draws = count of simulation iterations falling in that bin."
"Democrats","With Controls","(0.1,0.126]",1481,0.112749,57466.541102,"Liberal Democratic Norms Index (0-1)","No","Each row is one histogram bin. Bin_Midpoint = mean estimate within the bin. N_draws = count of simulation iterations falling in that bin."
"Democrats","With Controls","(0.126,0.152]",1277,0.138327,49534.325899,"Liberal Democratic Norms Index (0-1)","No","Each row is one histogram bin. Bin_Midpoint = mean estimate within the bin. N_draws = count of simulation iterations falling in that bin."
"Democrats","With Controls","(0.152,0.177]",912,0.163829,35528.439759,"Liberal Democratic Norms Index (0-1)","No","Each row is one histogram bin. Bin_Midpoint = mean estimate within the bin. N_draws = count of simulation iterations falling in that bin."
"Democrats","With Controls","(0.177,0.203]",602,0.189913,23448.588386,"Liberal Democratic Norms Index (0-1)","No","Each row is one histogram bin. Bin_Midpoint = mean estimate within the bin. N_draws = count of simulation iterations falling in that bin."
"Democrats","With Controls","(0.203,0.229]",334,0.215278,12982.645527,"Liberal Democratic Norms Index (0-1)","No","Each row is one histogram bin. Bin_Midpoint = mean estimate within the bin. N_draws = count of simulation iterations falling in that bin."
"Democrats","With Controls","(0.229,0.255]",204,0.240434,7939.25392,"Liberal Democratic Norms Index (0-1)","No","Each row is one histogram bin. Bin_Midpoint = mean estimate within the bin. N_draws = count of simulation iterations falling in that bin."
"Democrats","With Controls","(0.255,0.281]",98,0.266239,3932.076895,"Liberal Democratic Norms Index (0-1)","No","Each row is one histogram bin. Bin_Midpoint = mean estimate within the bin. N_draws = count of simulation iterations falling in that bin."
"Democrats","With Controls","(0.306,0.332]",28,0.317053,1188.800647,"Liberal Democratic Norms Index (0-1)","No","Each row is one histogram bin. Bin_Midpoint = mean estimate within the bin. N_draws = count of simulation iterations falling in that bin."
"Democrats","With Controls","(0.332,0.358]",8,0.344661,386.298648,"Liberal Democratic Norms Index (0-1)","No","Each row is one histogram bin. Bin_Midpoint = mean estimate within the bin. N_draws = count of simulation iterations falling in that bin."
"Democrats","With Controls","(0.358,0.384]",4,0.372963,224.619288,"Liberal Democratic Norms Index (0-1)","No","Each row is one histogram bin. Bin_Midpoint = mean estimate within the bin. N_draws = count of simulation iterations falling in that bin."
"Democrats","With Controls","(0.41,0.436]",1,0.435303,Inf,"Liberal Democratic Norms Index (0-1)","No","Each row is one histogram bin. Bin_Midpoint = mean estimate within the bin. N_draws = count of simulation iterations falling in that bin."
"Democrats","Without Controls","[-0.478,-0.446]",2,-0.467963,113.334058,"Liberal Democratic Norms Index (0-1)","No","Each row is one histogram bin. Bin_Midpoint = mean estimate within the bin. N_draws = count of simulation iterations falling in that bin."
"Democrats","Without Controls","(-0.446,-0.416]",2,-0.431566,72.712019,"Liberal Democratic Norms Index (0-1)","No","Each row is one histogram bin. Bin_Midpoint = mean estimate within the bin. N_draws = count of simulation iterations falling in that bin."
"Democrats","Without Controls","(-0.416,-0.386]",2,-0.406141,135.48823,"Liberal Democratic Norms Index (0-1)","No","Each row is one histogram bin. Bin_Midpoint = mean estimate within the bin. N_draws = count of simulation iterations falling in that bin."
"Democrats","Without Controls","(-0.386,-0.356]",6,-0.368756,283.978178,"Liberal Democratic Norms Index (0-1)","No","Each row is one histogram bin. Bin_Midpoint = mean estimate within the bin. N_draws = count of simulation iterations falling in that bin."
"Democrats","Without Controls","(-0.356,-0.325]",11,-0.334063,443.543423,"Liberal Democratic Norms Index (0-1)","No","Each row is one histogram bin. Bin_Midpoint = mean estimate within the bin. N_draws = count of simulation iterations falling in that bin."
"Democrats","Without Controls","(-0.325,-0.295]",10,-0.308209,380.677523,"Liberal Democratic Norms Index (0-1)","No","Each row is one histogram bin. Bin_Midpoint = mean estimate within the bin. N_draws = count of simulation iterations falling in that bin."
"Democrats","Without Controls","(-0.295,-0.265]",14,-0.279093,497.212149,"Liberal Democratic Norms Index (0-1)","No","Each row is one histogram bin. Bin_Midpoint = mean estimate within the bin. N_draws = count of simulation iterations falling in that bin."
"Democrats","Without Controls","(-0.265,-0.234]",13,-0.247942,452.96115,"Liberal Democratic Norms Index (0-1)","No","Each row is one histogram bin. Bin_Midpoint = mean estimate within the bin. N_draws = count of simulation iterations falling in that bin."
"Democrats","Without Controls","(-0.234,-0.204]",25,-0.220438,893.119236,"Liberal Democratic Norms Index (0-1)","No","Each row is one histogram bin. Bin_Midpoint = mean estimate within the bin. N_draws = count of simulation iterations falling in that bin."
"Democrats","Without Controls","(-0.204,-0.174]",30,-0.18744,1010.718731,"Liberal Democratic Norms Index (0-1)","No","Each row is one histogram bin. Bin_Midpoint = mean estimate within the bin. N_draws = count of simulation iterations falling in that bin."
"Democrats","Without Controls","(-0.174,-0.144]",34,-0.160135,1231.050657,"Liberal Democratic Norms Index (0-1)","No","Each row is one histogram bin. Bin_Midpoint = mean estimate within the bin. N_draws = count of simulation iterations falling in that bin."
"Democrats","Without Controls","(-0.144,-0.113]",63,-0.126247,2135.60342,"Liberal Democratic Norms Index (0-1)","No","Each row is one histogram bin. Bin_Midpoint = mean estimate within the bin. N_draws = count of simulation iterations falling in that bin."
"Democrats","Without Controls","(-0.113,-0.0831]",84,-0.097966,2811.348198,"Liberal Democratic Norms Index (0-1)","No","Each row is one histogram bin. Bin_Midpoint = mean estimate within the bin. N_draws = count of simulation iterations falling in that bin."
"Democrats","Without Controls","(-0.0831,-0.0528]",129,-0.065477,4349.285397,"Liberal Democratic Norms Index (0-1)","No","Each row is one histogram bin. Bin_Midpoint = mean estimate within the bin. N_draws = count of simulation iterations falling in that bin."
"Democrats","Without Controls","(-0.0528,-0.0225]",173,-0.036273,5759.178693,"Liberal Democratic Norms Index (0-1)","No","Each row is one histogram bin. Bin_Midpoint = mean estimate within the bin. N_draws = count of simulation iterations falling in that bin."
"Democrats","Without Controls","(-0.0225,0.00781]",275,-0.006279,9153.485319,"Liberal Democratic Norms Index (0-1)","No","Each row is one histogram bin. Bin_Midpoint = mean estimate within the bin. N_draws = count of simulation iterations falling in that bin."
"Democrats","Without Controls","(0.00781,0.0381]",396,0.02394,13139.662789,"Liberal Democratic Norms Index (0-1)","No","Each row is one histogram bin. Bin_Midpoint = mean estimate within the bin. N_draws = count of simulation iterations falling in that bin."
"Democrats","Without Controls","(0.0381,0.0684]",515,0.054262,17068.548022,"Liberal Democratic Norms Index (0-1)","No","Each row is one histogram bin. Bin_Midpoint = mean estimate within the bin. N_draws = count of simulation iterations falling in that bin."
"Democrats","Without Controls","(0.0684,0.0987]",659,0.08413,21778.521589,"Liberal Democratic Norms Index (0-1)","No","Each row is one histogram bin. Bin_Midpoint = mean estimate within the bin. N_draws = count of simulation iterations falling in that bin."
"Democrats","Without Controls","(0.0987,0.129]",829,0.11402,27445.56935,"Liberal Democratic Norms Index (0-1)","No","Each row is one histogram bin. Bin_Midpoint = mean estimate within the bin. N_draws = count of simulation iterations falling in that bin."
"Democrats","Without Controls","(0.129,0.159]",1242,0.145381,41074.481009,"Liberal Democratic Norms Index (0-1)","No","Each row is one histogram bin. Bin_Midpoint = mean estimate within the bin. N_draws = count of simulation iterations falling in that bin."
"Democrats","Without Controls","(0.159,0.19]",1727,0.174587,57154.178339,"Liberal Democratic Norms Index (0-1)","No","Each row is one histogram bin. Bin_Midpoint = mean estimate within the bin. N_draws = count of simulation iterations falling in that bin."
"Democrats","Without Controls","(0.19,0.22]",1764,0.203988,58279.354222,"Liberal Democratic Norms Index (0-1)","No","Each row is one histogram bin. Bin_Midpoint = mean estimate within the bin. N_draws = count of simulation iterations falling in that bin."
"Democrats","Without Controls","(0.22,0.25]",1120,0.233514,37048.455148,"Liberal Democratic Norms Index (0-1)","No","Each row is one histogram bin. Bin_Midpoint = mean estimate within the bin. N_draws = count of simulation iterations falling in that bin."
"Democrats","Without Controls","(0.25,0.28]",543,0.262654,17988.056867,"Liberal Democratic Norms Index (0-1)","No","Each row is one histogram bin. Bin_Midpoint = mean estimate within the bin. N_draws = count of simulation iterations falling in that bin."
"Democrats","Without Controls","(0.28,0.311]",218,0.293006,7232.093078,"Liberal Democratic Norms Index (0-1)","No","Each row is one histogram bin. Bin_Midpoint = mean estimate within the bin. N_draws = count of simulation iterations falling in that bin."
"Democrats","Without Controls","(0.311,0.341]",81,0.323599,2714.658761,"Liberal Democratic Norms Index (0-1)","No","Each row is one histogram bin. Bin_Midpoint = mean estimate within the bin. N_draws = count of simulation iterations falling in that bin."
"Democrats","Without Controls","(0.341,0.371]",21,0.351657,752.381293,"Liberal Democratic Norms Index (0-1)","No","Each row is one histogram bin. Bin_Midpoint = mean estimate within the bin. N_draws = count of simulation iterations falling in that bin."
"Democrats","Without Controls","(0.371,0.402]",9,0.38336,489.489676,"Liberal Democratic Norms Index (0-1)","No","Each row is one histogram bin. Bin_Midpoint = mean estimate within the bin. N_draws = count of simulation iterations falling in that bin."
"Democrats","Without Controls","(0.402,0.433]",3,0.420978,126.095495,"Liberal Democratic Norms Index (0-1)","No","Each row is one histogram bin. Bin_Midpoint = mean estimate within the bin. N_draws = count of simulation iterations falling in that bin."
"Republicans","With Controls","[-0.204,-0.187]",4,-0.193485,265.250747,"Liberal Democratic Norms Index (0-1)","No","Each row is one histogram bin. Bin_Midpoint = mean estimate within the bin. N_draws = count of simulation iterations falling in that bin."
"Republicans","With Controls","(-0.187,-0.171]",6,-0.182073,673.588023,"Liberal Democratic Norms Index (0-1)","No","Each row is one histogram bin. Bin_Midpoint = mean estimate within the bin. N_draws = count of simulation iterations falling in that bin."
"Republicans","With Controls","(-0.171,-0.154]",12,-0.162199,825.074542,"Liberal Democratic Norms Index (0-1)","No","Each row is one histogram bin. Bin_Midpoint = mean estimate within the bin. N_draws = count of simulation iterations falling in that bin."
"Republicans","With Controls","(-0.154,-0.138]",15,-0.141449,1130.022193,"Liberal Democratic Norms Index (0-1)","No","Each row is one histogram bin. Bin_Midpoint = mean estimate within the bin. N_draws = count of simulation iterations falling in that bin."
"Republicans","With Controls","(-0.138,-0.121]",24,-0.129268,1539.183913,"Liberal Democratic Norms Index (0-1)","No","Each row is one histogram bin. Bin_Midpoint = mean estimate within the bin. N_draws = count of simulation iterations falling in that bin."
"Republicans","With Controls","(-0.121,-0.104]",33,-0.111662,2101.158948,"Liberal Democratic Norms Index (0-1)","No","Each row is one histogram bin. Bin_Midpoint = mean estimate within the bin. N_draws = count of simulation iterations falling in that bin."
"Republicans","With Controls","(-0.104,-0.0879]",42,-0.095053,2656.09509,"Liberal Democratic Norms Index (0-1)","No","Each row is one histogram bin. Bin_Midpoint = mean estimate within the bin. N_draws = count of simulation iterations falling in that bin."
"Republicans","With Controls","(-0.0879,-0.0713]",70,-0.078295,4309.855999,"Liberal Democratic Norms Index (0-1)","No","Each row is one histogram bin. Bin_Midpoint = mean estimate within the bin. N_draws = count of simulation iterations falling in that bin."
"Republicans","With Controls","(-0.0713,-0.0548]",106,-0.062096,6601.427061,"Liberal Democratic Norms Index (0-1)","No","Each row is one histogram bin. Bin_Midpoint = mean estimate within the bin. N_draws = count of simulation iterations falling in that bin."
"Republicans","With Controls","(-0.0548,-0.0382]",141,-0.046062,8583.886959,"Liberal Democratic Norms Index (0-1)","No","Each row is one histogram bin. Bin_Midpoint = mean estimate within the bin. N_draws = count of simulation iterations falling in that bin."
"Republicans","With Controls","(-0.0382,-0.0217]",201,-0.030026,12347.38674,"Liberal Democratic Norms Index (0-1)","No","Each row is one histogram bin. Bin_Midpoint = mean estimate within the bin. N_draws = count of simulation iterations falling in that bin."
"Republicans","With Controls","(-0.0217,-0.00511]",262,-0.013218,16176.250749,"Liberal Democratic Norms Index (0-1)","No","Each row is one histogram bin. Bin_Midpoint = mean estimate within the bin. N_draws = count of simulation iterations falling in that bin."
"Republicans","With Controls","(-0.00511,0.0114]",317,0.003376,19253.847741,"Liberal Democratic Norms Index (0-1)","No","Each row is one histogram bin. Bin_Midpoint = mean estimate within the bin. N_draws = count of simulation iterations falling in that bin."
"Republicans","With Controls","(0.0114,0.028]",427,0.019699,25931.821214,"Liberal Democratic Norms Index (0-1)","No","Each row is one histogram bin. Bin_Midpoint = mean estimate within the bin. N_draws = count of simulation iterations falling in that bin."
"Republicans","With Controls","(0.028,0.0445]",526,0.036276,31805.912368,"Liberal Democratic Norms Index (0-1)","No","Each row is one histogram bin. Bin_Midpoint = mean estimate within the bin. N_draws = count of simulation iterations falling in that bin."
"Republicans","With Controls","(0.0445,0.0611]",594,0.053182,35951.150907,"Liberal Democratic Norms Index (0-1)","No","Each row is one histogram bin. Bin_Midpoint = mean estimate within the bin. N_draws = count of simulation iterations falling in that bin."
"Republicans","With Controls","(0.0611,0.0777]",740,0.069749,45039.223412,"Liberal Democratic Norms Index (0-1)","No","Each row is one histogram bin. Bin_Midpoint = mean estimate within the bin. N_draws = count of simulation iterations falling in that bin."
"Republicans","With Controls","(0.0777,0.0942]",777,0.086135,46991.737185,"Liberal Democratic Norms Index (0-1)","No","Each row is one histogram bin. Bin_Midpoint = mean estimate within the bin. N_draws = count of simulation iterations falling in that bin."
"Republicans","With Controls","(0.0942,0.111]",968,0.102302,58722.592703,"Liberal Democratic Norms Index (0-1)","No","Each row is one histogram bin. Bin_Midpoint = mean estimate within the bin. N_draws = count of simulation iterations falling in that bin."
"Republicans","With Controls","(0.111,0.127]",1093,0.119105,66149.262757,"Liberal Democratic Norms Index (0-1)","No","Each row is one histogram bin. Bin_Midpoint = mean estimate within the bin. N_draws = count of simulation iterations falling in that bin."
"Republicans","With Controls","(0.127,0.144]",1127,0.135537,68285.661404,"Liberal Democratic Norms Index (0-1)","No","Each row is one histogram bin. Bin_Midpoint = mean estimate within the bin. N_draws = count of simulation iterations falling in that bin."
"Republicans","With Controls","(0.144,0.16]",995,0.151868,60137.884296,"Liberal Democratic Norms Index (0-1)","No","Each row is one histogram bin. Bin_Midpoint = mean estimate within the bin. N_draws = count of simulation iterations falling in that bin."
"Republicans","With Controls","(0.16,0.177]",733,0.168173,44306.712788,"Liberal Democratic Norms Index (0-1)","No","Each row is one histogram bin. Bin_Midpoint = mean estimate within the bin. N_draws = count of simulation iterations falling in that bin."
"Republicans","With Controls","(0.177,0.194]",416,0.184322,25378.547808,"Liberal Democratic Norms Index (0-1)","No","Each row is one histogram bin. Bin_Midpoint = mean estimate within the bin. N_draws = count of simulation iterations falling in that bin."
"Republicans","With Controls","(0.194,0.21]",245,0.200555,14951.762233,"Liberal Democratic Norms Index (0-1)","No","Each row is one histogram bin. Bin_Midpoint = mean estimate within the bin. N_draws = count of simulation iterations falling in that bin."
"Republicans","With Controls","(0.21,0.227]",75,0.215989,4580.202192,"Liberal Democratic Norms Index (0-1)","No","Each row is one histogram bin. Bin_Midpoint = mean estimate within the bin. N_draws = count of simulation iterations falling in that bin."
"Republicans","With Controls","(0.227,0.243]",32,0.232926,2283.427771,"Liberal Democratic Norms Index (0-1)","No","Each row is one histogram bin. Bin_Midpoint = mean estimate within the bin. N_draws = count of simulation iterations falling in that bin."
"Republicans","With Controls","(0.243,0.26]",13,0.250652,1011.006702,"Liberal Democratic Norms Index (0-1)","No","Each row is one histogram bin. Bin_Midpoint = mean estimate within the bin. N_draws = count of simulation iterations falling in that bin."
"Republicans","With Controls","(0.26,0.276]",2,0.265744,1123.036477,"Liberal Democratic Norms Index (0-1)","No","Each row is one histogram bin. Bin_Midpoint = mean estimate within the bin. N_draws = count of simulation iterations falling in that bin."
"Republicans","With Controls","(0.276,0.293]",4,0.284549,249.199992,"Liberal Democratic Norms Index (0-1)","No","Each row is one histogram bin. Bin_Midpoint = mean estimate within the bin. N_draws = count of simulation iterations falling in that bin."
"Republicans","Without Controls","(0.256,0.277]",10,0.266045,500.35395,"Liberal Democratic Norms Index (0-1)","No","Each row is one histogram bin. Bin_Midpoint = mean estimate within the bin. N_draws = count of simulation iterations falling in that bin."
"Republicans","Without Controls","[-0.291,-0.269]",6,-0.276744,288.064375,"Liberal Democratic Norms Index (0-1)","No","Each row is one histogram bin. Bin_Midpoint = mean estimate within the bin. N_draws = count of simulation iterations falling in that bin."
"Republicans","Without Controls","(-0.269,-0.248]",4,-0.258685,460.882773,"Liberal Democratic Norms Index (0-1)","No","Each row is one histogram bin. Bin_Midpoint = mean estimate within the bin. N_draws = count of simulation iterations falling in that bin."
"Republicans","Without Controls","(-0.248,-0.227]",6,-0.232206,918.606356,"Liberal Democratic Norms Index (0-1)","No","Each row is one histogram bin. Bin_Midpoint = mean estimate within the bin. N_draws = count of simulation iterations falling in that bin."
"Republicans","Without Controls","(-0.227,-0.206]",21,-0.213559,1131.149556,"Liberal Democratic Norms Index (0-1)","No","Each row is one histogram bin. Bin_Midpoint = mean estimate within the bin. N_draws = count of simulation iterations falling in that bin."
"Republicans","Without Controls","(-0.206,-0.185]",21,-0.191379,1042.723765,"Liberal Democratic Norms Index (0-1)","No","Each row is one histogram bin. Bin_Midpoint = mean estimate within the bin. N_draws = count of simulation iterations falling in that bin."
"Republicans","Without Controls","(-0.185,-0.164]",43,-0.17286,2074.411298,"Liberal Democratic Norms Index (0-1)","No","Each row is one histogram bin. Bin_Midpoint = mean estimate within the bin. N_draws = count of simulation iterations falling in that bin."
"Republicans","Without Controls","(-0.164,-0.143]",79,-0.15348,3883.306833,"Liberal Democratic Norms Index (0-1)","No","Each row is one histogram bin. Bin_Midpoint = mean estimate within the bin. N_draws = count of simulation iterations falling in that bin."
"Republicans","Without Controls","(-0.143,-0.122]",94,-0.132419,4528.911769,"Liberal Democratic Norms Index (0-1)","No","Each row is one histogram bin. Bin_Midpoint = mean estimate within the bin. N_draws = count of simulation iterations falling in that bin."
"Republicans","Without Controls","(-0.122,-0.101]",152,-0.111394,7322.29424,"Liberal Democratic Norms Index (0-1)","No","Each row is one histogram bin. Bin_Midpoint = mean estimate within the bin. N_draws = count of simulation iterations falling in that bin."
"Republicans","Without Controls","(-0.101,-0.08]",188,-0.090573,9117.958796,"Liberal Democratic Norms Index (0-1)","No","Each row is one histogram bin. Bin_Midpoint = mean estimate within the bin. N_draws = count of simulation iterations falling in that bin."
"Republicans","Without Controls","(-0.08,-0.059]",243,-0.068898,11612.107664,"Liberal Democratic Norms Index (0-1)","No","Each row is one histogram bin. Bin_Midpoint = mean estimate within the bin. N_draws = count of simulation iterations falling in that bin."
"Republicans","Without Controls","(-0.059,-0.038]",325,-0.048239,15488.133619,"Liberal Democratic Norms Index (0-1)","No","Each row is one histogram bin. Bin_Midpoint = mean estimate within the bin. N_draws = count of simulation iterations falling in that bin."
"Republicans","Without Controls","(-0.038,-0.017]",383,-0.027364,18339.127288,"Liberal Democratic Norms Index (0-1)","No","Each row is one histogram bin. Bin_Midpoint = mean estimate within the bin. N_draws = count of simulation iterations falling in that bin."
"Republicans","Without Controls","(-0.017,0.00401]",457,-0.006248,21793.56436,"Liberal Democratic Norms Index (0-1)","No","Each row is one histogram bin. Bin_Midpoint = mean estimate within the bin. N_draws = count of simulation iterations falling in that bin."
"Republicans","Without Controls","(0.00401,0.025]",569,0.01481,27157.819714,"Liberal Democratic Norms Index (0-1)","No","Each row is one histogram bin. Bin_Midpoint = mean estimate within the bin. N_draws = count of simulation iterations falling in that bin."
"Republicans","Without Controls","(0.025,0.046]",704,0.03574,33713.886639,"Liberal Democratic Norms Index (0-1)","No","Each row is one histogram bin. Bin_Midpoint = mean estimate within the bin. N_draws = count of simulation iterations falling in that bin."
"Republicans","Without Controls","(0.046,0.067]",916,0.057047,43648.148623,"Liberal Democratic Norms Index (0-1)","No","Each row is one histogram bin. Bin_Midpoint = mean estimate within the bin. N_draws = count of simulation iterations falling in that bin."
"Republicans","Without Controls","(0.067,0.088]",1118,0.077804,53260.906672,"Liberal Democratic Norms Index (0-1)","No","Each row is one histogram bin. Bin_Midpoint = mean estimate within the bin. N_draws = count of simulation iterations falling in that bin."
"Republicans","Without Controls","(0.088,0.109]",1255,0.098582,59830.878404,"Liberal Democratic Norms Index (0-1)","No","Each row is one histogram bin. Bin_Midpoint = mean estimate within the bin. N_draws = count of simulation iterations falling in that bin."
"Republicans","Without Controls","(0.109,0.13]",1179,0.119226,56172.643223,"Liberal Democratic Norms Index (0-1)","No","Each row is one histogram bin. Bin_Midpoint = mean estimate within the bin. N_draws = count of simulation iterations falling in that bin."
"Republicans","Without Controls","(0.13,0.151]",941,0.14013,45310.508305,"Liberal Democratic Norms Index (0-1)","No","Each row is one histogram bin. Bin_Midpoint = mean estimate within the bin. N_draws = count of simulation iterations falling in that bin."
"Republicans","Without Controls","(0.151,0.172]",636,0.161004,30407.87834,"Liberal Democratic Norms Index (0-1)","No","Each row is one histogram bin. Bin_Midpoint = mean estimate within the bin. N_draws = count of simulation iterations falling in that bin."
"Republicans","Without Controls","(0.172,0.193]",380,0.181382,18145.445273,"Liberal Democratic Norms Index (0-1)","No","Each row is one histogram bin. Bin_Midpoint = mean estimate within the bin. N_draws = count of simulation iterations falling in that bin."
"Republicans","Without Controls","(0.193,0.214]",156,0.202533,7451.453435,"Liberal Democratic Norms Index (0-1)","No","Each row is one histogram bin. Bin_Midpoint = mean estimate within the bin. N_draws = count of simulation iterations falling in that bin."
"Republicans","Without Controls","(0.214,0.235]",78,0.223541,3853.861044,"Liberal Democratic Norms Index (0-1)","No","Each row is one histogram bin. Bin_Midpoint = mean estimate within the bin. N_draws = count of simulation iterations falling in that bin."
"Republicans","Without Controls","(0.235,0.256]",25,0.242566,1251.87729,"Liberal Democratic Norms Index (0-1)","No","Each row is one histogram bin. Bin_Midpoint = mean estimate within the bin. N_draws = count of simulation iterations falling in that bin."
"Republicans","Without Controls","(0.277,0.298]",4,0.283379,438.583554,"Liberal Democratic Norms Index (0-1)","No","Each row is one histogram bin. Bin_Midpoint = mean estimate within the bin. N_draws = count of simulation iterations falling in that bin."
"Republicans","Without Controls","(0.298,0.319]",5,0.309004,278.82393,"Liberal Democratic Norms Index (0-1)","No","Each row is one histogram bin. Bin_Midpoint = mean estimate within the bin. N_draws = count of simulation iterations falling in that bin."
"Republicans","Without Controls","(0.319,0.341]",2,0.333857,161.070963,"Liberal Democratic Norms Index (0-1)","No","Each row is one histogram bin. Bin_Midpoint = mean estimate within the bin. N_draws = count of simulation iterations falling in that bin."
"Expect In-Party Win","With Controls","[-0.303,-0.283]",3,-0.292363,162.303624,"Liberal Democratic Norms Index (0-1)","No","Each row is one histogram bin. Bin_Midpoint = mean estimate within the bin. N_draws = count of simulation iterations falling in that bin."
"Expect In-Party Win","With Controls","(-0.283,-0.263]",1,-0.275743,Inf,"Liberal Democratic Norms Index (0-1)","No","Each row is one histogram bin. Bin_Midpoint = mean estimate within the bin. N_draws = count of simulation iterations falling in that bin."
"Expect In-Party Win","With Controls","(-0.244,-0.224]",2,-0.231357,143.452234,"Liberal Democratic Norms Index (0-1)","No","Each row is one histogram bin. Bin_Midpoint = mean estimate within the bin. N_draws = count of simulation iterations falling in that bin."
"Expect In-Party Win","With Controls","(-0.224,-0.204]",1,-0.21403,Inf,"Liberal Democratic Norms Index (0-1)","No","Each row is one histogram bin. Bin_Midpoint = mean estimate within the bin. N_draws = count of simulation iterations falling in that bin."
"Expect In-Party Win","With Controls","(-0.204,-0.184]",13,-0.19287,675.225729,"Liberal Democratic Norms Index (0-1)","No","Each row is one histogram bin. Bin_Midpoint = mean estimate within the bin. N_draws = count of simulation iterations falling in that bin."
"Expect In-Party Win","With Controls","(-0.184,-0.165]",16,-0.172333,852.171083,"Liberal Democratic Norms Index (0-1)","No","Each row is one histogram bin. Bin_Midpoint = mean estimate within the bin. N_draws = count of simulation iterations falling in that bin."
"Expect In-Party Win","With Controls","(-0.165,-0.145]",22,-0.152251,1326.974232,"Liberal Democratic Norms Index (0-1)","No","Each row is one histogram bin. Bin_Midpoint = mean estimate within the bin. N_draws = count of simulation iterations falling in that bin."
"Expect In-Party Win","With Controls","(-0.145,-0.125]",43,-0.132961,2250.396177,"Liberal Democratic Norms Index (0-1)","No","Each row is one histogram bin. Bin_Midpoint = mean estimate within the bin. N_draws = count of simulation iterations falling in that bin."
"Expect In-Party Win","With Controls","(-0.125,-0.106]",49,-0.113436,2596.389969,"Liberal Democratic Norms Index (0-1)","No","Each row is one histogram bin. Bin_Midpoint = mean estimate within the bin. N_draws = count of simulation iterations falling in that bin."
"Expect In-Party Win","With Controls","(-0.106,-0.0859]",74,-0.094544,3927.362594,"Liberal Democratic Norms Index (0-1)","No","Each row is one histogram bin. Bin_Midpoint = mean estimate within the bin. N_draws = count of simulation iterations falling in that bin."
"Expect In-Party Win","With Controls","(-0.0859,-0.0662]",130,-0.074804,6661.4729,"Liberal Democratic Norms Index (0-1)","No","Each row is one histogram bin. Bin_Midpoint = mean estimate within the bin. N_draws = count of simulation iterations falling in that bin."
"Expect In-Party Win","With Controls","(-0.0662,-0.0465]",169,-0.055869,8724.493732,"Liberal Democratic Norms Index (0-1)","No","Each row is one histogram bin. Bin_Midpoint = mean estimate within the bin. N_draws = count of simulation iterations falling in that bin."
"Expect In-Party Win","With Controls","(-0.0465,-0.0268]",276,-0.035834,14110.44364,"Liberal Democratic Norms Index (0-1)","No","Each row is one histogram bin. Bin_Midpoint = mean estimate within the bin. N_draws = count of simulation iterations falling in that bin."
"Expect In-Party Win","With Controls","(-0.0268,-0.00708]",371,-0.016169,18858.026754,"Liberal Democratic Norms Index (0-1)","No","Each row is one histogram bin. Bin_Midpoint = mean estimate within the bin. N_draws = count of simulation iterations falling in that bin."
"Expect In-Party Win","With Controls","(-0.00708,0.0126]",603,0.003347,30820.064111,"Liberal Democratic Norms Index (0-1)","No","Each row is one histogram bin. Bin_Midpoint = mean estimate within the bin. N_draws = count of simulation iterations falling in that bin."
"Expect In-Party Win","With Controls","(0.0126,0.0323]",929,0.023047,47221.985805,"Liberal Democratic Norms Index (0-1)","No","Each row is one histogram bin. Bin_Midpoint = mean estimate within the bin. N_draws = count of simulation iterations falling in that bin."
"Expect In-Party Win","With Controls","(0.0323,0.052]",1338,0.042527,67947.025336,"Liberal Democratic Norms Index (0-1)","No","Each row is one histogram bin. Bin_Midpoint = mean estimate within the bin. N_draws = count of simulation iterations falling in that bin."
"Expect In-Party Win","With Controls","(0.052,0.0718]",1684,0.061823,85624.847207,"Liberal Democratic Norms Index (0-1)","No","Each row is one histogram bin. Bin_Midpoint = mean estimate within the bin. N_draws = count of simulation iterations falling in that bin."
"Expect In-Party Win","With Controls","(0.0718,0.0915]",1534,0.081188,77844.157098,"Liberal Democratic Norms Index (0-1)","No","Each row is one histogram bin. Bin_Midpoint = mean estimate within the bin. N_draws = count of simulation iterations falling in that bin."
"Expect In-Party Win","With Controls","(0.0915,0.111]",1144,0.100857,58206.503646,"Liberal Democratic Norms Index (0-1)","No","Each row is one histogram bin. Bin_Midpoint = mean estimate within the bin. N_draws = count of simulation iterations falling in that bin."
"Expect In-Party Win","With Controls","(0.111,0.131]",759,0.120388,38555.352916,"Liberal Democratic Norms Index (0-1)","No","Each row is one histogram bin. Bin_Midpoint = mean estimate within the bin. N_draws = count of simulation iterations falling in that bin."
"Expect In-Party Win","With Controls","(0.131,0.151]",402,0.139569,20593.576578,"Liberal Democratic Norms Index (0-1)","No","Each row is one histogram bin. Bin_Midpoint = mean estimate within the bin. N_draws = count of simulation iterations falling in that bin."
"Expect In-Party Win","With Controls","(0.151,0.17]",253,0.159455,13001.421011,"Liberal Democratic Norms Index (0-1)","No","Each row is one histogram bin. Bin_Midpoint = mean estimate within the bin. N_draws = count of simulation iterations falling in that bin."
"Expect In-Party Win","With Controls","(0.17,0.19]",111,0.178708,5765.487843,"Liberal Democratic Norms Index (0-1)","No","Each row is one histogram bin. Bin_Midpoint = mean estimate within the bin. N_draws = count of simulation iterations falling in that bin."
"Expect In-Party Win","With Controls","(0.19,0.21]",46,0.199535,2339.513082,"Liberal Democratic Norms Index (0-1)","No","Each row is one histogram bin. Bin_Midpoint = mean estimate within the bin. N_draws = count of simulation iterations falling in that bin."
"Expect In-Party Win","With Controls","(0.21,0.229]",22,0.217607,1393.273774,"Liberal Democratic Norms Index (0-1)","No","Each row is one histogram bin. Bin_Midpoint = mean estimate within the bin. N_draws = count of simulation iterations falling in that bin."
"Expect In-Party Win","With Controls","(0.229,0.249]",1,0.244051,Inf,"Liberal Democratic Norms Index (0-1)","No","Each row is one histogram bin. Bin_Midpoint = mean estimate within the bin. N_draws = count of simulation iterations falling in that bin."
"Expect In-Party Win","With Controls","(0.249,0.269]",2,0.268273,2312.590732,"Liberal Democratic Norms Index (0-1)","No","Each row is one histogram bin. Bin_Midpoint = mean estimate within the bin. N_draws = count of simulation iterations falling in that bin."
"Expect In-Party Win","With Controls","(0.269,0.289]",2,0.282178,156.676393,"Liberal Democratic Norms Index (0-1)","No","Each row is one histogram bin. Bin_Midpoint = mean estimate within the bin. N_draws = count of simulation iterations falling in that bin."
"Expect In-Party Win","Without Controls","(-0.171,-0.15]",60,-0.158786,3215.211725,"Liberal Democratic Norms Index (0-1)","No","Each row is one histogram bin. Bin_Midpoint = mean estimate within the bin. N_draws = count of simulation iterations falling in that bin."
"Expect In-Party Win","Without Controls","[-0.381,-0.359]",1,-0.380413,Inf,"Liberal Democratic Norms Index (0-1)","No","Each row is one histogram bin. Bin_Midpoint = mean estimate within the bin. N_draws = count of simulation iterations falling in that bin."
"Expect In-Party Win","Without Controls","(-0.338,-0.317]",1,-0.336642,Inf,"Liberal Democratic Norms Index (0-1)","No","Each row is one histogram bin. Bin_Midpoint = mean estimate within the bin. N_draws = count of simulation iterations falling in that bin."
"Expect In-Party Win","Without Controls","(-0.317,-0.296]",2,-0.298081,814.345882,"Liberal Democratic Norms Index (0-1)","No","Each row is one histogram bin. Bin_Midpoint = mean estimate within the bin. N_draws = count of simulation iterations falling in that bin."
"Expect In-Party Win","Without Controls","(-0.296,-0.276]",4,-0.282561,556.434794,"Liberal Democratic Norms Index (0-1)","No","Each row is one histogram bin. Bin_Midpoint = mean estimate within the bin. N_draws = count of simulation iterations falling in that bin."
"Expect In-Party Win","Without Controls","(-0.276,-0.255]",8,-0.263188,477.003552,"Liberal Democratic Norms Index (0-1)","No","Each row is one histogram bin. Bin_Midpoint = mean estimate within the bin. N_draws = count of simulation iterations falling in that bin."
"Expect In-Party Win","Without Controls","(-0.255,-0.234]",9,-0.244612,494.505418,"Liberal Democratic Norms Index (0-1)","No","Each row is one histogram bin. Bin_Midpoint = mean estimate within the bin. N_draws = count of simulation iterations falling in that bin."
"Expect In-Party Win","Without Controls","(-0.234,-0.213]",15,-0.220678,798.62922,"Liberal Democratic Norms Index (0-1)","No","Each row is one histogram bin. Bin_Midpoint = mean estimate within the bin. N_draws = count of simulation iterations falling in that bin."
"Expect In-Party Win","Without Controls","(-0.213,-0.192]",33,-0.200431,1631.647554,"Liberal Democratic Norms Index (0-1)","No","Each row is one histogram bin. Bin_Midpoint = mean estimate within the bin. N_draws = count of simulation iterations falling in that bin."
"Expect In-Party Win","Without Controls","(-0.192,-0.171]",39,-0.179929,1955.561528,"Liberal Democratic Norms Index (0-1)","No","Each row is one histogram bin. Bin_Midpoint = mean estimate within the bin. N_draws = count of simulation iterations falling in that bin."
"Expect In-Party Win","Without Controls","(-0.15,-0.129]",98,-0.138349,4766.243205,"Liberal Democratic Norms Index (0-1)","No","Each row is one histogram bin. Bin_Midpoint = mean estimate within the bin. N_draws = count of simulation iterations falling in that bin."
"Expect In-Party Win","Without Controls","(-0.129,-0.108]",134,-0.117106,6574.214848,"Liberal Democratic Norms Index (0-1)","No","Each row is one histogram bin. Bin_Midpoint = mean estimate within the bin. N_draws = count of simulation iterations falling in that bin."
"Expect In-Party Win","Without Controls","(-0.108,-0.0867]",181,-0.096687,8663.3398,"Liberal Democratic Norms Index (0-1)","No","Each row is one histogram bin. Bin_Midpoint = mean estimate within the bin. N_draws = count of simulation iterations falling in that bin."
"Expect In-Party Win","Without Controls","(-0.0867,-0.0657]",234,-0.075617,11203.292523,"Liberal Democratic Norms Index (0-1)","No","Each row is one histogram bin. Bin_Midpoint = mean estimate within the bin. N_draws = count of simulation iterations falling in that bin."
"Expect In-Party Win","Without Controls","(-0.0657,-0.0447]",307,-0.055333,14673.482179,"Liberal Democratic Norms Index (0-1)","No","Each row is one histogram bin. Bin_Midpoint = mean estimate within the bin. N_draws = count of simulation iterations falling in that bin."
"Expect In-Party Win","Without Controls","(-0.0447,-0.0238]",385,-0.033427,18408.278193,"Liberal Democratic Norms Index (0-1)","No","Each row is one histogram bin. Bin_Midpoint = mean estimate within the bin. N_draws = count of simulation iterations falling in that bin."
"Expect In-Party Win","Without Controls","(-0.0238,-0.00279]",504,-0.013034,24136.255891,"Liberal Democratic Norms Index (0-1)","No","Each row is one histogram bin. Bin_Midpoint = mean estimate within the bin. N_draws = count of simulation iterations falling in that bin."
"Expect In-Party Win","Without Controls","(-0.00279,0.0182]",588,0.008214,28128.724903,"Liberal Democratic Norms Index (0-1)","No","Each row is one histogram bin. Bin_Midpoint = mean estimate within the bin. N_draws = count of simulation iterations falling in that bin."
"Expect In-Party Win","Without Controls","(0.0182,0.0392]",830,0.02929,39581.175749,"Liberal Democratic Norms Index (0-1)","No","Each row is one histogram bin. Bin_Midpoint = mean estimate within the bin. N_draws = count of simulation iterations falling in that bin."
"Expect In-Party Win","Without Controls","(0.0392,0.0601]",1185,0.050126,56526.448586,"Liberal Democratic Norms Index (0-1)","No","Each row is one histogram bin. Bin_Midpoint = mean estimate within the bin. N_draws = count of simulation iterations falling in that bin."
"Expect In-Party Win","Without Controls","(0.0601,0.0811]",1436,0.07094,68590.508767,"Liberal Democratic Norms Index (0-1)","No","Each row is one histogram bin. Bin_Midpoint = mean estimate within the bin. N_draws = count of simulation iterations falling in that bin."
"Expect In-Party Win","Without Controls","(0.0811,0.102]",1515,0.091353,72258.187082,"Liberal Democratic Norms Index (0-1)","No","Each row is one histogram bin. Bin_Midpoint = mean estimate within the bin. N_draws = count of simulation iterations falling in that bin."
"Expect In-Party Win","Without Controls","(0.102,0.123]",1214,0.111912,57951.020818,"Liberal Democratic Norms Index (0-1)","No","Each row is one histogram bin. Bin_Midpoint = mean estimate within the bin. N_draws = count of simulation iterations falling in that bin."
"Expect In-Party Win","Without Controls","(0.123,0.144]",702,0.132118,33483.413661,"Liberal Democratic Norms Index (0-1)","No","Each row is one histogram bin. Bin_Midpoint = mean estimate within the bin. N_draws = count of simulation iterations falling in that bin."
"Expect In-Party Win","Without Controls","(0.144,0.165]",329,0.15295,15710.228845,"Liberal Democratic Norms Index (0-1)","No","Each row is one histogram bin. Bin_Midpoint = mean estimate within the bin. N_draws = count of simulation iterations falling in that bin."
"Expect In-Party Win","Without Controls","(0.165,0.186]",128,0.174181,6141.639007,"Liberal Democratic Norms Index (0-1)","No","Each row is one histogram bin. Bin_Midpoint = mean estimate within the bin. N_draws = count of simulation iterations falling in that bin."
"Expect In-Party Win","Without Controls","(0.186,0.207]",42,0.19314,2086.813034,"Liberal Democratic Norms Index (0-1)","No","Each row is one histogram bin. Bin_Midpoint = mean estimate within the bin. N_draws = count of simulation iterations falling in that bin."
"Expect In-Party Win","Without Controls","(0.207,0.228]",13,0.213941,753.685263,"Liberal Democratic Norms Index (0-1)","No","Each row is one histogram bin. Bin_Midpoint = mean estimate within the bin. N_draws = count of simulation iterations falling in that bin."
"Expect In-Party Win","Without Controls","(0.228,0.25]",3,0.242591,243.451024,"Liberal Democratic Norms Index (0-1)","No","Each row is one histogram bin. Bin_Midpoint = mean estimate within the bin. N_draws = count of simulation iterations falling in that bin."
"Expect In-Party Loss","With Controls","[-0.0538,-0.0276]",1,-0.053084,Inf,"Liberal Democratic Norms Index (0-1)","No","Each row is one histogram bin. Bin_Midpoint = mean estimate within the bin. N_draws = count of simulation iterations falling in that bin."
"Expect In-Party Loss","With Controls","(-0.00217,0.0233]",2,0.00993,161.749649,"Liberal Democratic Norms Index (0-1)","No","Each row is one histogram bin. Bin_Midpoint = mean estimate within the bin. N_draws = count of simulation iterations falling in that bin."
"Expect In-Party Loss","With Controls","(0.0233,0.0487]",10,0.039224,491.37045,"Liberal Democratic Norms Index (0-1)","No","Each row is one histogram bin. Bin_Midpoint = mean estimate within the bin. N_draws = count of simulation iterations falling in that bin."
"Expect In-Party Loss","With Controls","(0.0487,0.0742]",18,0.06292,874.823702,"Liberal Democratic Norms Index (0-1)","No","Each row is one histogram bin. Bin_Midpoint = mean estimate within the bin. N_draws = count of simulation iterations falling in that bin."
"Expect In-Party Loss","With Controls","(0.0742,0.0996]",51,0.088029,2106.65956,"Liberal Democratic Norms Index (0-1)","No","Each row is one histogram bin. Bin_Midpoint = mean estimate within the bin. N_draws = count of simulation iterations falling in that bin."
"Expect In-Party Loss","With Controls","(0.0996,0.125]",79,0.114629,3255.607071,"Liberal Democratic Norms Index (0-1)","No","Each row is one histogram bin. Bin_Midpoint = mean estimate within the bin. N_draws = count of simulation iterations falling in that bin."
"Expect In-Party Loss","With Controls","(0.125,0.151]",91,0.139462,3643.018434,"Liberal Democratic Norms Index (0-1)","No","Each row is one histogram bin. Bin_Midpoint = mean estimate within the bin. N_draws = count of simulation iterations falling in that bin."
"Expect In-Party Loss","With Controls","(0.151,0.176]",188,0.164608,7404.074103,"Liberal Democratic Norms Index (0-1)","No","Each row is one histogram bin. Bin_Midpoint = mean estimate within the bin. N_draws = count of simulation iterations falling in that bin."
"Expect In-Party Loss","With Controls","(0.176,0.201]",331,0.189724,13178.487509,"Liberal Democratic Norms Index (0-1)","No","Each row is one histogram bin. Bin_Midpoint = mean estimate within the bin. N_draws = count of simulation iterations falling in that bin."
"Expect In-Party Loss","With Controls","(0.201,0.227]",537,0.215056,21110.934011,"Liberal Democratic Norms Index (0-1)","No","Each row is one histogram bin. Bin_Midpoint = mean estimate within the bin. N_draws = count of simulation iterations falling in that bin."
"Expect In-Party Loss","With Controls","(0.227,0.252]",731,0.24036,28759.607965,"Liberal Democratic Norms Index (0-1)","No","Each row is one histogram bin. Bin_Midpoint = mean estimate within the bin. N_draws = count of simulation iterations falling in that bin."
"Expect In-Party Loss","With Controls","(0.252,0.278]",726,0.265061,28628.331677,"Liberal Democratic Norms Index (0-1)","No","Each row is one histogram bin. Bin_Midpoint = mean estimate within the bin. N_draws = count of simulation iterations falling in that bin."
"Expect In-Party Loss","With Controls","(0.278,0.303]",691,0.290335,27243.388433,"Liberal Democratic Norms Index (0-1)","No","Each row is one histogram bin. Bin_Midpoint = mean estimate within the bin. N_draws = count of simulation iterations falling in that bin."
"Expect In-Party Loss","With Controls","(0.303,0.329]",758,0.316397,29853.800899,"Liberal Democratic Norms Index (0-1)","No","Each row is one histogram bin. Bin_Midpoint = mean estimate within the bin. N_draws = count of simulation iterations falling in that bin."
"Expect In-Party Loss","With Controls","(0.329,0.354]",931,0.342079,36632.26557,"Liberal Democratic Norms Index (0-1)","No","Each row is one histogram bin. Bin_Midpoint = mean estimate within the bin. N_draws = count of simulation iterations falling in that bin."
"Expect In-Party Loss","With Controls","(0.354,0.38]",1132,0.366893,44531.558011,"Liberal Democratic Norms Index (0-1)","No","Each row is one histogram bin. Bin_Midpoint = mean estimate within the bin. N_draws = count of simulation iterations falling in that bin."
"Expect In-Party Loss","With Controls","(0.38,0.405]",1071,0.392192,42133.37656,"Liberal Democratic Norms Index (0-1)","No","Each row is one histogram bin. Bin_Midpoint = mean estimate within the bin. N_draws = count of simulation iterations falling in that bin."
"Expect In-Party Loss","With Controls","(0.405,0.431]",906,0.417189,35710.038818,"Liberal Democratic Norms Index (0-1)","No","Each row is one histogram bin. Bin_Midpoint = mean estimate within the bin. N_draws = count of simulation iterations falling in that bin."
"Expect In-Party Loss","With Controls","(0.431,0.456]",694,0.442637,27329.603807,"Liberal Democratic Norms Index (0-1)","No","Each row is one histogram bin. Bin_Midpoint = mean estimate within the bin. N_draws = count of simulation iterations falling in that bin."
"Expect In-Party Loss","With Controls","(0.456,0.481]",417,0.467592,16417.567333,"Liberal Democratic Norms Index (0-1)","No","Each row is one histogram bin. Bin_Midpoint = mean estimate within the bin. N_draws = count of simulation iterations falling in that bin."
"Expect In-Party Loss","With Controls","(0.481,0.507]",290,0.493554,11403.457782,"Liberal Democratic Norms Index (0-1)","No","Each row is one histogram bin. Bin_Midpoint = mean estimate within the bin. N_draws = count of simulation iterations falling in that bin."
"Expect In-Party Loss","With Controls","(0.507,0.532]",154,0.517965,6175.538577,"Liberal Democratic Norms Index (0-1)","No","Each row is one histogram bin. Bin_Midpoint = mean estimate within the bin. N_draws = count of simulation iterations falling in that bin."
"Expect In-Party Loss","With Controls","(0.532,0.558]",87,0.542708,3643.751183,"Liberal Democratic Norms Index (0-1)","No","Each row is one histogram bin. Bin_Midpoint = mean estimate within the bin. N_draws = count of simulation iterations falling in that bin."
"Expect In-Party Loss","With Controls","(0.558,0.583]",36,0.571362,1511.88152,"Liberal Democratic Norms Index (0-1)","No","Each row is one histogram bin. Bin_Midpoint = mean estimate within the bin. N_draws = count of simulation iterations falling in that bin."
"Expect In-Party Loss","With Controls","(0.583,0.609]",31,0.593533,1372.621609,"Liberal Democratic Norms Index (0-1)","No","Each row is one histogram bin. Bin_Midpoint = mean estimate within the bin. N_draws = count of simulation iterations falling in that bin."
"Expect In-Party Loss","With Controls","(0.609,0.634]",21,0.617431,964.205145,"Liberal Democratic Norms Index (0-1)","No","Each row is one histogram bin. Bin_Midpoint = mean estimate within the bin. N_draws = count of simulation iterations falling in that bin."
"Expect In-Party Loss","With Controls","(0.634,0.66]",11,0.642593,458.193848,"Liberal Democratic Norms Index (0-1)","No","Each row is one histogram bin. Bin_Midpoint = mean estimate within the bin. N_draws = count of simulation iterations falling in that bin."
"Expect In-Party Loss","With Controls","(0.66,0.685]",2,0.676048,333.064482,"Liberal Democratic Norms Index (0-1)","No","Each row is one histogram bin. Bin_Midpoint = mean estimate within the bin. N_draws = count of simulation iterations falling in that bin."
"Expect In-Party Loss","With Controls","(0.685,0.711]",3,0.695804,125.859596,"Liberal Democratic Norms Index (0-1)","No","Each row is one histogram bin. Bin_Midpoint = mean estimate within the bin. N_draws = count of simulation iterations falling in that bin."
"Expect In-Party Loss","Without Controls","[-0.764,-0.7]",2,-0.741409,47.482601,"Liberal Democratic Norms Index (0-1)","No","Each row is one histogram bin. Bin_Midpoint = mean estimate within the bin. N_draws = count of simulation iterations falling in that bin."
"Expect In-Party Loss","Without Controls","(-0.512,-0.449]",3,-0.488985,52.835561,"Liberal Democratic Norms Index (0-1)","No","Each row is one histogram bin. Bin_Midpoint = mean estimate within the bin. N_draws = count of simulation iterations falling in that bin."
"Expect In-Party Loss","Without Controls","(-0.449,-0.386]",5,-0.411333,270.286326,"Liberal Democratic Norms Index (0-1)","No","Each row is one histogram bin. Bin_Midpoint = mean estimate within the bin. N_draws = count of simulation iterations falling in that bin."
"Expect In-Party Loss","Without Controls","(-0.386,-0.324]",4,-0.356945,70.934782,"Liberal Democratic Norms Index (0-1)","No","Each row is one histogram bin. Bin_Midpoint = mean estimate within the bin. N_draws = count of simulation iterations falling in that bin."
"Expect In-Party Loss","Without Controls","(-0.324,-0.261]",9,-0.293344,189.79668,"Liberal Democratic Norms Index (0-1)","No","Each row is one histogram bin. Bin_Midpoint = mean estimate within the bin. N_draws = count of simulation iterations falling in that bin."
"Expect In-Party Loss","Without Controls","(-0.261,-0.198]",19,-0.232313,315.148986,"Liberal Democratic Norms Index (0-1)","No","Each row is one histogram bin. Bin_Midpoint = mean estimate within the bin. N_draws = count of simulation iterations falling in that bin."
"Expect In-Party Loss","Without Controls","(-0.198,-0.135]",51,-0.163866,827.413049,"Liberal Democratic Norms Index (0-1)","No","Each row is one histogram bin. Bin_Midpoint = mean estimate within the bin. N_draws = count of simulation iterations falling in that bin."
"Expect In-Party Loss","Without Controls","(-0.135,-0.0727]",90,-0.1057,1442.488737,"Liberal Democratic Norms Index (0-1)","No","Each row is one histogram bin. Bin_Midpoint = mean estimate within the bin. N_draws = count of simulation iterations falling in that bin."
"Expect In-Party Loss","Without Controls","(-0.0727,-0.00998]",149,-0.04288,2405.649953,"Liberal Democratic Norms Index (0-1)","No","Each row is one histogram bin. Bin_Midpoint = mean estimate within the bin. N_draws = count of simulation iterations falling in that bin."
"Expect In-Party Loss","Without Controls","(-0.00998,0.0527]",149,0.02536,2385.120511,"Liberal Democratic Norms Index (0-1)","No","Each row is one histogram bin. Bin_Midpoint = mean estimate within the bin. N_draws = count of simulation iterations falling in that bin."
"Expect In-Party Loss","Without Controls","(0.0527,0.115]",316,0.090061,5050.512472,"Liberal Democratic Norms Index (0-1)","No","Each row is one histogram bin. Bin_Midpoint = mean estimate within the bin. N_draws = count of simulation iterations falling in that bin."
"Expect In-Party Loss","Without Controls","(0.115,0.178]",796,0.1515,12746.200968,"Liberal Democratic Norms Index (0-1)","No","Each row is one histogram bin. Bin_Midpoint = mean estimate within the bin. N_draws = count of simulation iterations falling in that bin."
"Expect In-Party Loss","Without Controls","(0.178,0.241]",1084,0.208254,17306.091188,"Liberal Democratic Norms Index (0-1)","No","Each row is one histogram bin. Bin_Midpoint = mean estimate within the bin. N_draws = count of simulation iterations falling in that bin."
"Expect In-Party Loss","Without Controls","(0.241,0.304]",797,0.270617,12758.041538,"Liberal Democratic Norms Index (0-1)","No","Each row is one histogram bin. Bin_Midpoint = mean estimate within the bin. N_draws = count of simulation iterations falling in that bin."
"Expect In-Party Loss","Without Controls","(0.304,0.366]",1107,0.340912,17665.780661,"Liberal Democratic Norms Index (0-1)","No","Each row is one histogram bin. Bin_Midpoint = mean estimate within the bin. N_draws = count of simulation iterations falling in that bin."
"Expect In-Party Loss","Without Controls","(0.366,0.429]",2162,0.398554,34513.237852,"Liberal Democratic Norms Index (0-1)","No","Each row is one histogram bin. Bin_Midpoint = mean estimate within the bin. N_draws = count of simulation iterations falling in that bin."
"Expect In-Party Loss","Without Controls","(0.429,0.492]",1864,0.457227,29764.251516,"Liberal Democratic Norms Index (0-1)","No","Each row is one histogram bin. Bin_Midpoint = mean estimate within the bin. N_draws = count of simulation iterations falling in that bin."
"Expect In-Party Loss","Without Controls","(0.492,0.554]",815,0.519142,13026.810329,"Liberal Democratic Norms Index (0-1)","No","Each row is one histogram bin. Bin_Midpoint = mean estimate within the bin. N_draws = count of simulation iterations falling in that bin."
"Expect In-Party Loss","Without Controls","(0.554,0.617]",382,0.578766,6124.557042,"Liberal Democratic Norms Index (0-1)","No","Each row is one histogram bin. Bin_Midpoint = mean estimate within the bin. N_draws = count of simulation iterations falling in that bin."
"Expect In-Party Loss","Without Controls","(0.617,0.68]",131,0.642018,2100.133398,"Liberal Democratic Norms Index (0-1)","No","Each row is one histogram bin. Bin_Midpoint = mean estimate within the bin. N_draws = count of simulation iterations falling in that bin."
"Expect In-Party Loss","Without Controls","(0.68,0.743]",42,0.708176,717.44806,"Liberal Democratic Norms Index (0-1)","No","Each row is one histogram bin. Bin_Midpoint = mean estimate within the bin. N_draws = count of simulation iterations falling in that bin."
"Expect In-Party Loss","Without Controls","(0.743,0.805]",14,0.773949,234.150182,"Liberal Democratic Norms Index (0-1)","No","Each row is one histogram bin. Bin_Midpoint = mean estimate within the bin. N_draws = count of simulation iterations falling in that bin."
"Expect In-Party Loss","Without Controls","(0.805,0.868]",6,0.836527,112.590029,"Liberal Democratic Norms Index (0-1)","No","Each row is one histogram bin. Bin_Midpoint = mean estimate within the bin. N_draws = count of simulation iterations falling in that bin."
"Expect In-Party Loss","Without Controls","(0.868,0.931]",2,0.898569,33.643354,"Liberal Democratic Norms Index (0-1)","No","Each row is one histogram bin. Bin_Midpoint = mean estimate within the bin. N_draws = count of simulation iterations falling in that bin."
"Expect In-Party Loss","Without Controls","(1.06,1.12]",1,1.118747,Inf,"Liberal Democratic Norms Index (0-1)","No","Each row is one histogram bin. Bin_Midpoint = mean estimate within the bin. N_draws = count of simulation iterations falling in that bin."
