"Estimate_Conventional","SE_Conventional","PValue_Conventional","Estimate_BiasCorrected","SE_BiasCorrected","PValue_BiasCorrected","Estimate_BC_RobustSE","SE_BC_RobustSE","PValue_BC_RobustSE","N_within_bw","N_left_bw","N_right_bw","N_total_left","N_total_right","Bandwidth","Optimal_Bandwidth_h","Controls","Sample","Check_Type","Placebo_Cutoff","Polynomial_Degree","Outcome","Weighted"
-0.119700438900168,0.129106011730245,0.353849462595176,-0.0820714614587347,0.129106011730245,0.524978188214661,-0.0820714614587347,0.165356991835634,0.61966234712523,74,46,28,4704,395,183,611.560262709083,"Without Controls","Full Sample","Bandwidth Sensitivity",NA,NA,"Liberal Democratic Norms Index (0-1 factor score of 7 ANES items; higher = stronger liberal norm support)","No"
-0.116464804862077,0.117632253381433,0.322137247458626,-0.114174277816208,0.117632253381433,0.331745758286804,-0.114174277816208,0.15234135103447,0.453577907324295,101,57,44,4704,395,238,611.560262709083,"Without Controls","Full Sample","Bandwidth Sensitivity",NA,NA,"Liberal Democratic Norms Index (0-1 factor score of 7 ANES items; higher = stronger liberal norm support)","No"
-0.12544914323894,0.109152798580377,0.250432933178223,-0.10267465681501,0.109152798580377,0.346883889025938,-0.10267465681501,0.143512965737285,0.474338319808561,116,64,52,4704,395,293,611.560262709083,"Without Controls","Full Sample","Bandwidth Sensitivity",NA,NA,"Liberal Democratic Norms Index (0-1 factor score of 7 ANES items; higher = stronger liberal norm support)","No"
-0.121254068796426,0.099986222594107,0.225241568992932,-0.122725097225373,0.099986222594107,0.219664743484079,-0.122725097225373,0.134269226032532,0.360705009081719,147,77,70,4704,395,348,611.560262709083,"Without Controls","Full Sample","Bandwidth Sensitivity",NA,NA,"Liberal Democratic Norms Index (0-1 factor score of 7 ANES items; higher = stronger liberal norm support)","No"
-0.108965612124901,0.0927704930962406,0.240166040438029,-0.133946705190424,0.0927704930962406,0.148781086679651,-0.133946705190424,0.12954311427758,0.301139320835631,167,92,75,4704,395,402,611.560262709083,"Without Controls","Full Sample","Bandwidth Sensitivity",NA,NA,"Liberal Democratic Norms Index (0-1 factor score of 7 ANES items; higher = stronger liberal norm support)","No"
-0.100788416146441,0.0867142626331255,0.245111619214357,-0.135350047310083,0.0867142626331255,0.118553457591612,-0.135350047310083,0.124042667705214,0.275203726600557,191,106,85,4704,395,457,611.560262709083,"Without Controls","Full Sample","Bandwidth Sensitivity",NA,NA,"Liberal Democratic Norms Index (0-1 factor score of 7 ANES items; higher = stronger liberal norm support)","No"
-0.090004679670215,0.0813883287103403,0.268784022157709,-0.137827650940423,0.0813883287103403,0.0903684757681563,-0.137827650940423,0.118556947650468,0.24501462171656,212,118,94,4704,395,512,611.560262709083,"Without Controls","Full Sample","Bandwidth Sensitivity",NA,NA,"Liberal Democratic Norms Index (0-1 factor score of 7 ANES items; higher = stronger liberal norm support)","No"
-0.0811497364188318,0.0765291091311765,0.288972947589644,-0.133795760451803,0.0765291091311765,0.0804122765255865,-0.133795760451803,0.11362785952079,0.238999663066547,238,136,102,4704,395,566,611.560262709083,"Without Controls","Full Sample","Bandwidth Sensitivity",NA,NA,"Liberal Democratic Norms Index (0-1 factor score of 7 ANES items; higher = stronger liberal norm support)","No"
-0.0696434172303176,0.0722696036644404,0.33521578351747,-0.136255797599224,0.0722696036644404,0.0593783053847633,-0.136255797599224,0.109118133566431,0.211774873807511,261,153,108,4704,395,621,611.560262709083,"Without Controls","Full Sample","Bandwidth Sensitivity",NA,NA,"Liberal Democratic Norms Index (0-1 factor score of 7 ANES items; higher = stronger liberal norm support)","No"
-0.0599188594667024,0.0679129579897961,0.377620514172964,-0.131151692321404,0.0679129579897961,0.0534616226526816,-0.131151692321404,0.104395388325098,0.209008034408541,283,163,120,4704,395,676,611.560262709083,"Without Controls","Full Sample","Bandwidth Sensitivity",NA,NA,"Liberal Democratic Norms Index (0-1 factor score of 7 ANES items; higher = stronger liberal norm support)","No"
-0.0491296019811652,0.0636928280758626,0.440498209547796,-0.126385102425129,0.0636928280758626,0.0472234143216043,-0.126385102425129,0.100220947333507,0.207285524739167,306,173,133,4704,395,731,611.560262709083,"Without Controls","Full Sample","Bandwidth Sensitivity",NA,NA,"Liberal Democratic Norms Index (0-1 factor score of 7 ANES items; higher = stronger liberal norm support)","No"
-0.0416415600728539,0.0606586869008069,0.492404395709516,-0.120849557954601,0.0606586869008069,0.0463394966003853,-0.120849557954601,0.0974562427981632,0.214960908321474,319,182,137,4704,395,785,611.560262709083,"Without Controls","Full Sample","Bandwidth Sensitivity",NA,NA,"Liberal Democratic Norms Index (0-1 factor score of 7 ANES items; higher = stronger liberal norm support)","No"
-0.0372295627650351,0.0581038194538436,0.521690262495215,-0.111321927279136,0.0581038194538436,0.0553760297415164,-0.111321927279136,0.0944599817640896,0.238593794439872,344,200,144,4704,395,840,611.560262709083,"Without Controls","Full Sample","Bandwidth Sensitivity",NA,NA,"Liberal Democratic Norms Index (0-1 factor score of 7 ANES items; higher = stronger liberal norm support)","No"
-0.0345601250516452,0.0557456638464919,0.535283610665036,-0.100219504574094,0.0557456638464919,0.0722088492359954,-0.100219504574094,0.091196645233023,0.271794891830834,357,206,151,4704,395,895,611.560262709083,"Without Controls","Full Sample","Bandwidth Sensitivity",NA,NA,"Liberal Democratic Norms Index (0-1 factor score of 7 ANES items; higher = stronger liberal norm support)","No"
-0.0320336060710029,0.0535937542995602,0.55003241591796,-0.0910826372323648,0.0535937542995602,0.0892248326147703,-0.0910826372323648,0.0878755440700495,0.299970871926961,379,220,159,4704,395,950,611.560262709083,"Without Controls","Full Sample","Bandwidth Sensitivity",NA,NA,"Liberal Democratic Norms Index (0-1 factor score of 7 ANES items; higher = stronger liberal norm support)","No"
-0.0282843085363866,0.0516368453125514,0.583860562386757,-0.0860191515062851,0.0516368453125514,0.0957436311383568,-0.0860191515062851,0.0847689231005513,0.310225650120286,403,237,166,4704,395,1004,611.560262709083,"Without Controls","Full Sample","Bandwidth Sensitivity",NA,NA,"Liberal Democratic Norms Index (0-1 factor score of 7 ANES items; higher = stronger liberal norm support)","No"
-0.0234487979178772,0.0498464924843523,0.638054821381441,-0.0836266591060907,0.0498464924843523,0.0934088194256911,-0.0836266591060907,0.0819161084896521,0.307310472858101,425,249,176,4704,395,1059,611.560262709083,"Without Controls","Full Sample","Bandwidth Sensitivity",NA,NA,"Liberal Democratic Norms Index (0-1 factor score of 7 ANES items; higher = stronger liberal norm support)","No"
-0.0181220120745579,0.0481115834997874,0.706421611112793,-0.0812740365437697,0.0481115834997874,0.0911653830646615,-0.0812740365437697,0.0790095858492643,0.3036392585991,440,258,182,4704,395,1114,611.560262709083,"Without Controls","Full Sample","Bandwidth Sensitivity",NA,NA,"Liberal Democratic Norms Index (0-1 factor score of 7 ANES items; higher = stronger liberal norm support)","No"
-0.0136161646158126,0.0467099164522284,0.77066527722883,-0.0790874038988836,0.0467099164522284,0.0904248459733556,-0.0790874038988836,0.0768374292237565,0.303347050338716,456,271,185,4704,395,1168,611.560262709083,"Without Controls","Full Sample","Bandwidth Sensitivity",NA,NA,"Liberal Democratic Norms Index (0-1 factor score of 7 ANES items; higher = stronger liberal norm support)","No"
-0.00986801871678589,0.0455251446042746,0.828395585231469,-0.0767058239607167,0.0455251446042746,0.0920057141291567,-0.0767058239607167,0.0750175007716979,0.306541604758102,479,290,189,4704,395,1223,611.560262709083,"Without Controls","Full Sample","Bandwidth Sensitivity",NA,NA,"Liberal Democratic Norms Index (0-1 factor score of 7 ANES items; higher = stronger liberal norm support)","No"
-0.177696667416319,0.0918472982463127,0.053027522106094,-0.156903246248318,0.0918472982463127,0.0875796682950366,-0.156903246248318,0.11636832227695,0.177551310594597,72,45,27,4483,385,183,611.560262709083,"With Controls","Full Sample","Bandwidth Sensitivity",NA,NA,"Liberal Democratic Norms Index (0-1 factor score of 7 ANES items; higher = stronger liberal norm support)","No"
-0.177670344290966,0.0840589377626916,0.0345460154410175,-0.162711736558611,0.0840589377626916,0.052906129979912,-0.162711736558611,0.109049366494493,0.135674910552411,99,56,43,4483,385,238,611.560262709083,"With Controls","Full Sample","Bandwidth Sensitivity",NA,NA,"Liberal Democratic Norms Index (0-1 factor score of 7 ANES items; higher = stronger liberal norm support)","No"
-0.186048220297875,0.0796015766780798,0.0194265574308496,-0.153316688197615,0.0796015766780798,0.0540980188951142,-0.153316688197615,0.105977539444627,0.147983656324038,114,63,51,4483,385,293,611.560262709083,"With Controls","Full Sample","Bandwidth Sensitivity",NA,NA,"Liberal Democratic Norms Index (0-1 factor score of 7 ANES items; higher = stronger liberal norm support)","No"
-0.176793964374507,0.074397161157015,0.017484696580245,-0.173699299937411,0.074397161157015,0.0195561136759838,-0.173699299937411,0.100879580530449,0.0850970640580899,145,76,69,4483,385,348,611.560262709083,"With Controls","Full Sample","Bandwidth Sensitivity",NA,NA,"Liberal Democratic Norms Index (0-1 factor score of 7 ANES items; higher = stronger liberal norm support)","No"
-0.158355251046743,0.0703822098983002,0.0244532038103208,-0.184173101924955,0.0703822098983002,0.00887696535049652,-0.184173101924955,0.0989056753068477,0.0625877935272348,163,90,73,4483,385,402,611.560262709083,"With Controls","Full Sample","Bandwidth Sensitivity",NA,NA,"Liberal Democratic Norms Index (0-1 factor score of 7 ANES items; higher = stronger liberal norm support)","No"
-0.141155995221682,0.0675705618056359,0.0367062689533878,-0.191007547625614,0.0675705618056359,0.0047017673208012,-0.191007547625614,0.0969202522625315,0.0487501635689566,186,104,82,4483,385,457,611.560262709083,"With Controls","Full Sample","Bandwidth Sensitivity",NA,NA,"Liberal Democratic Norms Index (0-1 factor score of 7 ANES items; higher = stronger liberal norm support)","No"
-0.120873439062321,0.0649027246382217,0.0625497572687521,-0.197350088439363,0.0649027246382217,0.0023602436341738,-0.197350088439363,0.0938591015000751,0.035498940151891,205,114,91,4483,385,512,611.560262709083,"With Controls","Full Sample","Bandwidth Sensitivity",NA,NA,"Liberal Democratic Norms Index (0-1 factor score of 7 ANES items; higher = stronger liberal norm support)","No"
-0.104121166279159,0.0617552890922508,0.0917903449077985,-0.190600941748577,0.0617552890922508,0.00202602507376964,-0.190600941748577,0.0901172602316596,0.0344271703029594,229,130,99,4483,385,566,611.560262709083,"With Controls","Full Sample","Bandwidth Sensitivity",NA,NA,"Liberal Democratic Norms Index (0-1 factor score of 7 ANES items; higher = stronger liberal norm support)","No"
-0.0878697926510215,0.0587376688602276,0.13466146350034,-0.187592441734922,0.0587376688602276,0.00140445862883487,-0.187592441734922,0.0865838251867441,0.030265432553904,251,146,105,4483,385,621,611.560262709083,"With Controls","Full Sample","Bandwidth Sensitivity",NA,NA,"Liberal Democratic Norms Index (0-1 factor score of 7 ANES items; higher = stronger liberal norm support)","No"
-0.0739120312079099,0.0555628359726006,0.18343847210917,-0.177684429628892,0.0555628359726006,0.00138431960764194,-0.177684429628892,0.0832423457269962,0.0327982955447396,273,156,117,4483,385,676,611.560262709083,"With Controls","Full Sample","Bandwidth Sensitivity",NA,NA,"Liberal Democratic Norms Index (0-1 factor score of 7 ANES items; higher = stronger liberal norm support)","No"
-0.0598884327468591,0.0525281227958979,0.254235760440513,-0.167595355924372,0.0525281227958979,0.00141985860772108,-0.167595355924372,0.0804467625865933,0.0372231898720976,296,166,130,4483,385,731,611.560262709083,"With Controls","Full Sample","Bandwidth Sensitivity",NA,NA,"Liberal Democratic Norms Index (0-1 factor score of 7 ANES items; higher = stronger liberal norm support)","No"
-0.0500991656494671,0.0503595486135052,0.31981918550652,-0.158821049389483,0.0503595486135052,0.00161191237821459,-0.158821049389483,0.0784693032458194,0.0429712274681475,309,175,134,4483,385,785,611.560262709083,"With Controls","Full Sample","Bandwidth Sensitivity",NA,NA,"Liberal Democratic Norms Index (0-1 factor score of 7 ANES items; higher = stronger liberal norm support)","No"
-0.0440426493523486,0.0484995385630261,0.363823011716769,-0.145709118733281,0.0484995385630261,0.00266157437053293,-0.145709118733281,0.0762167166048165,0.0559052190591015,333,192,141,4483,385,840,611.560262709083,"With Controls","Full Sample","Bandwidth Sensitivity",NA,NA,"Liberal Democratic Norms Index (0-1 factor score of 7 ANES items; higher = stronger liberal norm support)","No"
-0.0399617851034343,0.0467267514364132,0.392427793738085,-0.130354724725346,0.0467267514364132,0.00527530436023065,-0.130354724725346,0.0736658576421454,0.0768037043554764,346,198,148,4483,385,895,611.560262709083,"With Controls","Full Sample","Bandwidth Sensitivity",NA,NA,"Liberal Democratic Norms Index (0-1 factor score of 7 ANES items; higher = stronger liberal norm support)","No"
-0.0365220903862876,0.0451433571633942,0.418500946537694,-0.11774081242488,0.0451433571633942,0.00910320787294097,-0.11774081242488,0.0711889131699018,0.0981436395078537,367,212,155,4483,385,950,611.560262709083,"With Controls","Full Sample","Bandwidth Sensitivity",NA,NA,"Liberal Democratic Norms Index (0-1 factor score of 7 ANES items; higher = stronger liberal norm support)","No"
-0.0320062617724946,0.0437048031940851,0.463968244309566,-0.109999824351554,0.0437048031940851,0.011839853730843,-0.109999824351554,0.0688637822888469,0.110186864530422,391,229,162,4483,385,1004,611.560262709083,"With Controls","Full Sample","Bandwidth Sensitivity",NA,NA,"Liberal Democratic Norms Index (0-1 factor score of 7 ANES items; higher = stronger liberal norm support)","No"
-0.0267905793818539,0.0423325699316283,0.526825237906769,-0.104234287654897,0.0423325699316283,0.013806004778561,-0.104234287654897,0.0666418070897101,0.117794659646698,413,241,172,4483,385,1059,611.560262709083,"With Controls","Full Sample","Bandwidth Sensitivity",NA,NA,"Liberal Democratic Norms Index (0-1 factor score of 7 ANES items; higher = stronger liberal norm support)","No"
-0.0224513032070282,0.0410076372839143,0.584041604990472,-0.097350866574546,0.0410076372839143,0.0175980198856701,-0.097350866574546,0.0644300996338667,0.130800369669609,427,250,177,4483,385,1114,611.560262709083,"With Controls","Full Sample","Bandwidth Sensitivity",NA,NA,"Liberal Democratic Norms Index (0-1 factor score of 7 ANES items; higher = stronger liberal norm support)","No"
-0.0192094740605988,0.0399579733620469,0.630699911788175,-0.0915795905847744,0.0399579733620469,0.0219115421973908,-0.0915795905847744,0.0628344049528256,0.144985236184951,443,263,180,4483,385,1168,611.560262709083,"With Controls","Full Sample","Bandwidth Sensitivity",NA,NA,"Liberal Democratic Norms Index (0-1 factor score of 7 ANES items; higher = stronger liberal norm support)","No"
-0.0163354472090497,0.0390410751269444,0.675642302833076,-0.0867032059249001,0.0390410751269444,0.0263631459240091,-0.0867032059249001,0.0614236909794548,0.158079649835395,466,282,184,4483,385,1223,611.560262709083,"With Controls","Full Sample","Bandwidth Sensitivity",NA,NA,"Liberal Democratic Norms Index (0-1 factor score of 7 ANES items; higher = stronger liberal norm support)","No"
0.0443868098945593,0.0518229627053948,0.391716553596359,0.0655009688506689,0.0518229627053948,0.206252578968043,0.0655009688506689,0.0600196413820448,0.275129653859819,388,201,187,4531,568,NA,NA,"Without Controls","Full Sample","Placebo Cutoff Test",-730,NA,"Liberal Democratic Norms Index (0-1 factor score of 7 ANES items; higher = stronger liberal norm support)","No"
0.0158245517454932,0.0428467883771306,0.71188268202343,0.0249937876795207,0.0428467883771306,0.559671632297806,0.0249937876795207,0.051012900923254,0.624169046457423,485,271,214,4623,476,NA,NA,"Without Controls","Full Sample","Placebo Cutoff Test",-365,NA,"Liberal Democratic Norms Index (0-1 factor score of 7 ANES items; higher = stronger liberal norm support)","No"
-0.0629227502997465,0.069180153750806,0.363060324090695,-0.0852469461717177,0.069180153750806,0.217857321159338,-0.0852469461717177,0.0813147342220274,0.294473730327261,279,160,119,4704,395,NA,NA,"Without Controls","Full Sample","Placebo Cutoff Test",0,NA,"Liberal Democratic Norms Index (0-1 factor score of 7 ANES items; higher = stronger liberal norm support)","No"
-0.0134814707601402,0.0493350131722508,0.784650477676563,-0.0303236042762438,0.0493350131722508,0.538788049882208,-0.0303236042762438,0.0585036039119484,0.60423482667932,318,194,124,4776,323,NA,NA,"Without Controls","Full Sample","Placebo Cutoff Test",365,NA,"Liberal Democratic Norms Index (0-1 factor score of 7 ANES items; higher = stronger liberal norm support)","No"
0.00808903445030706,0.0400644898808445,0.839994629995748,0.0151640147523231,0.0400644898808445,0.705066510274342,0.0151640147523231,0.050371305301436,0.76338040500161,425,275,150,4837,262,NA,NA,"Without Controls","Full Sample","Placebo Cutoff Test",730,NA,"Liberal Democratic Norms Index (0-1 factor score of 7 ANES items; higher = stronger liberal norm support)","No"
0.0392316030695564,0.046031543747891,0.394060645009725,0.0559406715563925,0.046031543747891,0.224263814278217,0.0559406715563925,0.0536010589316738,0.296647986277437,372,196,176,4317,551,NA,NA,"With Controls","Full Sample","Placebo Cutoff Test",-730,NA,"Liberal Democratic Norms Index (0-1 factor score of 7 ANES items; higher = stronger liberal norm support)","No"
0.000300417602342218,0.0357387462692519,0.993293112688228,0.00644591679396496,0.0357387462692519,0.856868273978663,0.00644591679396496,0.0429326668585662,0.880654048424458,569,329,240,4403,465,NA,NA,"With Controls","Full Sample","Placebo Cutoff Test",-365,NA,"Liberal Democratic Norms Index (0-1 factor score of 7 ANES items; higher = stronger liberal norm support)","No"
-0.0906313762870629,0.0592337685336585,0.126001224554577,-0.114851920241762,0.0592337685336585,0.052506183494774,-0.114851920241762,0.068207995607367,0.0922109820970511,245,141,104,4483,385,NA,NA,"With Controls","Full Sample","Placebo Cutoff Test",0,NA,"Liberal Democratic Norms Index (0-1 factor score of 7 ANES items; higher = stronger liberal norm support)","No"
-0.0765783635728488,0.0512336464203537,0.134995647622154,-0.0971329147109487,0.0512336464203537,0.0579757356630402,-0.0971329147109487,0.0603475382236836,0.107494195988249,270,161,109,4554,314,NA,NA,"With Controls","Full Sample","Placebo Cutoff Test",365,NA,"Liberal Democratic Norms Index (0-1 factor score of 7 ANES items; higher = stronger liberal norm support)","No"
0.0184467158357596,0.0380132344551824,0.627484207087777,0.0227462314163397,0.0380132344551824,0.549588650689063,0.0227462314163397,0.0479863738230994,0.635489650161504,427,276,151,4613,255,NA,NA,"With Controls","Full Sample","Placebo Cutoff Test",730,NA,"Liberal Democratic Norms Index (0-1 factor score of 7 ANES items; higher = stronger liberal norm support)","No"
-0.0629227502997465,0.069180153750806,0.363060324090695,-0.0852469461717177,0.069180153750806,0.217857321159338,-0.0852469461717177,0.0813147342220274,0.294473730327261,279,160,119,4704,395,NA,NA,"Without Controls","Full Sample","Polynomial Degree Sensitivity",NA,1,"Liberal Democratic Norms Index (0-1 factor score of 7 ANES items; higher = stronger liberal norm support)","No"
-0.0787808817697793,0.076633593074404,0.303940325261324,-0.0985738229327618,0.076633593074404,0.198338236093411,-0.0985738229327618,0.0867052926209461,0.255586959850928,458,273,185,4704,395,NA,NA,"Without Controls","Full Sample","Polynomial Degree Sensitivity",NA,2,"Liberal Democratic Norms Index (0-1 factor score of 7 ANES items; higher = stronger liberal norm support)","No"
-0.105142079826813,0.0917781154042997,0.251955867462977,-0.116664415976975,0.0917781154042997,0.203672714821282,-0.116664415976975,0.102709832286723,0.256013425642393,588,366,222,4704,395,NA,NA,"Without Controls","Full Sample","Polynomial Degree Sensitivity",NA,3,"Liberal Democratic Norms Index (0-1 factor score of 7 ANES items; higher = stronger liberal norm support)","No"
-0.0906313762870629,0.0592337685336585,0.126001224554577,-0.114851920241762,0.0592337685336585,0.052506183494774,-0.114851920241762,0.068207995607367,0.0922109820970511,245,141,104,4483,385,NA,NA,"With Controls","Full Sample","Polynomial Degree Sensitivity",NA,1,"Liberal Democratic Norms Index (0-1 factor score of 7 ANES items; higher = stronger liberal norm support)","No"
-0.109378214841358,0.0684026729462018,0.109812999035527,-0.131580149199366,0.0684026729462018,0.0544033335413224,-0.131580149199366,0.0758500309685364,0.0827867125953414,396,233,163,4483,385,NA,NA,"With Controls","Full Sample","Polynomial Degree Sensitivity",NA,2,"Liberal Democratic Norms Index (0-1 factor score of 7 ANES items; higher = stronger liberal norm support)","No"
-0.162222543323595,0.0834811286885748,0.051989084304803,-0.18036732475334,0.0834811286885748,0.0307281054656316,-0.18036732475334,0.0905393843556696,0.0463554622474699,456,274,182,4483,385,NA,NA,"With Controls","Full Sample","Polynomial Degree Sensitivity",NA,3,"Liberal Democratic Norms Index (0-1 factor score of 7 ANES items; higher = stronger liberal norm support)","No"
-0.232679826041705,0.124157753812285,0.0609213277580936,-0.197361125400979,0.124157753812285,0.111925069853277,-0.197361125400979,0.205908234758659,0.337815385363775,35,20,15,1044,92,338,1127.51355246957,"Without Controls","Independents","Bandwidth Sensitivity",NA,NA,"Liberal Democratic Norms Index (0-1 factor score of 7 ANES items; higher = stronger liberal norm support)","No"
-0.206181576019878,0.113273177776361,0.068726217635522,-0.256925606462226,0.113273177776361,0.023317350433766,-0.256925606462226,0.174827378320567,0.141671218854539,43,22,21,1044,92,439,1127.51355246957,"Without Controls","Independents","Bandwidth Sensitivity",NA,NA,"Liberal Democratic Norms Index (0-1 factor score of 7 ANES items; higher = stronger liberal norm support)","No"
-0.201268660917624,0.0999367017157679,0.0440135849841025,-0.21658481043022,0.0999367017157679,0.0302180893866638,-0.21658481043022,0.149091300252675,0.146307293268451,53,29,24,1044,92,540,1127.51355246957,"Without Controls","Independents","Bandwidth Sensitivity",NA,NA,"Liberal Democratic Norms Index (0-1 factor score of 7 ANES items; higher = stronger liberal norm support)","No"
-0.173497240023378,0.0912015982133702,0.0571255854368427,-0.238408609332752,0.0912015982133702,0.00894671216169053,-0.238408609332752,0.135537762768923,0.0785804101595179,69,42,27,1044,92,641,1127.51355246957,"Without Controls","Independents","Bandwidth Sensitivity",NA,NA,"Liberal Democratic Norms Index (0-1 factor score of 7 ANES items; higher = stronger liberal norm support)","No"
-0.134964773430338,0.0864858252913003,0.118631823721881,-0.245435159309948,0.0864858252913003,0.00454162838289503,-0.245435159309948,0.127860343553217,0.0549139374482267,76,45,31,1044,92,742,1127.51355246957,"Without Controls","Independents","Bandwidth Sensitivity",NA,NA,"Liberal Democratic Norms Index (0-1 factor score of 7 ANES items; higher = stronger liberal norm support)","No"
-0.11519798033616,0.0833026593282468,0.166700195551611,-0.229617087514915,0.0833026593282468,0.00584379674927332,-0.229617087514915,0.119133898379843,0.053931459783715,87,54,33,1044,92,843,1127.51355246957,"Without Controls","Independents","Bandwidth Sensitivity",NA,NA,"Liberal Democratic Norms Index (0-1 factor score of 7 ANES items; higher = stronger liberal norm support)","No"
-0.0975614380149835,0.0791272171001776,0.217587177999292,-0.202271362448953,0.0791272171001776,0.0105797794758671,-0.202271362448953,0.112482462080257,0.0721377161365725,95,57,38,1044,92,944,1127.51355246957,"Without Controls","Independents","Bandwidth Sensitivity",NA,NA,"Liberal Democratic Norms Index (0-1 factor score of 7 ANES items; higher = stronger liberal norm support)","No"
-0.0843418752112554,0.0751554266952794,0.261763525002937,-0.189870629847786,0.0751554266952794,0.0115247096200546,-0.189870629847786,0.10610707629632,0.0735464342536338,109,68,41,1044,92,1044,1127.51355246957,"Without Controls","Independents","Bandwidth Sensitivity",NA,NA,"Liberal Democratic Norms Index (0-1 factor score of 7 ANES items; higher = stronger liberal norm support)","No"
-0.0738951052334468,0.071683364285129,0.302609144046253,-0.178201092272091,0.071683364285129,0.0129206964303701,-0.178201092272091,0.103138412762556,0.0840266215125542,117,75,42,1044,92,1145,1127.51355246957,"Without Controls","Independents","Bandwidth Sensitivity",NA,NA,"Liberal Democratic Norms Index (0-1 factor score of 7 ANES items; higher = stronger liberal norm support)","No"
-0.0674440893005984,0.0690291091224069,0.328550149416105,-0.171875495175584,0.0690291091224069,0.0127779477587098,-0.171875495175584,0.100604114547937,0.0875558331663051,127,83,44,1044,92,1246,1127.51355246957,"Without Controls","Independents","Bandwidth Sensitivity",NA,NA,"Liberal Democratic Norms Index (0-1 factor score of 7 ANES items; higher = stronger liberal norm support)","No"
-0.061763706434994,0.0657900407467339,0.347833312618598,-0.151183139629616,0.0657900407467339,0.0215638429728469,-0.151183139629616,0.0966171357544394,0.117637955166985,141,94,47,1044,92,1347,1127.51355246957,"Without Controls","Independents","Bandwidth Sensitivity",NA,NA,"Liberal Democratic Norms Index (0-1 factor score of 7 ANES items; higher = stronger liberal norm support)","No"
-0.0555180340952041,0.0632240319204779,0.379880770213822,-0.136479165403452,0.0632240319204779,0.0308765828441443,-0.136479165403452,0.0941715885920972,0.147264842170217,152,101,51,1044,92,1448,1127.51355246957,"Without Controls","Independents","Bandwidth Sensitivity",NA,NA,"Liberal Democratic Norms Index (0-1 factor score of 7 ANES items; higher = stronger liberal norm support)","No"
-0.0520672955336915,0.0611595196896645,0.394582780752794,-0.120973518592558,0.0611595196896645,0.0479287276010969,-0.120973518592558,0.091949723952755,0.188292039006886,158,105,53,1044,92,1549,1127.51355246957,"Without Controls","Independents","Bandwidth Sensitivity",NA,NA,"Liberal Democratic Norms Index (0-1 factor score of 7 ANES items; higher = stronger liberal norm support)","No"
-0.0483208396268962,0.0596441519325578,0.417852718360413,-0.113549671328058,0.0596441519325578,0.0569381263397361,-0.113549671328058,0.0899645729790156,0.20689127519817,167,111,56,1044,92,1650,1127.51355246957,"Without Controls","Independents","Bandwidth Sensitivity",NA,NA,"Liberal Democratic Norms Index (0-1 factor score of 7 ANES items; higher = stronger liberal norm support)","No"
-0.039790087705682,0.0581599168749012,0.493880662403115,-0.114965826726796,0.0581599168749012,0.0480733746875081,-0.114965826726796,0.0873307146527561,0.188025710103941,180,120,60,1044,92,1751,1127.51355246957,"Without Controls","Independents","Bandwidth Sensitivity",NA,NA,"Liberal Democratic Norms Index (0-1 factor score of 7 ANES items; higher = stronger liberal norm support)","No"
-0.0331530923163258,0.0571607252554324,0.56191613180681,-0.114279990372259,0.0571607252554324,0.0455786427887102,-0.114279990372259,0.0855336124147241,0.181522203573244,185,125,60,1044,92,1851,1127.51355246957,"Without Controls","Independents","Bandwidth Sensitivity",NA,NA,"Liberal Democratic Norms Index (0-1 factor score of 7 ANES items; higher = stronger liberal norm support)","No"
-0.0305468223585313,0.0563299948996895,0.587623274688833,-0.105304910629102,0.0563299948996895,0.0615631910652738,-0.105304910629102,0.0835723672570943,0.207653271180221,194,130,64,1044,92,1952,1127.51355246957,"Without Controls","Independents","Bandwidth Sensitivity",NA,NA,"Liberal Democratic Norms Index (0-1 factor score of 7 ANES items; higher = stronger liberal norm support)","No"
-0.0272565283409868,0.0556166234747431,0.624078135921,-0.0995204868321373,0.0556166234747431,0.0735501277016456,-0.0995204868321373,0.0816639663594229,0.222973835019702,198,132,66,1044,92,2053,1127.51355246957,"Without Controls","Independents","Bandwidth Sensitivity",NA,NA,"Liberal Democratic Norms Index (0-1 factor score of 7 ANES items; higher = stronger liberal norm support)","No"
-0.0259693168671887,0.0549979959470069,0.636793601488486,-0.091016258444714,0.0549979959470069,0.0979445077868062,-0.091016258444714,0.0798911735908463,0.254597649357077,203,136,67,1044,92,2154,1127.51355246957,"Without Controls","Independents","Bandwidth Sensitivity",NA,NA,"Liberal Democratic Norms Index (0-1 factor score of 7 ANES items; higher = stronger liberal norm support)","No"
-0.0243892928058526,0.0541394826848797,0.652357199719497,-0.0821303134198589,0.0541394826848797,0.1292633348364,-0.0821303134198589,0.0772551834169556,0.287734679709331,215,143,72,1044,92,2255,1127.51355246957,"Without Controls","Independents","Bandwidth Sensitivity",NA,NA,"Liberal Democratic Norms Index (0-1 factor score of 7 ANES items; higher = stronger liberal norm support)","No"
-0.235493951595318,0.1255035559442,0.0606013812740944,-0.131216921198537,0.1255035559442,0.295781070014267,-0.131216921198537,0.182964650394438,0.473268658551628,34,19,15,981,89,338,1127.51355246957,"With Controls","Independents","Bandwidth Sensitivity",NA,NA,"Liberal Democratic Norms Index (0-1 factor score of 7 ANES items; higher = stronger liberal norm support)","No"
-0.255701968171356,0.109207790794507,0.0192102302614888,-0.191148299923907,0.109207790794507,0.0800635545977361,-0.191148299923907,0.156945580763202,0.223251618981666,41,21,20,981,89,439,1127.51355246957,"With Controls","Independents","Bandwidth Sensitivity",NA,NA,"Liberal Democratic Norms Index (0-1 factor score of 7 ANES items; higher = stronger liberal norm support)","No"
-0.261738775814948,0.101394239718962,0.00984013792350966,-0.194117058941212,0.101394239718962,0.0555590852879703,-0.194117058941212,0.140526404207874,0.167169380351384,50,28,22,981,89,540,1127.51355246957,"With Controls","Independents","Bandwidth Sensitivity",NA,NA,"Liberal Democratic Norms Index (0-1 factor score of 7 ANES items; higher = stronger liberal norm support)","No"
-0.230911633956866,0.0930286864445714,0.0130590398575624,-0.240044257219659,0.0930286864445714,0.00987073344476051,-0.240044257219659,0.127403650676118,0.0595482244229485,63,38,25,981,89,641,1127.51355246957,"With Controls","Independents","Bandwidth Sensitivity",NA,NA,"Liberal Democratic Norms Index (0-1 factor score of 7 ANES items; higher = stronger liberal norm support)","No"
-0.187898260521496,0.0858051074725047,0.0285368539210938,-0.258545542384221,0.0858051074725047,0.00258532392447904,-0.258545542384221,0.121207594034753,0.0329181318563119,70,41,29,981,89,742,1127.51355246957,"With Controls","Independents","Bandwidth Sensitivity",NA,NA,"Liberal Democratic Norms Index (0-1 factor score of 7 ANES items; higher = stronger liberal norm support)","No"
-0.160823844006545,0.0805690053731795,0.045922968292602,-0.261093347247094,0.0805690053731795,0.00119271010059918,-0.261093347247094,0.117090402255179,0.0257577919252462,81,50,31,981,89,843,1127.51355246957,"With Controls","Independents","Bandwidth Sensitivity",NA,NA,"Liberal Democratic Norms Index (0-1 factor score of 7 ANES items; higher = stronger liberal norm support)","No"
-0.137764359569831,0.0747262403758487,0.0652432851648823,-0.248247486584989,0.0747262403758487,0.000893450530344799,-0.248247486584989,0.110071294756845,0.0241123987640988,88,53,35,981,89,944,1127.51355246957,"With Controls","Independents","Bandwidth Sensitivity",NA,NA,"Liberal Democratic Norms Index (0-1 factor score of 7 ANES items; higher = stronger liberal norm support)","No"
-0.120755394708256,0.0706061803955949,0.0872165782050249,-0.237478279366247,0.0706061803955949,0.000769829865213544,-0.237478279366247,0.104976898740157,0.0236853205003881,102,64,38,981,89,1044,1127.51355246957,"With Controls","Independents","Bandwidth Sensitivity",NA,NA,"Liberal Democratic Norms Index (0-1 factor score of 7 ANES items; higher = stronger liberal norm support)","No"
-0.107747286503103,0.0667837982789286,0.106663139352584,-0.221025126331032,0.0667837982789286,0.000934420418523716,-0.221025126331032,0.101551688221782,0.0295194552801419,110,71,39,981,89,1145,1127.51355246957,"With Controls","Independents","Bandwidth Sensitivity",NA,NA,"Liberal Democratic Norms Index (0-1 factor score of 7 ANES items; higher = stronger liberal norm support)","No"
-0.096932328291232,0.0641279279163819,0.130649336971121,-0.210820736115382,0.0641279279163819,0.00101080220116468,-0.210820736115382,0.0989926522524212,0.0331996566251393,120,79,41,981,89,1246,1127.51355246957,"With Controls","Independents","Bandwidth Sensitivity",NA,NA,"Liberal Democratic Norms Index (0-1 factor score of 7 ANES items; higher = stronger liberal norm support)","No"
-0.0845645416710885,0.0610839829768459,0.166236632004135,-0.186989545136209,0.0610839829768459,0.0022046074891638,-0.186989545136209,0.0937172767899274,0.046015447336503,134,90,44,981,89,1347,1127.51355246957,"With Controls","Independents","Bandwidth Sensitivity",NA,NA,"Liberal Democratic Norms Index (0-1 factor score of 7 ANES items; higher = stronger liberal norm support)","No"
-0.0730382234698494,0.0589678617892444,0.215489710495902,-0.16912347026983,0.0589678617892444,0.00412994888552885,-0.16912347026983,0.0902032274819845,0.0608042869228999,144,96,48,981,89,1448,1127.51355246957,"With Controls","Independents","Bandwidth Sensitivity",NA,NA,"Liberal Democratic Norms Index (0-1 factor score of 7 ANES items; higher = stronger liberal norm support)","No"
-0.0648240438175027,0.0572864983585132,0.257812608939397,-0.155117240829867,0.0572864983585132,0.00677420094385261,-0.155117240829867,0.0870656951456694,0.0748126132097334,150,100,50,981,89,1549,1127.51355246957,"With Controls","Independents","Bandwidth Sensitivity",NA,NA,"Liberal Democratic Norms Index (0-1 factor score of 7 ANES items; higher = stronger liberal norm support)","No"
-0.0573577875333637,0.0560503799197474,0.306153933137953,-0.148338757249073,0.0560503799197474,0.00813233842744707,-0.148338757249073,0.0846101133482824,0.079567061395563,159,106,53,981,89,1650,1127.51355246957,"With Controls","Independents","Bandwidth Sensitivity",NA,NA,"Liberal Democratic Norms Index (0-1 factor score of 7 ANES items; higher = stronger liberal norm support)","No"
-0.0470587115427556,0.0548262006035393,0.390712898556313,-0.14444778168456,0.0548262006035393,0.00842243869818959,-0.14444778168456,0.0817742591391189,0.0773252177007293,171,114,57,981,89,1751,1127.51355246957,"With Controls","Independents","Bandwidth Sensitivity",NA,NA,"Liberal Democratic Norms Index (0-1 factor score of 7 ANES items; higher = stronger liberal norm support)","No"
-0.039495293507954,0.0539859185919792,0.464421846969726,-0.139425557126805,0.0539859185919792,0.00980509186526144,-0.139425557126805,0.079984327786942,0.0813055037826802,176,119,57,981,89,1851,1127.51355246957,"With Controls","Independents","Bandwidth Sensitivity",NA,NA,"Liberal Democratic Norms Index (0-1 factor score of 7 ANES items; higher = stronger liberal norm support)","No"
-0.0358721876608176,0.0532258322351369,0.500335481156622,-0.128951046042304,0.0532258322351369,0.0154049879732835,-0.128951046042304,0.0779951924617725,0.0982656648839818,184,123,61,981,89,1952,1127.51355246957,"With Controls","Independents","Bandwidth Sensitivity",NA,NA,"Liberal Democratic Norms Index (0-1 factor score of 7 ANES items; higher = stronger liberal norm support)","No"
-0.0311289658835412,0.0525759813419966,0.553799835450542,-0.12302757312432,0.0525759813419966,0.0192839591048877,-0.12302757312432,0.0761335867978893,0.106106533969795,188,125,63,981,89,2053,1127.51355246957,"With Controls","Independents","Bandwidth Sensitivity",NA,NA,"Liberal Democratic Norms Index (0-1 factor score of 7 ANES items; higher = stronger liberal norm support)","No"
-0.0293216966489834,0.0520350229517004,0.573094967489336,-0.112338217273522,0.0520350229517004,0.0308582148517508,-0.112338217273522,0.0745254307739247,0.131713029822821,193,129,64,981,89,2154,1127.51355246957,"With Controls","Independents","Bandwidth Sensitivity",NA,NA,"Liberal Democratic Norms Index (0-1 factor score of 7 ANES items; higher = stronger liberal norm support)","No"
-0.028117657010298,0.0512743745001274,0.583433476267381,-0.0984831268105512,0.0512743745001274,0.0547684677145848,-0.0984831268105512,0.0722526589284898,0.172870503929961,205,136,69,981,89,2255,1127.51355246957,"With Controls","Independents","Bandwidth Sensitivity",NA,NA,"Liberal Democratic Norms Index (0-1 factor score of 7 ANES items; higher = stronger liberal norm support)","No"
0.0516028048348532,0.0728736847621538,0.478875076177115,0.0599123294501008,0.0728736847621538,0.41099754820094,0.0599123294501008,0.0883622990138157,0.497752386084286,171,95,76,999,137,NA,NA,"Without Controls","Independents","Placebo Cutoff Test",-730,NA,"Liberal Democratic Norms Index (0-1 factor score of 7 ANES items; higher = stronger liberal norm support)","No"
0.0452981067467486,0.0643722899919052,0.481626139522675,0.0561852111700086,0.0643722899919052,0.382762983305028,0.0561852111700086,0.0777453357165181,0.469874830426362,155,97,58,1024,112,NA,NA,"Without Controls","Independents","Placebo Cutoff Test",-365,NA,"Liberal Democratic Norms Index (0-1 factor score of 7 ANES items; higher = stronger liberal norm support)","No"
-0.0717861218214859,0.0709663647045126,0.311752618482892,-0.10696111978966,0.0709663647045126,0.131757179975797,-0.10696111978966,0.0879558909535188,0.223955661392083,118,76,42,1044,92,NA,NA,"Without Controls","Independents","Placebo Cutoff Test",0,NA,"Liberal Democratic Norms Index (0-1 factor score of 7 ANES items; higher = stronger liberal norm support)","No"
0.00843136517934473,0.0693555006986619,0.903241663998847,0.0211884717104429,0.0693555006986619,0.759981348668539,0.0211884717104429,0.0846179355070223,0.802276744235575,165,115,50,1061,75,NA,NA,"Without Controls","Independents","Placebo Cutoff Test",365,NA,"Liberal Democratic Norms Index (0-1 factor score of 7 ANES items; higher = stronger liberal norm support)","No"
0.0131377586828256,0.0835925085360559,0.875115357476887,0.0571672043596023,0.0835925085360559,0.494051249248139,0.0571672043596023,0.110040761602889,0.603405595515954,134,88,46,1075,61,NA,NA,"Without Controls","Independents","Placebo Cutoff Test",730,NA,"Liberal Democratic Norms Index (0-1 factor score of 7 ANES items; higher = stronger liberal norm support)","No"
0.0592826989597079,0.0654914445246095,0.365360708620091,0.0723702549299428,0.0654914445246095,0.269144975843313,0.0723702549299428,0.0791102723362112,0.36029545474289,166,95,71,940,130,NA,NA,"With Controls","Independents","Placebo Cutoff Test",-730,NA,"Liberal Democratic Norms Index (0-1 factor score of 7 ANES items; higher = stronger liberal norm support)","No"
0.0961880468526727,0.0622298863855497,0.122179710666744,0.114595905345515,0.0622298863855497,0.0655493332789568,0.114595905345515,0.0750173444621526,0.126613835879189,150,95,55,962,108,NA,NA,"With Controls","Independents","Placebo Cutoff Test",-365,NA,"Liberal Democratic Norms Index (0-1 factor score of 7 ANES items; higher = stronger liberal norm support)","No"
-0.110290594843386,0.0672910521395353,0.101211525329029,-0.152466184166726,0.0672910521395353,0.023465344411611,-0.152466184166726,0.0829674915007569,0.0661122660897203,107,68,39,981,89,NA,NA,"With Controls","Independents","Placebo Cutoff Test",0,NA,"Liberal Democratic Norms Index (0-1 factor score of 7 ANES items; higher = stronger liberal norm support)","No"
-0.0112050102076784,0.0681230092125436,0.8693516994299,-0.0097143573671638,0.0681230092125436,0.886605909039912,-0.0097143573671638,0.085405584207679,0.909440874853936,162,113,49,998,72,NA,NA,"With Controls","Independents","Placebo Cutoff Test",365,NA,"Liberal Democratic Norms Index (0-1 factor score of 7 ANES items; higher = stronger liberal norm support)","No"
-0.0129683253991324,0.0717881920560885,0.856644619767109,0.0197257116440916,0.0717881920560885,0.783487916329962,0.0197257116440916,0.0972432559426172,0.839252941644723,140,93,47,1010,60,NA,NA,"With Controls","Independents","Placebo Cutoff Test",730,NA,"Liberal Democratic Norms Index (0-1 factor score of 7 ANES items; higher = stronger liberal norm support)","No"
-0.0717861218214859,0.0709663647045126,0.311752618482892,-0.10696111978966,0.0709663647045126,0.131757179975797,-0.10696111978966,0.0879558909535188,0.223955661392083,118,76,42,1044,92,NA,NA,"Without Controls","Independents","Polynomial Degree Sensitivity",NA,1,"Liberal Democratic Norms Index (0-1 factor score of 7 ANES items; higher = stronger liberal norm support)","No"
-0.115168221982858,0.086641201959929,0.183763965220031,-0.156151543333536,0.086641201959929,0.071501657825596,-0.156151543333536,0.101231025707921,0.122945694870795,182,122,60,1044,92,NA,NA,"Without Controls","Independents","Polynomial Degree Sensitivity",NA,2,"Liberal Democratic Norms Index (0-1 factor score of 7 ANES items; higher = stronger liberal norm support)","No"
-0.168428737364147,0.107499261661213,0.117163852607333,-0.177847156138551,0.107499261661213,0.0980455531692958,-0.177847156138551,0.122275105522596,0.145812230687096,191,129,62,1044,92,NA,NA,"Without Controls","Independents","Polynomial Degree Sensitivity",NA,3,"Liberal Democratic Norms Index (0-1 factor score of 7 ANES items; higher = stronger liberal norm support)","No"
-0.110290594843386,0.0672910521395353,0.101211525329029,-0.152466184166726,0.0672910521395353,0.023465344411611,-0.152466184166726,0.0829674915007569,0.0661122660897203,107,68,39,981,89,NA,NA,"With Controls","Independents","Polynomial Degree Sensitivity",NA,1,"Liberal Democratic Norms Index (0-1 factor score of 7 ANES items; higher = stronger liberal norm support)","No"
-0.156104552204054,0.0811354077552749,0.0543545407008573,-0.204855583735051,0.0811354077552749,0.0115744234024706,-0.204855583735051,0.0952555857769813,0.031508680219801,171,114,57,981,89,NA,NA,"With Controls","Independents","Polynomial Degree Sensitivity",NA,2,"Liberal Democratic Norms Index (0-1 factor score of 7 ANES items; higher = stronger liberal norm support)","No"
-0.217038371199443,0.0987011409214624,0.0278818399101774,-0.23231818171719,0.0987011409214624,0.0185849177468459,-0.23231818171719,0.111458505444566,0.0371286311382045,187,125,62,981,89,NA,NA,"With Controls","Independents","Polynomial Degree Sensitivity",NA,3,"Liberal Democratic Norms Index (0-1 factor score of 7 ANES items; higher = stronger liberal norm support)","No"
-0.278340024463706,0.300330132657608,0.354040660231432,-0.378290634054055,0.300330132657608,0.207819945999945,-0.378290634054055,0.709512850990944,0.593916230978234,41,25,16,3081,234,187,623.707927310269,"Without Controls","Partisans","Bandwidth Sensitivity",NA,NA,"Liberal Democratic Norms Index (0-1 factor score of 7 ANES items; higher = stronger liberal norm support)","No"
-0.190545313590782,0.231447438832241,0.410350586980653,-0.423356356449304,0.231447438832241,0.0673743749858044,-0.423356356449304,0.473856474799818,0.371628336864316,57,29,28,3081,234,243,623.707927310269,"Without Controls","Partisans","Bandwidth Sensitivity",NA,NA,"Liberal Democratic Norms Index (0-1 factor score of 7 ANES items; higher = stronger liberal norm support)","No"
-0.192998145094775,0.203623806548223,0.343222525419524,-0.319635480157175,0.203623806548223,0.116476701679266,-0.319635480157175,0.401020386623308,0.425418834793296,63,33,30,3081,234,299,623.707927310269,"Without Controls","Partisans","Bandwidth Sensitivity",NA,NA,"Liberal Democratic Norms Index (0-1 factor score of 7 ANES items; higher = stronger liberal norm support)","No"
-0.183777202668044,0.172481550342059,0.28665467960983,-0.25102801779362,0.172481550342059,0.145561172088034,-0.25102801779362,0.313188860140234,0.422829039608879,82,43,39,3081,234,355,623.707927310269,"Without Controls","Partisans","Bandwidth Sensitivity",NA,NA,"Liberal Democratic Norms Index (0-1 factor score of 7 ANES items; higher = stronger liberal norm support)","No"
-0.171803584106469,0.153173886119992,0.262022128242257,-0.259641318737472,0.153173886119992,0.0900610780210215,-0.259641318737472,0.289142682927749,0.369201794755997,94,52,42,3081,234,410,623.707927310269,"Without Controls","Partisans","Bandwidth Sensitivity",NA,NA,"Liberal Democratic Norms Index (0-1 factor score of 7 ANES items; higher = stronger liberal norm support)","No"
-0.147866840973203,0.138030804408829,0.284052665537526,-0.263940959315404,0.138030804408829,0.055851981155413,-0.263940959315404,0.260420293657388,0.310812245327738,105,60,45,3081,234,466,623.707927310269,"Without Controls","Partisans","Bandwidth Sensitivity",NA,NA,"Liberal Democratic Norms Index (0-1 factor score of 7 ANES items; higher = stronger liberal norm support)","No"
-0.118707532534324,0.126409459577667,0.34769398812706,-0.25744394308097,0.126409459577667,0.0416913823333432,-0.25744394308097,0.235858996022403,0.275045755266063,119,66,53,3081,234,522,623.707927310269,"Without Controls","Partisans","Bandwidth Sensitivity",NA,NA,"Liberal Democratic Norms Index (0-1 factor score of 7 ANES items; higher = stronger liberal norm support)","No"
-0.0933016409545107,0.114489303182066,0.415108014260896,-0.239577722506625,0.114489303182066,0.0363869003459611,-0.239577722506625,0.214376292566277,0.263756250189994,128,72,56,3081,234,578,623.707927310269,"Without Controls","Partisans","Bandwidth Sensitivity",NA,NA,"Liberal Democratic Norms Index (0-1 factor score of 7 ANES items; higher = stronger liberal norm support)","No"
-0.0714895761136903,0.104144307044709,0.49243109967253,-0.229657235723094,0.104144307044709,0.0274412689019238,-0.229657235723094,0.19697709833119,0.243651518998394,143,81,62,3081,234,634,623.707927310269,"Without Controls","Partisans","Bandwidth Sensitivity",NA,NA,"Liberal Democratic Norms Index (0-1 factor score of 7 ANES items; higher = stronger liberal norm support)","No"
-0.0523940871646942,0.0940261903030188,0.57737121680666,-0.205054842995891,0.0940261903030188,0.0291962238003921,-0.205054842995891,0.181408234741782,0.258328669608931,158,86,72,3081,234,689,623.707927310269,"Without Controls","Partisans","Bandwidth Sensitivity",NA,NA,"Liberal Democratic Norms Index (0-1 factor score of 7 ANES items; higher = stronger liberal norm support)","No"
-0.0361821337631694,0.0863407641545359,0.675170817513105,-0.187707393027063,0.0863407641545359,0.0297028983247189,-0.187707393027063,0.17003713552152,0.269627846389609,169,90,79,3081,234,745,623.707927310269,"Without Controls","Partisans","Bandwidth Sensitivity",NA,NA,"Liberal Democratic Norms Index (0-1 factor score of 7 ANES items; higher = stronger liberal norm support)","No"
-0.0262706432225595,0.081545069667368,0.747330709286488,-0.174147573295808,0.081545069667368,0.0327121089493407,-0.174147573295808,0.162448913412636,0.283713567503486,178,96,82,3081,234,801,623.707927310269,"Without Controls","Partisans","Bandwidth Sensitivity",NA,NA,"Liberal Democratic Norms Index (0-1 factor score of 7 ANES items; higher = stronger liberal norm support)","No"
-0.0232291971097841,0.0780481675424799,0.765988303590469,-0.15718510723175,0.0780481675424799,0.0440147829764096,-0.15718510723175,0.155946290796515,0.31348141125015,189,106,83,3081,234,857,623.707927310269,"Without Controls","Partisans","Bandwidth Sensitivity",NA,NA,"Liberal Democratic Norms Index (0-1 factor score of 7 ANES items; higher = stronger liberal norm support)","No"
-0.0222610218257502,0.0750994606371151,0.766908949777724,-0.134343009102534,0.0750994606371151,0.0736361039813985,-0.134343009102534,0.147592149575076,0.362700487214248,198,109,89,3081,234,913,623.707927310269,"Without Controls","Partisans","Bandwidth Sensitivity",NA,NA,"Liberal Democratic Norms Index (0-1 factor score of 7 ANES items; higher = stronger liberal norm support)","No"
-0.018671896242359,0.0723740528136237,0.796413405441176,-0.118865051135393,0.0723740528136237,0.100513124976641,-0.118865051135393,0.138809763165035,0.391822894067921,211,119,92,3081,234,968,623.707927310269,"Without Controls","Partisans","Bandwidth Sensitivity",NA,NA,"Liberal Democratic Norms Index (0-1 factor score of 7 ANES items; higher = stronger liberal norm support)","No"
-0.0113165613632057,0.0698788051156278,0.871348734369167,-0.112946230633284,0.0698788051156278,0.106026009670881,-0.112946230633284,0.130508434657267,0.386801492400326,221,126,95,3081,234,1024,623.707927310269,"Without Controls","Partisans","Bandwidth Sensitivity",NA,NA,"Liberal Democratic Norms Index (0-1 factor score of 7 ANES items; higher = stronger liberal norm support)","No"
-0.00232345754491603,0.0674208911234312,0.972508758195869,-0.107516861253431,0.0674208911234312,0.110776795609369,-0.107516861253431,0.122099365100607,0.378551385539942,235,132,103,3081,234,1080,623.707927310269,"Without Controls","Partisans","Bandwidth Sensitivity",NA,NA,"Liberal Democratic Norms Index (0-1 factor score of 7 ANES items; higher = stronger liberal norm support)","No"
0.00691277324333661,0.0651295650845508,0.915472234836774,-0.102691821675729,0.0651295650845508,0.114857372739884,-0.102691821675729,0.115380346337906,0.373450466272312,245,140,105,3081,234,1136,623.707927310269,"Without Controls","Partisans","Bandwidth Sensitivity",NA,NA,"Liberal Democratic Norms Index (0-1 factor score of 7 ANES items; higher = stronger liberal norm support)","No"
0.0130682358094828,0.0634532625908984,0.836829520333442,-0.0983292871698629,0.0634532625908984,0.121229561429298,-0.0983292871698629,0.111519762005338,0.377927842051142,254,149,105,3081,234,1192,623.707927310269,"Without Controls","Partisans","Bandwidth Sensitivity",NA,NA,"Liberal Democratic Norms Index (0-1 factor score of 7 ANES items; higher = stronger liberal norm support)","No"
0.0194264008654448,0.0618860479370588,0.753592444243619,-0.0939187024471835,0.0618860479370588,0.129113489349624,-0.0939187024471835,0.107482644008873,0.382225315003418,263,154,109,3081,234,1247,623.707927310269,"Without Controls","Partisans","Bandwidth Sensitivity",NA,NA,"Liberal Democratic Norms Index (0-1 factor score of 7 ANES items; higher = stronger liberal norm support)","No"
-0.402564710562176,0.166152133006445,0.0153985145278092,-0.651576554556272,0.166152133006445,8.79753461278451e-05,-0.651576554556272,0.406248068114594,0.108738659304456,41,25,16,2942,230,187,623.707927310269,"With Controls","Partisans","Bandwidth Sensitivity",NA,NA,"Liberal Democratic Norms Index (0-1 factor score of 7 ANES items; higher = stronger liberal norm support)","No"
-0.308986877816044,0.135833217677012,0.0229208137018795,-0.533547177288906,0.135833217677012,8.56701586884178e-05,-0.533547177288906,0.292476600563491,0.0681159706800102,57,29,28,2942,230,243,623.707927310269,"With Controls","Partisans","Bandwidth Sensitivity",NA,NA,"Liberal Democratic Norms Index (0-1 factor score of 7 ANES items; higher = stronger liberal norm support)","No"
-0.294189880935562,0.127673083836586,0.0212089753541323,-0.397097302421129,0.127673083836586,0.00186918681147973,-0.397097302421129,0.255554740945488,0.120216869416771,63,33,30,2942,230,299,623.707927310269,"With Controls","Partisans","Bandwidth Sensitivity",NA,NA,"Liberal Democratic Norms Index (0-1 factor score of 7 ANES items; higher = stronger liberal norm support)","No"
-0.26329109292776,0.110963680312069,0.0176553396719766,-0.34850133476598,0.110963680312069,0.00168556490289045,-0.34850133476598,0.201137452308337,0.0831574296315885,82,43,39,2942,230,355,623.707927310269,"With Controls","Partisans","Bandwidth Sensitivity",NA,NA,"Liberal Democratic Norms Index (0-1 factor score of 7 ANES items; higher = stronger liberal norm support)","No"
-0.224292842036459,0.102059831647967,0.0279733213903367,-0.355521101263841,0.102059831647967,0.00049498142774953,-0.355521101263841,0.194032238807121,0.066909937236171,93,51,42,2942,230,410,623.707927310269,"With Controls","Partisans","Bandwidth Sensitivity",NA,NA,"Liberal Democratic Norms Index (0-1 factor score of 7 ANES items; higher = stronger liberal norm support)","No"
-0.175751016108618,0.0967134352263429,0.0691811748777248,-0.374555774129377,0.0967134352263429,0.000107573933759543,-0.374555774129377,0.182954322847755,0.0406321837893799,104,59,45,2942,230,466,623.707927310269,"With Controls","Partisans","Bandwidth Sensitivity",NA,NA,"Liberal Democratic Norms Index (0-1 factor score of 7 ANES items; higher = stronger liberal norm support)","No"
-0.129068890202019,0.091610507804862,0.15886846570712,-0.359103134411544,0.091610507804862,8.85893099380803e-05,-0.359103134411544,0.168805481072276,0.0333935737444809,117,64,53,2942,230,522,623.707927310269,"With Controls","Partisans","Bandwidth Sensitivity",NA,NA,"Liberal Democratic Norms Index (0-1 factor score of 7 ANES items; higher = stronger liberal norm support)","No"
-0.0932806301070689,0.0846117721169296,0.270264122961841,-0.318670523170026,0.0846117721169296,0.000165706597216395,-0.318670523170026,0.153452314421581,0.037831602749707,126,70,56,2942,230,578,623.707927310269,"With Controls","Partisans","Bandwidth Sensitivity",NA,NA,"Liberal Democratic Norms Index (0-1 factor score of 7 ANES items; higher = stronger liberal norm support)","No"
-0.0638961971662616,0.0782225325898285,0.414013267262668,-0.286454184191395,0.0782225325898285,0.000250213017904249,-0.286454184191395,0.141606263913792,0.0430842793326605,141,79,62,2942,230,634,623.707927310269,"With Controls","Partisans","Bandwidth Sensitivity",NA,NA,"Liberal Democratic Norms Index (0-1 factor score of 7 ANES items; higher = stronger liberal norm support)","No"
-0.0403869227327793,0.0720131677756567,0.57491553648672,-0.243375858330373,0.0720131677756567,0.000725908200430244,-0.243375858330373,0.132107718102232,0.0654381308726112,156,84,72,2942,230,689,623.707927310269,"With Controls","Partisans","Bandwidth Sensitivity",NA,NA,"Liberal Democratic Norms Index (0-1 factor score of 7 ANES items; higher = stronger liberal norm support)","No"
-0.0224431408252256,0.0673392651587274,0.738919454288828,-0.211500984492315,0.0673392651587274,0.00168471497047621,-0.211500984492315,0.125089288738369,0.0908749841483096,167,88,79,2942,230,745,623.707927310269,"With Controls","Partisans","Bandwidth Sensitivity",NA,NA,"Liberal Democratic Norms Index (0-1 factor score of 7 ANES items; higher = stronger liberal norm support)","No"
-0.0132187507037351,0.0644769563291476,0.837560314730691,-0.187854325498167,0.0644769563291476,0.00357389174867932,-0.187854325498167,0.120228580979676,0.11817579125773,175,93,82,2942,230,801,623.707927310269,"With Controls","Partisans","Bandwidth Sensitivity",NA,NA,"Liberal Democratic Norms Index (0-1 factor score of 7 ANES items; higher = stronger liberal norm support)","No"
-0.00993271063943111,0.0622790583849275,0.873285067475154,-0.164242998749193,0.0622790583849275,0.00835908943788274,-0.164242998749193,0.1157728070475,0.155996278897306,186,103,83,2942,230,857,623.707927310269,"With Controls","Partisans","Bandwidth Sensitivity",NA,NA,"Liberal Democratic Norms Index (0-1 factor score of 7 ANES items; higher = stronger liberal norm support)","No"
-0.00846286107910798,0.0604094901884494,0.888587631192343,-0.137614435966759,0.0604094901884494,0.0227249825341106,-0.137614435966759,0.110227943830684,0.211865114473859,195,106,89,2942,230,913,623.707927310269,"With Controls","Partisans","Bandwidth Sensitivity",NA,NA,"Liberal Democratic Norms Index (0-1 factor score of 7 ANES items; higher = stronger liberal norm support)","No"
-0.00495383524904027,0.0586131097719363,0.932644965979361,-0.119335955722157,0.0586131097719363,0.04175093051769,-0.119335955722157,0.104303717536426,0.252573928406488,208,116,92,2942,230,968,623.707927310269,"With Controls","Partisans","Bandwidth Sensitivity",NA,NA,"Liberal Democratic Norms Index (0-1 factor score of 7 ANES items; higher = stronger liberal norm support)","No"
0.0017922226443566,0.0569594249959165,0.974898783559544,-0.111865109445849,0.0569594249959165,0.0495366099385354,-0.111865109445849,0.0988299386791571,0.257678598036577,218,123,95,2942,230,1024,623.707927310269,"With Controls","Partisans","Bandwidth Sensitivity",NA,NA,"Liberal Democratic Norms Index (0-1 factor score of 7 ANES items; higher = stronger liberal norm support)","No"
0.00904368513407728,0.0553066830679772,0.870109933857906,-0.102723847382355,0.0553066830679772,0.0632614276058795,-0.102723847382355,0.0933003995817527,0.270896155964714,232,129,103,2942,230,1080,623.707927310269,"With Controls","Partisans","Bandwidth Sensitivity",NA,NA,"Liberal Democratic Norms Index (0-1 factor score of 7 ANES items; higher = stronger liberal norm support)","No"
0.0159280708674462,0.0537439070290227,0.766947687559405,-0.0947401012969914,0.0537439070290227,0.0779331538352956,-0.0947401012969914,0.0888977776185142,0.286550428571832,242,137,105,2942,230,1136,623.707927310269,"With Controls","Partisans","Bandwidth Sensitivity",NA,NA,"Liberal Democratic Norms Index (0-1 factor score of 7 ANES items; higher = stronger liberal norm support)","No"
0.0201708238183603,0.0525843338468469,0.70128236421315,-0.088139969825079,0.0525843338468469,0.0937060643633846,-0.088139969825079,0.0863310095266896,0.307276341093902,251,146,105,2942,230,1192,623.707927310269,"With Controls","Partisans","Bandwidth Sensitivity",NA,NA,"Liberal Democratic Norms Index (0-1 factor score of 7 ANES items; higher = stronger liberal norm support)","No"
0.0242832972354659,0.0514667684101923,0.63705185426367,-0.080869405867139,0.0514667684101923,0.116114457862441,-0.080869405867139,0.0835813214515265,0.333267375478518,260,151,109,2942,230,1247,623.707927310269,"With Controls","Partisans","Bandwidth Sensitivity",NA,NA,"Liberal Democratic Norms Index (0-1 factor score of 7 ANES items; higher = stronger liberal norm support)","No"
0.118822609427231,0.0860242132515965,0.16719615743768,0.155093580278844,0.0860242132515965,0.0714029601842232,0.155093580278844,0.0961556145602751,0.106756768017202,151,75,76,2991,324,NA,NA,"Without Controls","Partisans","Placebo Cutoff Test",-730,NA,"Liberal Democratic Norms Index (0-1 factor score of 7 ANES items; higher = stronger liberal norm support)","No"
0.021631772085792,0.072313074731217,0.764832816668356,0.0391386689132801,0.072313074731217,0.588342738776757,0.0391386689132801,0.08257069639595,0.635498535599157,220,119,101,3038,277,NA,NA,"Without Controls","Partisans","Placebo Cutoff Test",-365,NA,"Liberal Democratic Norms Index (0-1 factor score of 7 ANES items; higher = stronger liberal norm support)","No"
-0.0784843796561232,0.107812712287135,0.466632180895115,-0.117980069020165,0.107812712287135,0.273820912272986,-0.117980069020165,0.130452447643581,0.365787907858921,137,78,59,3081,234,NA,NA,"Without Controls","Partisans","Placebo Cutoff Test",0,NA,"Liberal Democratic Norms Index (0-1 factor score of 7 ANES items; higher = stronger liberal norm support)","No"
-0.140798100603943,0.0981565762943875,0.151451442848836,-0.181098940275579,0.0981565762943875,0.0650374541200294,-0.181098940275579,0.114473896372264,0.113647105219624,125,71,54,3121,194,NA,NA,"Without Controls","Partisans","Placebo Cutoff Test",365,NA,"Liberal Democratic Norms Index (0-1 factor score of 7 ANES items; higher = stronger liberal norm support)","No"
-0.0106101070241698,0.0529877371204412,0.841295209046625,-0.0223624790941979,0.0529877371204412,0.673002233206349,-0.0223624790941979,0.0666239812708304,0.737133232283371,244,153,91,3159,156,NA,NA,"Without Controls","Partisans","Placebo Cutoff Test",730,NA,"Liberal Democratic Norms Index (0-1 factor score of 7 ANES items; higher = stronger liberal norm support)","No"
0.0812527001417407,0.0627983983551622,0.195711778310944,0.110851657123685,0.0627983983551622,0.0775303610203572,0.110851657123685,0.0717375698004203,0.12228857706227,170,86,84,2854,318,NA,NA,"With Controls","Partisans","Placebo Cutoff Test",-730,NA,"Liberal Democratic Norms Index (0-1 factor score of 7 ANES items; higher = stronger liberal norm support)","No"
-0.0242812661499352,0.0531283309529402,0.647649143638172,-0.018241576183686,0.0531283309529402,0.731335683075456,-0.018241576183686,0.0630699585147578,0.772407170376003,315,181,134,2899,273,NA,NA,"With Controls","Partisans","Placebo Cutoff Test",-365,NA,"Liberal Democratic Norms Index (0-1 factor score of 7 ANES items; higher = stronger liberal norm support)","No"
-0.0685985257030234,0.0794432387329357,0.387867537645845,-0.108520665378355,0.0794432387329357,0.171934217345945,-0.108520665378355,0.0943336649383819,0.249982576251676,137,78,59,2942,230,NA,NA,"With Controls","Partisans","Placebo Cutoff Test",0,NA,"Liberal Democratic Norms Index (0-1 factor score of 7 ANES items; higher = stronger liberal norm support)","No"
-0.200844980140099,0.0926276712279576,0.0301355395877191,-0.239544399722416,0.0926276712279576,0.00970688273184888,-0.239544399722416,0.107730722849437,0.0261788914958715,125,71,54,2982,190,NA,NA,"With Controls","Partisans","Placebo Cutoff Test",365,NA,"Liberal Democratic Norms Index (0-1 factor score of 7 ANES items; higher = stronger liberal norm support)","No"
0.00627665909871452,0.0500514931137877,0.90020369537686,-0.00670039237259488,0.0500514931137877,0.89350538921368,-0.00670039237259488,0.0645569720286279,0.917335704399134,252,157,95,3020,152,NA,NA,"With Controls","Partisans","Placebo Cutoff Test",730,NA,"Liberal Democratic Norms Index (0-1 factor score of 7 ANES items; higher = stronger liberal norm support)","No"
-0.0784843796561232,0.107812712287135,0.466632180895115,-0.117980069020165,0.107812712287135,0.273820912272986,-0.117980069020165,0.130452447643581,0.365787907858921,137,78,59,3081,234,NA,NA,"Without Controls","Partisans","Polynomial Degree Sensitivity",NA,1,"Liberal Democratic Norms Index (0-1 factor score of 7 ANES items; higher = stronger liberal norm support)","No"
-0.112678709313368,0.129248167729967,0.383316833140914,-0.150217788878716,0.129248167729967,0.245136739105961,-0.150217788878716,0.151118336974502,0.320203016501332,224,128,96,3081,234,NA,NA,"Without Controls","Partisans","Polynomial Degree Sensitivity",NA,2,"Liberal Democratic Norms Index (0-1 factor score of 7 ANES items; higher = stronger liberal norm support)","No"
-0.167747883853198,0.164173398715463,0.306888530732639,-0.19387544979667,0.164173398715463,0.237634989878364,-0.19387544979667,0.192176707737367,0.313051623842715,286,167,119,3081,234,NA,NA,"Without Controls","Partisans","Polynomial Degree Sensitivity",NA,3,"Liberal Democratic Norms Index (0-1 factor score of 7 ANES items; higher = stronger liberal norm support)","No"
-0.0685985257030234,0.0794432387329357,0.387867537645845,-0.108520665378355,0.0794432387329357,0.171934217345945,-0.108520665378355,0.0943336649383819,0.249982576251676,137,78,59,2942,230,NA,NA,"With Controls","Partisans","Polynomial Degree Sensitivity",NA,1,"Liberal Democratic Norms Index (0-1 factor score of 7 ANES items; higher = stronger liberal norm support)","No"
-0.125134750602975,0.104190515111108,0.229743971421788,-0.166421436848387,0.104190515111108,0.110203283669999,-0.166421436848387,0.118591912236763,0.160523863333834,208,116,92,2942,230,NA,NA,"With Controls","Partisans","Polynomial Degree Sensitivity",NA,2,"Liberal Democratic Norms Index (0-1 factor score of 7 ANES items; higher = stronger liberal norm support)","No"
-0.222254292355602,0.135746361623723,0.101572763469664,-0.257901347179106,0.135746361623723,0.0574493046883556,-0.257901347179106,0.153447883991265,0.0928193154308474,257,149,108,2942,230,NA,NA,"With Controls","Partisans","Polynomial Degree Sensitivity",NA,3,"Liberal Democratic Norms Index (0-1 factor score of 7 ANES items; higher = stronger liberal norm support)","No"
-0.287079348064878,0.266716358401795,0.281772103067779,-0.379982219419812,0.266716358401795,0.154253238341181,-0.379982219419812,0.44306068614301,0.391096700380051,44,22,22,1625,153,327,1089.23918883714,"Without Controls","Democrats","Bandwidth Sensitivity",NA,NA,"Liberal Democratic Norms Index (0-1 factor score of 7 ANES items; higher = stronger liberal norm support)","No"
-0.254404957482921,0.212179490813519,0.230524742256276,-0.385590744575736,0.212179490813519,0.0691733855744893,-0.385590744575736,0.380871655220351,0.311351505424985,63,37,26,1625,153,424,1089.23918883714,"Without Controls","Democrats","Bandwidth Sensitivity",NA,NA,"Liberal Democratic Norms Index (0-1 factor score of 7 ANES items; higher = stronger liberal norm support)","No"
-0.177268289413903,0.181322819087269,0.328252819762369,-0.411431412943055,0.181322819087269,0.0232649936100457,-0.411431412943055,0.328098395562384,0.209846409145914,72,41,31,1625,153,522,1089.23918883714,"Without Controls","Democrats","Bandwidth Sensitivity",NA,NA,"Liberal Democratic Norms Index (0-1 factor score of 7 ANES items; higher = stronger liberal norm support)","No"
-0.118566987168264,0.157358765997559,0.451160364124682,-0.366964819393284,0.157358765997559,0.0196992947463537,-0.366964819393284,0.281848511930313,0.192918742397228,89,53,36,1625,153,619,1089.23918883714,"Without Controls","Democrats","Bandwidth Sensitivity",NA,NA,"Liberal Democratic Norms Index (0-1 factor score of 7 ANES items; higher = stronger liberal norm support)","No"
-0.0818084981146293,0.134709172121404,0.543653720483398,-0.290885746154943,0.134709172121404,0.0308221632925771,-0.290885746154943,0.248920082482797,0.242568491600007,101,58,43,1625,153,717,1089.23918883714,"Without Controls","Democrats","Bandwidth Sensitivity",NA,NA,"Liberal Democratic Norms Index (0-1 factor score of 7 ANES items; higher = stronger liberal norm support)","No"
-0.0581626572688888,0.121233867119344,0.631401007976128,-0.247098409712701,0.121233867119344,0.0415303133757385,-0.247098409712701,0.228109667362299,0.27870017097338,113,65,48,1625,153,814,1089.23918883714,"Without Controls","Democrats","Bandwidth Sensitivity",NA,NA,"Liberal Democratic Norms Index (0-1 factor score of 7 ANES items; higher = stronger liberal norm support)","No"
-0.0450899070209581,0.112451142216616,0.688439772353729,-0.204927522383205,0.112451142216616,0.0683989519218499,-0.204927522383205,0.209195902020024,0.327285453799193,123,69,54,1625,153,912,1089.23918883714,"Without Controls","Democrats","Bandwidth Sensitivity",NA,NA,"Liberal Democratic Norms Index (0-1 factor score of 7 ANES items; higher = stronger liberal norm support)","No"
-0.0326091986325904,0.104284698399506,0.754513160637703,-0.168851744675009,0.104284698399506,0.105416694184652,-0.168851744675009,0.189449350568362,0.372780879343469,137,80,57,1625,153,1009,1089.23918883714,"Without Controls","Democrats","Bandwidth Sensitivity",NA,NA,"Liberal Democratic Norms Index (0-1 factor score of 7 ANES items; higher = stronger liberal norm support)","No"
-0.0156120976213603,0.0975976035079358,0.872909476617282,-0.152978039806835,0.0975976035079358,0.117012712913177,-0.152978039806835,0.173350124522412,0.377517222227225,150,87,63,1625,153,1106,1089.23918883714,"Without Controls","Democrats","Bandwidth Sensitivity",NA,NA,"Liberal Democratic Norms Index (0-1 factor score of 7 ANES items; higher = stronger liberal norm support)","No"
-0.00166779243540716,0.0924406456804168,0.985605534918114,-0.141315188151886,0.0924406456804168,0.126335684919085,-0.141315188151886,0.163195337165628,0.386530399053366,160,96,64,1625,153,1204,1089.23918883714,"Without Controls","Democrats","Bandwidth Sensitivity",NA,NA,"Liberal Democratic Norms Index (0-1 factor score of 7 ANES items; higher = stronger liberal norm support)","No"
0.00827547028128317,0.0881557505881811,0.925209812145177,-0.123500801464813,0.0881557505881811,0.161232408731862,-0.123500801464813,0.15301731726649,0.419606896715174,175,105,70,1625,153,1301,1089.23918883714,"Without Controls","Democrats","Bandwidth Sensitivity",NA,NA,"Liberal Democratic Norms Index (0-1 factor score of 7 ANES items; higher = stronger liberal norm support)","No"
0.0145384224429626,0.0837991916677639,0.862265343242472,-0.0986931510279334,0.0837991916677639,0.238902697153738,-0.0986931510279334,0.14295833138393,0.489965901180633,191,115,76,1625,153,1399,1089.23918883714,"Without Controls","Democrats","Bandwidth Sensitivity",NA,NA,"Liberal Democratic Norms Index (0-1 factor score of 7 ANES items; higher = stronger liberal norm support)","No"
0.0202569874702367,0.0796484603871778,0.799240677900008,-0.078241975749642,0.0796484603871778,0.325931712004246,-0.078241975749642,0.134195797652849,0.559864076257921,207,127,80,1625,153,1496,1089.23918883714,"Without Controls","Democrats","Bandwidth Sensitivity",NA,NA,"Liberal Democratic Norms Index (0-1 factor score of 7 ANES items; higher = stronger liberal norm support)","No"
0.0261454961453409,0.0761691796894915,0.731406193029422,-0.0657671594257315,0.0761691796894915,0.387898171452584,-0.0657671594257315,0.128020224252117,0.607444436001776,222,136,86,1625,153,1594,1089.23918883714,"Without Controls","Democrats","Bandwidth Sensitivity",NA,NA,"Liberal Democratic Norms Index (0-1 factor score of 7 ANES items; higher = stronger liberal norm support)","No"
0.0320264406301857,0.0730002108675058,0.660866536839464,-0.054321149807521,0.0730002108675058,0.456801950778508,-0.054321149807521,0.122113629062645,0.656434657001848,233,143,90,1625,153,1691,1089.23918883714,"Without Controls","Democrats","Bandwidth Sensitivity",NA,NA,"Liberal Democratic Norms Index (0-1 factor score of 7 ANES items; higher = stronger liberal norm support)","No"
0.0357487553760402,0.0703321438531618,0.61125367101763,-0.042508670038886,0.0703321438531618,0.545578470144183,-0.042508670038886,0.11730130262002,0.717061560443443,243,149,94,1625,153,1789,1089.23918883714,"Without Controls","Democrats","Bandwidth Sensitivity",NA,NA,"Liberal Democratic Norms Index (0-1 factor score of 7 ANES items; higher = stronger liberal norm support)","No"
0.0381004823043077,0.0680681478140866,0.575656621566458,-0.0320688379406164,0.0680681478140866,0.637549041482445,-0.0320688379406164,0.113175394453787,0.776904557274486,255,155,100,1625,153,1886,1089.23918883714,"Without Controls","Democrats","Bandwidth Sensitivity",NA,NA,"Liberal Democratic Norms Index (0-1 factor score of 7 ANES items; higher = stronger liberal norm support)","No"
0.0403545572695332,0.0658807919344285,0.540181174313412,-0.0214715715011957,0.0658807919344285,0.744488285190423,-0.0214715715011957,0.108848562342366,0.843623331340739,264,159,105,1625,153,1984,1089.23918883714,"Without Controls","Democrats","Bandwidth Sensitivity",NA,NA,"Liberal Democratic Norms Index (0-1 factor score of 7 ANES items; higher = stronger liberal norm support)","No"
0.0412439558597758,0.0641884201863164,0.520519306052868,-0.0136667531389152,0.0641884201863164,0.831392342980428,-0.0136667531389152,0.10591189065834,0.89732687381775,275,167,108,1625,153,2081,1089.23918883714,"Without Controls","Democrats","Bandwidth Sensitivity",NA,NA,"Liberal Democratic Norms Index (0-1 factor score of 7 ANES items; higher = stronger liberal norm support)","No"
0.0426385939460159,0.0623671830115057,0.49418334923311,-0.00627856883662914,0.0623671830115057,0.919811605600308,-0.00627856883662914,0.102176305217071,0.951002120288853,287,173,114,1625,153,2178,1089.23918883714,"Without Controls","Democrats","Bandwidth Sensitivity",NA,NA,"Liberal Democratic Norms Index (0-1 factor score of 7 ANES items; higher = stronger liberal norm support)","No"
-0.384563343289429,0.15381184511878,0.0124116449474849,-0.466057043238666,0.15381184511878,0.00244516088093266,-0.466057043238666,0.252410541387653,0.0648305721169978,44,22,22,1561,150,327,1089.23918883714,"With Controls","Democrats","Bandwidth Sensitivity",NA,NA,"Liberal Democratic Norms Index (0-1 factor score of 7 ANES items; higher = stronger liberal norm support)","No"
-0.293234631581397,0.133383902214565,0.0279187663263903,-0.487191520794321,0.133383902214565,0.000259647890143166,-0.487191520794321,0.242299760774837,0.044357419333565,62,36,26,1561,150,424,1089.23918883714,"With Controls","Democrats","Bandwidth Sensitivity",NA,NA,"Liberal Democratic Norms Index (0-1 factor score of 7 ANES items; higher = stronger liberal norm support)","No"
-0.183805825264415,0.12208026875563,0.132166158811801,-0.491699705755242,0.12208026875563,5.63310203700198e-05,-0.491699705755242,0.217604026530316,0.0238456173210732,71,40,31,1561,150,522,1089.23918883714,"With Controls","Democrats","Bandwidth Sensitivity",NA,NA,"Liberal Democratic Norms Index (0-1 factor score of 7 ANES items; higher = stronger liberal norm support)","No"
-0.125235350629805,0.108767341617287,0.249565318849027,-0.380384423083245,0.108767341617287,0.000470116115944295,-0.380384423083245,0.185200673487336,0.0399849741813993,88,52,36,1561,150,619,1089.23918883714,"With Controls","Democrats","Bandwidth Sensitivity",NA,NA,"Liberal Democratic Norms Index (0-1 factor score of 7 ANES items; higher = stronger liberal norm support)","No"
-0.0954355220592306,0.0960827533995306,0.32058140731904,-0.287250895079649,0.0960827533995306,0.00279324953911061,-0.287250895079649,0.166631118782366,0.0847307633427947,100,57,43,1561,150,717,1089.23918883714,"With Controls","Democrats","Bandwidth Sensitivity",NA,NA,"Liberal Democratic Norms Index (0-1 factor score of 7 ANES items; higher = stronger liberal norm support)","No"
-0.0779897211300516,0.0886746158176246,0.379127809654709,-0.238713438245205,0.0886746158176246,0.00710216492190494,-0.238713438245205,0.155237797569086,0.124115244347116,111,63,48,1561,150,814,1089.23918883714,"With Controls","Democrats","Bandwidth Sensitivity",NA,NA,"Liberal Democratic Norms Index (0-1 factor score of 7 ANES items; higher = stronger liberal norm support)","No"
-0.0689725106695351,0.0837069577942022,0.409953287152231,-0.19988289335306,0.0837069577942022,0.0169454756793236,-0.19988289335306,0.144379098413168,0.166226535463978,121,67,54,1561,150,912,1089.23918883714,"With Controls","Democrats","Bandwidth Sensitivity",NA,NA,"Liberal Democratic Norms Index (0-1 factor score of 7 ANES items; higher = stronger liberal norm support)","No"
-0.0577459411452965,0.0787713764382568,0.463507930391708,-0.171693943117492,0.0787713764382568,0.0292834979254538,-0.171693943117492,0.132702615557856,0.195725923289123,135,78,57,1561,150,1009,1089.23918883714,"With Controls","Democrats","Bandwidth Sensitivity",NA,NA,"Liberal Democratic Norms Index (0-1 factor score of 7 ANES items; higher = stronger liberal norm support)","No"
-0.0438154988802125,0.0744130979318879,0.555985827578165,-0.158713444546067,0.0744130979318879,0.0329354136025754,-0.158713444546067,0.123206274032421,0.197678831076193,148,85,63,1561,150,1106,1089.23918883714,"With Controls","Democrats","Bandwidth Sensitivity",NA,NA,"Liberal Democratic Norms Index (0-1 factor score of 7 ANES items; higher = stronger liberal norm support)","No"
-0.0348550072630735,0.0708429913289948,0.622716793661,-0.146926814161601,0.0708429913289948,0.0380813427039761,-0.146926814161601,0.116964379065402,0.209055363460649,158,94,64,1561,150,1204,1089.23918883714,"With Controls","Democrats","Bandwidth Sensitivity",NA,NA,"Liberal Democratic Norms Index (0-1 factor score of 7 ANES items; higher = stronger liberal norm support)","No"
-0.031892004492007,0.0677961765079482,0.638062067284073,-0.126477368919614,0.0677961765079482,0.0621039130672853,-0.126477368919614,0.11076637206387,0.253520927751641,173,103,70,1561,150,1301,1089.23918883714,"With Controls","Democrats","Bandwidth Sensitivity",NA,NA,"Liberal Democratic Norms Index (0-1 factor score of 7 ANES items; higher = stronger liberal norm support)","No"
-0.0333863563748416,0.0648582125649678,0.606721355711302,-0.101199460292371,0.0648582125649678,0.11868466518914,-0.101199460292371,0.104811111735152,0.334273745004343,189,113,76,1561,150,1399,1089.23918883714,"With Controls","Democrats","Bandwidth Sensitivity",NA,NA,"Liberal Democratic Norms Index (0-1 factor score of 7 ANES items; higher = stronger liberal norm support)","No"
-0.0350816582587673,0.0621436156773103,0.572396523012058,-0.081352216630515,0.0621436156773103,0.190500428326637,-0.081352216630515,0.0996293728535471,0.414186486668314,205,125,80,1561,150,1496,1089.23918883714,"With Controls","Democrats","Bandwidth Sensitivity",NA,NA,"Liberal Democratic Norms Index (0-1 factor score of 7 ANES items; higher = stronger liberal norm support)","No"
-0.0337092686072646,0.059857445870084,0.57332651355803,-0.0739372436664096,0.059857445870084,0.21674783359897,-0.0739372436664096,0.0958914289877343,0.440676322973667,219,133,86,1561,150,1594,1089.23918883714,"With Controls","Democrats","Bandwidth Sensitivity",NA,NA,"Liberal Democratic Norms Index (0-1 factor score of 7 ANES items; higher = stronger liberal norm support)","No"
-0.0288528338265905,0.0578298420904824,0.617831248313766,-0.0718821382476968,0.0578298420904824,0.213870098582582,-0.0718821382476968,0.092241970864405,0.435815973350826,230,140,90,1561,150,1691,1089.23918883714,"With Controls","Democrats","Bandwidth Sensitivity",NA,NA,"Liberal Democratic Norms Index (0-1 factor score of 7 ANES items; higher = stronger liberal norm support)","No"
-0.0248306111844535,0.0561900705714062,0.658558750199105,-0.0690305046749334,0.0561900705714062,0.219252632919217,-0.0690305046749334,0.0894288402327154,0.440171121252647,239,146,93,1561,150,1789,1089.23918883714,"With Controls","Democrats","Bandwidth Sensitivity",NA,NA,"Liberal Democratic Norms Index (0-1 factor score of 7 ANES items; higher = stronger liberal norm support)","No"
-0.020439442820327,0.0547146029098309,0.708728219899471,-0.0677499059837617,0.0547146029098309,0.215626433004642,-0.0677499059837617,0.0867375141614626,0.434748877859077,251,152,99,1561,150,1886,1089.23918883714,"With Controls","Democrats","Bandwidth Sensitivity",NA,NA,"Liberal Democratic Norms Index (0-1 factor score of 7 ANES items; higher = stronger liberal norm support)","No"
-0.0165271660929942,0.0532556883981469,0.756305332222749,-0.0629537105490294,0.0532556883981469,0.237164822818332,-0.0629537105490294,0.0838760372437687,0.452919568539448,260,156,104,1561,150,1984,1089.23918883714,"With Controls","Democrats","Bandwidth Sensitivity",NA,NA,"Liberal Democratic Norms Index (0-1 factor score of 7 ANES items; higher = stronger liberal norm support)","No"
-0.0144081337362021,0.05208298182499,0.782058056483817,-0.0579154448220166,0.05208298182499,0.266145010272579,-0.0579154448220166,0.0818812397120758,0.479373661567372,271,164,107,1561,150,2081,1089.23918883714,"With Controls","Democrats","Bandwidth Sensitivity",NA,NA,"Liberal Democratic Norms Index (0-1 factor score of 7 ANES items; higher = stronger liberal norm support)","No"
-0.011771467308198,0.050801945853961,0.816760994341608,-0.0540046289910693,0.050801945853961,0.287762665245555,-0.0540046289910693,0.0794525120963427,0.496688405840369,282,170,112,1561,150,2178,1089.23918883714,"With Controls","Democrats","Bandwidth Sensitivity",NA,NA,"Liberal Democratic Norms Index (0-1 factor score of 7 ANES items; higher = stronger liberal norm support)","No"
0.11181809115941,0.0749701265883949,0.135829755567303,0.153980154456061,0.0749701265883949,0.0399866478270718,0.153980154456061,0.0882019539698112,0.0808512623796507,111,55,56,1565,213,NA,NA,"Without Controls","Democrats","Placebo Cutoff Test",-730,NA,"Liberal Democratic Norms Index (0-1 factor score of 7 ANES items; higher = stronger liberal norm support)","No"
-0.0484576306256946,0.0717304217614807,0.49932511913128,-0.0585504821928767,0.0717304217614807,0.414352976396758,-0.0585504821928767,0.0868188680162444,0.500058231639683,222,132,90,1599,179,NA,NA,"Without Controls","Democrats","Placebo Cutoff Test",-365,NA,"Liberal Democratic Norms Index (0-1 factor score of 7 ANES items; higher = stronger liberal norm support)","No"
-0.0534495654872844,0.118196059720935,0.651116941060883,-0.101784369949603,0.118196059720935,0.389156211558277,-0.101784369949603,0.145734946786741,0.484913849829681,116,68,48,1625,153,NA,NA,"Without Controls","Democrats","Placebo Cutoff Test",0,NA,"Liberal Democratic Norms Index (0-1 factor score of 7 ANES items; higher = stronger liberal norm support)","No"
-0.154294295874031,0.0937004801111566,0.0996247386371084,-0.204308943945287,0.0937004801111566,0.0292243330270184,-0.204308943945287,0.108819008623501,0.0604480178488861,90,50,40,1648,130,NA,NA,"Without Controls","Democrats","Placebo Cutoff Test",365,NA,"Liberal Democratic Norms Index (0-1 factor score of 7 ANES items; higher = stronger liberal norm support)","No"
-0.0636468802420979,0.0593024341802564,0.283154857031558,-0.0922282814163802,0.0593024341802564,0.119893884448583,-0.0922282814163802,0.0724689596839895,0.203139034993779,155,93,62,1669,109,NA,NA,"Without Controls","Democrats","Placebo Cutoff Test",730,NA,"Liberal Democratic Norms Index (0-1 factor score of 7 ANES items; higher = stronger liberal norm support)","No"
0.0561672196922176,0.0464706357982293,0.22679332110583,0.0843868751043561,0.0464706357982293,0.0693829151012181,0.0843868751043561,0.0567118955116311,0.136752871912741,149,79,70,1502,209,NA,NA,"With Controls","Democrats","Placebo Cutoff Test",-730,NA,"Liberal Democratic Norms Index (0-1 factor score of 7 ANES items; higher = stronger liberal norm support)","No"
-0.0322448332025208,0.0608223343813234,0.596009386425995,-0.020437841095001,0.0608223343813234,0.73685181356397,-0.020437841095001,0.0726008718198848,0.778319579585058,195,114,81,1535,176,NA,NA,"With Controls","Democrats","Placebo Cutoff Test",-365,NA,"Liberal Democratic Norms Index (0-1 factor score of 7 ANES items; higher = stronger liberal norm support)","No"
-0.0463840013980965,0.0751891160770699,0.537302128307403,-0.0652888788385409,0.0751891160770699,0.385214331823562,-0.0652888788385409,0.0945921412622565,0.490059230683357,146,83,63,1561,150,NA,NA,"With Controls","Democrats","Placebo Cutoff Test",0,NA,"Liberal Democratic Norms Index (0-1 factor score of 7 ANES items; higher = stronger liberal norm support)","No"
-0.182472529948912,0.0900698056344527,0.04277490726554,-0.229246409940829,0.0900698056344527,0.0109212592586126,-0.229246409940829,0.104942085983391,0.0289252313404447,100,59,41,1584,127,NA,NA,"With Controls","Democrats","Placebo Cutoff Test",365,NA,"Liberal Democratic Norms Index (0-1 factor score of 7 ANES items; higher = stronger liberal norm support)","No"
-0.0103876918926224,0.0503750699644709,0.836629222616326,-0.0381374768897214,0.0503750699644709,0.449007656492805,-0.0381374768897214,0.0629883270639632,0.544867442886711,172,104,68,1605,106,NA,NA,"With Controls","Democrats","Placebo Cutoff Test",730,NA,"Liberal Democratic Norms Index (0-1 factor score of 7 ANES items; higher = stronger liberal norm support)","No"
-0.0534495654872844,0.118196059720935,0.651116941060883,-0.101784369949603,0.118196059720935,0.389156211558277,-0.101784369949603,0.145734946786741,0.484913849829681,116,68,48,1625,153,NA,NA,"Without Controls","Democrats","Polynomial Degree Sensitivity",NA,1,"Liberal Democratic Norms Index (0-1 factor score of 7 ANES items; higher = stronger liberal norm support)","No"
-0.0902742696894973,0.139796691476342,0.518438696863113,-0.144764545726822,0.139796691476342,0.300418532793555,-0.144764545726822,0.167598918437195,0.387722027568801,193,117,76,1625,153,NA,NA,"Without Controls","Democrats","Polynomial Degree Sensitivity",NA,2,"Liberal Democratic Norms Index (0-1 factor score of 7 ANES items; higher = stronger liberal norm support)","No"
-0.175544394352897,0.185012584324981,0.342710094682313,-0.234545717416759,0.185012584324981,0.204894939988801,-0.234545717416759,0.221048219950034,0.288662031948624,240,146,94,1625,153,NA,NA,"Without Controls","Democrats","Polynomial Degree Sensitivity",NA,3,"Liberal Democratic Norms Index (0-1 factor score of 7 ANES items; higher = stronger liberal norm support)","No"
-0.0463840013980965,0.0751891160770699,0.537302128307403,-0.0652888788385409,0.0751891160770699,0.385214331823562,-0.0652888788385409,0.0945921412622565,0.490059230683357,146,83,63,1561,150,NA,NA,"With Controls","Democrats","Polynomial Degree Sensitivity",NA,1,"Liberal Democratic Norms Index (0-1 factor score of 7 ANES items; higher = stronger liberal norm support)","No"
-0.0840696113337978,0.0993610990256004,0.397495919646494,-0.12017280030263,0.0993610990256004,0.226488003314229,-0.12017280030263,0.121806794109776,0.323845948171925,209,127,82,1561,150,NA,NA,"With Controls","Democrats","Polynomial Degree Sensitivity",NA,2,"Liberal Democratic Norms Index (0-1 factor score of 7 ANES items; higher = stronger liberal norm support)","No"
-0.215870799896747,0.145703715242646,0.138453747736561,-0.272629381018423,0.145703715242646,0.0613282166808354,-0.272629381018423,0.168452416519604,0.105568763763704,220,133,87,1561,150,NA,NA,"With Controls","Democrats","Polynomial Degree Sensitivity",NA,3,"Liberal Democratic Norms Index (0-1 factor score of 7 ANES items; higher = stronger liberal norm support)","No"
-0.0435715113112201,0.33575326232949,0.896746488877164,0.116339858133833,0.33575326232949,0.728963956866844,0.116339858133833,0.700694934387289,0.868129434829647,17,9,8,1456,81,205,682.635301154574,"Without Controls","Republicans","Bandwidth Sensitivity",NA,NA,"Liberal Democratic Norms Index (0-1 factor score of 7 ANES items; higher = stronger liberal norm support)","No"
-0.0450947063376324,0.22049381326863,0.837949603882632,-0.0485079215632101,0.22049381326863,0.825873688481505,-0.0485079215632101,0.53150756750569,0.92728220213235,25,12,13,1456,81,266,682.635301154574,"Without Controls","Republicans","Bandwidth Sensitivity",NA,NA,"Liberal Democratic Norms Index (0-1 factor score of 7 ANES items; higher = stronger liberal norm support)","No"
-0.0638016330828913,0.1809149196777,0.724342614669466,-0.000223200038875826,0.1809149196777,0.999015626681706,-0.000223200038875826,0.449196397853217,0.999603541216019,28,13,15,1456,81,327,682.635301154574,"Without Controls","Republicans","Bandwidth Sensitivity",NA,NA,"Liberal Democratic Norms Index (0-1 factor score of 7 ANES items; higher = stronger liberal norm support)","No"
-0.0328370497971131,0.146017024470924,0.822068678767835,-0.111786903240391,0.146017024470924,0.443929551745226,-0.111786903240391,0.334158090505766,0.737977405297437,35,18,17,1456,81,388,682.635301154574,"Without Controls","Republicans","Bandwidth Sensitivity",NA,NA,"Liberal Democratic Norms Index (0-1 factor score of 7 ANES items; higher = stronger liberal norm support)","No"
-0.0131009964320289,0.131471813181686,0.920623222182905,-0.113227763074771,0.131471813181686,0.389110151362374,-0.113227763074771,0.290707422990893,0.696913378731418,39,21,18,1456,81,449,682.635301154574,"Without Controls","Republicans","Bandwidth Sensitivity",NA,NA,"Liberal Democratic Norms Index (0-1 factor score of 7 ANES items; higher = stronger liberal norm support)","No"
-0.00782644633608387,0.121712763827475,0.948729288678652,-0.0864666630687273,0.121712763827475,0.477446365884097,-0.0864666630687273,0.247236942409398,0.726539857987617,44,24,20,1456,81,510,682.635301154574,"Without Controls","Republicans","Bandwidth Sensitivity",NA,NA,"Liberal Democratic Norms Index (0-1 factor score of 7 ANES items; higher = stronger liberal norm support)","No"
-0.00844487460223964,0.109665556324587,0.938618998364773,-0.00159073582274871,0.109665556324587,0.988426821613141,-0.00159073582274871,0.212630910199141,0.99403091623516,48,26,22,1456,81,571,682.635301154574,"Without Controls","Republicans","Bandwidth Sensitivity",NA,NA,"Liberal Democratic Norms Index (0-1 factor score of 7 ANES items; higher = stronger liberal norm support)","No"
-0.00227358380740128,0.103359769678089,0.982450511039902,-0.013802169324395,0.103359769678089,0.893770114125084,-0.013802169324395,0.195250701899254,0.943644898782178,51,27,24,1456,81,632,682.635301154574,"Without Controls","Republicans","Bandwidth Sensitivity",NA,NA,"Liberal Democratic Norms Index (0-1 factor score of 7 ANES items; higher = stronger liberal norm support)","No"
0.00887357872219474,0.0965360869552181,0.926761752391805,-0.0124269462457766,0.0965360869552181,0.897572478568001,-0.0124269462457766,0.175072884125031,0.943412432288211,59,29,30,1456,81,693,682.635301154574,"Without Controls","Republicans","Bandwidth Sensitivity",NA,NA,"Liberal Democratic Norms Index (0-1 factor score of 7 ANES items; higher = stronger liberal norm support)","No"
0.0153005672930245,0.0910454271100141,0.866540632349476,-0.012852344644552,0.0910454271100141,0.887740315904041,-0.012852344644552,0.160744244142734,0.936272855122572,64,30,34,1456,81,754,682.635301154574,"Without Controls","Republicans","Bandwidth Sensitivity",NA,NA,"Liberal Democratic Norms Index (0-1 factor score of 7 ANES items; higher = stronger liberal norm support)","No"
0.0148893316849439,0.0867105351253705,0.863663114624051,-0.0235742745479995,0.0867105351253705,0.785719484125258,-0.0235742745479995,0.151806727574262,0.876591619616695,68,34,34,1456,81,816,682.635301154574,"Without Controls","Republicans","Bandwidth Sensitivity",NA,NA,"Liberal Democratic Norms Index (0-1 factor score of 7 ANES items; higher = stronger liberal norm support)","No"
0.0142954460938053,0.0814307801099875,0.860644855776196,-0.0356172483235421,0.0814307801099875,0.661826403277085,-0.0356172483235421,0.14375085879508,0.804311840092228,73,38,35,1456,81,877,682.635301154574,"Without Controls","Republicans","Bandwidth Sensitivity",NA,NA,"Liberal Democratic Norms Index (0-1 factor score of 7 ANES items; higher = stronger liberal norm support)","No"
0.0173215984298627,0.0776979676504863,0.823586075579859,-0.0427660508569568,0.0776979676504863,0.582035433478548,-0.0427660508569568,0.138721082863541,0.757863165229402,78,43,35,1456,81,938,682.635301154574,"Without Controls","Republicans","Bandwidth Sensitivity",NA,NA,"Liberal Democratic Norms Index (0-1 factor score of 7 ANES items; higher = stronger liberal norm support)","No"
0.0275733531780025,0.0752897882256371,0.714193715429401,-0.0508721974468543,0.0752897882256371,0.499240519075326,-0.0508721974468543,0.131924378510971,0.6997808217948,81,44,37,1456,81,999,682.635301154574,"Without Controls","Republicans","Bandwidth Sensitivity",NA,NA,"Liberal Democratic Norms Index (0-1 factor score of 7 ANES items; higher = stronger liberal norm support)","No"
0.0393430365343693,0.0730534515965014,0.590196449449622,-0.0536979967579149,0.0730534515965014,0.462308567150693,-0.0536979967579149,0.123572351860943,0.663891260924872,86,46,40,1456,81,1060,682.635301154574,"Without Controls","Republicans","Bandwidth Sensitivity",NA,NA,"Liberal Democratic Norms Index (0-1 factor score of 7 ANES items; higher = stronger liberal norm support)","No"
0.049592341455951,0.0708724965867227,0.484089508880581,-0.0467799025853297,0.0708724965867227,0.509217114784216,-0.0467799025853297,0.117191918054568,0.689765402569919,90,49,41,1456,81,1121,682.635301154574,"Without Controls","Republicans","Bandwidth Sensitivity",NA,NA,"Liberal Democratic Norms Index (0-1 factor score of 7 ANES items; higher = stronger liberal norm support)","No"
0.0565754336598379,0.0693025177827179,0.414297317828304,-0.0429497265043131,0.0693025177827179,0.535427226858881,-0.0429497265043131,0.113400617451151,0.70487847993682,93,52,41,1456,81,1182,682.635301154574,"Without Controls","Republicans","Bandwidth Sensitivity",NA,NA,"Liberal Democratic Norms Index (0-1 factor score of 7 ANES items; higher = stronger liberal norm support)","No"
0.0636932849588773,0.067572410005912,0.345889089155872,-0.0350588088532261,0.067572410005912,0.603877072693731,-0.0350588088532261,0.108573653776995,0.746768353189428,98,54,44,1456,81,1243,682.635301154574,"Without Controls","Republicans","Bandwidth Sensitivity",NA,NA,"Liberal Democratic Norms Index (0-1 factor score of 7 ANES items; higher = stronger liberal norm support)","No"
0.0699787387913579,0.0663100485061908,0.291276112287804,-0.0310396902853429,0.0663100485061908,0.639713547514129,-0.0310396902853429,0.105573727360576,0.768750560918404,100,55,45,1456,81,1304,682.635301154574,"Without Controls","Republicans","Bandwidth Sensitivity",NA,NA,"Liberal Democratic Norms Index (0-1 factor score of 7 ANES items; higher = stronger liberal norm support)","No"
0.0779369616824754,0.065030376133221,0.230734054683772,-0.0295129862390248,0.065030376133221,0.649948414999967,-0.0295129862390248,0.102232577042749,0.772822631611338,107,60,47,1456,81,1365,682.635301154574,"Without Controls","Republicans","Bandwidth Sensitivity",NA,NA,"Liberal Democratic Norms Index (0-1 factor score of 7 ANES items; higher = stronger liberal norm support)","No"
-0.31077635781694,0.128525075936209,0.0156051677804581,-0.382969037216501,0.128525075936209,0.00288509787812163,-0.382969037216501,0.32563424913402,0.239566455973705,17,9,8,1381,80,205,682.635301154574,"With Controls","Republicans","Bandwidth Sensitivity",NA,NA,"Liberal Democratic Norms Index (0-1 factor score of 7 ANES items; higher = stronger liberal norm support)","No"
-0.180109095473936,0.112843748912399,0.110468075341129,-0.241045140225324,0.112843748912399,0.0326715467335768,-0.241045140225324,0.24669677830349,0.328524226563778,25,12,13,1381,80,266,682.635301154574,"With Controls","Republicans","Bandwidth Sensitivity",NA,NA,"Liberal Democratic Norms Index (0-1 factor score of 7 ANES items; higher = stronger liberal norm support)","No"
-0.1496831848419,0.116001906800484,0.196928791780349,-0.147082238119076,0.116001906800484,0.20482313297975,-0.147082238119076,0.223506119789601,0.510494400070755,28,13,15,1381,80,327,682.635301154574,"With Controls","Republicans","Bandwidth Sensitivity",NA,NA,"Liberal Democratic Norms Index (0-1 factor score of 7 ANES items; higher = stronger liberal norm support)","No"
-0.0809478259095513,0.107015506853871,0.449402146379396,-0.210526577329709,0.107015506853871,0.0491540501177673,-0.210526577329709,0.20563558954826,0.30593696254325,35,18,17,1381,80,388,682.635301154574,"With Controls","Republicans","Bandwidth Sensitivity",NA,NA,"Liberal Democratic Norms Index (0-1 factor score of 7 ANES items; higher = stronger liberal norm support)","No"
-0.0438062586293952,0.10260773825833,0.669430761542435,-0.211330634405408,0.10260773825833,0.039437041765614,-0.211330634405408,0.200177646229826,0.291098235144687,39,21,18,1381,80,449,682.635301154574,"With Controls","Republicans","Bandwidth Sensitivity",NA,NA,"Liberal Democratic Norms Index (0-1 factor score of 7 ANES items; higher = stronger liberal norm support)","No"
-0.0406510461283907,0.096140768143881,0.672420473233691,-0.172542375461262,0.096140768143881,0.072703933297001,-0.172542375461262,0.182380433565895,0.344119263614955,43,23,20,1381,80,510,682.635301154574,"With Controls","Republicans","Bandwidth Sensitivity",NA,NA,"Liberal Democratic Norms Index (0-1 factor score of 7 ANES items; higher = stronger liberal norm support)","No"
-0.0328271712899377,0.0827895342687806,0.691726221379513,-0.0909053889476133,0.0827895342687806,0.272191407345605,-0.0909053889476133,0.157031923367,0.562658332497912,47,25,22,1381,80,571,682.635301154574,"With Controls","Republicans","Bandwidth Sensitivity",NA,NA,"Liberal Democratic Norms Index (0-1 factor score of 7 ANES items; higher = stronger liberal norm support)","No"
-0.0173187816287643,0.0776433965308778,0.823492361846436,-0.0953099330844372,0.0776433965308778,0.219621834956298,-0.0953099330844372,0.146114298836962,0.514209531883455,50,26,24,1381,80,632,682.635301154574,"With Controls","Republicans","Bandwidth Sensitivity",NA,NA,"Liberal Democratic Norms Index (0-1 factor score of 7 ANES items; higher = stronger liberal norm support)","No"
0.0111397324860177,0.070883778874262,0.875122778856149,-0.0880932295141788,0.070883778874262,0.213947423047082,-0.0880932295141788,0.129765702656877,0.497224205980198,58,28,30,1381,80,693,682.635301154574,"With Controls","Republicans","Bandwidth Sensitivity",NA,NA,"Liberal Democratic Norms Index (0-1 factor score of 7 ANES items; higher = stronger liberal norm support)","No"
0.0237976976534618,0.0662246375840508,0.719334695787606,-0.0722399729120225,0.0662246375840508,0.275346686386665,-0.0722399729120225,0.119012099182281,0.543852982552667,63,29,34,1381,80,754,682.635301154574,"With Controls","Republicans","Bandwidth Sensitivity",NA,NA,"Liberal Democratic Norms Index (0-1 factor score of 7 ANES items; higher = stronger liberal norm support)","No"
0.0263680710147443,0.0635495459459053,0.678199392177063,-0.0717080790146145,0.0635495459459053,0.259159189166087,-0.0717080790146145,0.113229916680319,0.52654021672528,67,33,34,1381,80,816,682.635301154574,"With Controls","Republicans","Bandwidth Sensitivity",NA,NA,"Liberal Democratic Norms Index (0-1 factor score of 7 ANES items; higher = stronger liberal norm support)","No"
0.0284915223812536,0.0604171817680832,0.637226749163499,-0.0759437397990851,0.0604171817680832,0.208757577397008,-0.0759437397990851,0.107874482401711,0.481432172132729,72,37,35,1381,80,877,682.635301154574,"With Controls","Republicans","Bandwidth Sensitivity",NA,NA,"Liberal Democratic Norms Index (0-1 factor score of 7 ANES items; higher = stronger liberal norm support)","No"
0.0334041542224107,0.0585640041327526,0.568415156863587,-0.0784801858963608,0.0585640041327526,0.18022080715049,-0.0784801858963608,0.103983001818752,0.450404682900101,77,42,35,1381,80,938,682.635301154574,"With Controls","Republicans","Bandwidth Sensitivity",NA,NA,"Liberal Democratic Norms Index (0-1 factor score of 7 ANES items; higher = stronger liberal norm support)","No"
0.0447760741555693,0.0575315407365538,0.436399592662298,-0.080165438354037,0.0575315407365538,0.16349366773892,-0.080165438354037,0.0978920727605555,0.412834027619926,80,43,37,1381,80,999,682.635301154574,"With Controls","Republicans","Bandwidth Sensitivity",NA,NA,"Liberal Democratic Norms Index (0-1 factor score of 7 ANES items; higher = stronger liberal norm support)","No"
0.0558068055124662,0.0564142393556845,0.322549344551649,-0.0711887138033434,0.0564142393556845,0.20698741838309,-0.0711887138033434,0.0904461588930218,0.431232764365529,85,45,40,1381,80,1060,682.635301154574,"With Controls","Republicans","Bandwidth Sensitivity",NA,NA,"Liberal Democratic Norms Index (0-1 factor score of 7 ANES items; higher = stronger liberal norm support)","No"
0.064681568585238,0.0552370585144995,0.241606250170925,-0.0550516561583236,0.0552370585144995,0.318937576093413,-0.0550516561583236,0.0857440284875264,0.52084297040076,89,48,41,1381,80,1121,682.635301154574,"With Controls","Republicans","Bandwidth Sensitivity",NA,NA,"Liberal Democratic Norms Index (0-1 factor score of 7 ANES items; higher = stronger liberal norm support)","No"
0.0709573692017151,0.0544993969131634,0.192921689538887,-0.0478156241261674,0.0544993969131634,0.380290800944286,-0.0478156241261674,0.0834903755748884,0.566842272947894,92,51,41,1381,80,1182,682.635301154574,"With Controls","Republicans","Bandwidth Sensitivity",NA,NA,"Liberal Democratic Norms Index (0-1 factor score of 7 ANES items; higher = stronger liberal norm support)","No"
0.0758834745198041,0.0535348468161879,0.156348641914779,-0.0326540304605089,0.0535348468161879,0.541889353193648,-0.0326540304605089,0.0801743644071938,0.683796714087179,97,53,44,1381,80,1243,682.635301154574,"With Controls","Republicans","Bandwidth Sensitivity",NA,NA,"Liberal Democratic Norms Index (0-1 factor score of 7 ANES items; higher = stronger liberal norm support)","No"
0.08047524101317,0.0528540544077296,0.127860430722228,-0.0248381026091182,0.0528540544077296,0.638399665764717,-0.0248381026091182,0.0783141971895051,0.751122472556742,99,54,45,1381,80,1304,682.635301154574,"With Controls","Republicans","Bandwidth Sensitivity",NA,NA,"Liberal Democratic Norms Index (0-1 factor score of 7 ANES items; higher = stronger liberal norm support)","No"
0.0880568515096642,0.0521343039365419,0.0912120338247661,-0.0224055532651212,0.0521343039365419,0.667365839816156,-0.0224055532651212,0.07649989165922,0.769611228714751,106,59,47,1381,80,1365,682.635301154574,"With Controls","Republicans","Bandwidth Sensitivity",NA,NA,"Liberal Democratic Norms Index (0-1 factor score of 7 ANES items; higher = stronger liberal norm support)","No"
-0.147991994521903,0.0703425199784927,0.0353891968509231,-0.163093176029585,0.0703425199784927,0.0204190427504796,-0.163093176029585,0.0850392187390808,0.0551289742071186,168,100,68,1426,111,NA,NA,"Without Controls","Republicans","Placebo Cutoff Test",-730,NA,"Liberal Democratic Norms Index (0-1 factor score of 7 ANES items; higher = stronger liberal norm support)","No"
0.169107586331813,0.127890677089586,0.18607414449759,0.194891691710916,0.127890677089586,0.127535473386434,0.194891691710916,0.14298016438517,0.172861069720717,71,36,35,1439,98,NA,NA,"Without Controls","Republicans","Placebo Cutoff Test",-365,NA,"Liberal Democratic Norms Index (0-1 factor score of 7 ANES items; higher = stronger liberal norm support)","No"
0.0135472468651062,0.079225591743012,0.864227034084837,-0.0233333877029278,0.079225591743012,0.768361871149292,-0.0233333877029278,0.0950490316297502,0.806078671666507,75,40,35,1456,81,NA,NA,"Without Controls","Republicans","Placebo Cutoff Test",0,NA,"Liberal Democratic Norms Index (0-1 factor score of 7 ANES items; higher = stronger liberal norm support)","No"
0.00276462865324656,0.0780849435554139,0.971756478910486,-0.0279883923212252,0.0780849435554139,0.720017653753487,-0.0279883923212252,0.099103436499743,0.777624577310294,79,47,32,1473,64,NA,NA,"Without Controls","Republicans","Placebo Cutoff Test",365,NA,"Liberal Democratic Norms Index (0-1 factor score of 7 ANES items; higher = stronger liberal norm support)","No"
-0.0158049363361129,0.0945883920357611,0.867297887407678,-0.0094719642779062,0.0945883920357611,0.920234164031517,-0.0094719642779062,0.141865171298277,0.946766900975317,95,63,32,1490,47,NA,NA,"Without Controls","Republicans","Placebo Cutoff Test",730,NA,"Liberal Democratic Norms Index (0-1 factor score of 7 ANES items; higher = stronger liberal norm support)","No"
-0.128381844445852,0.0665650495009769,0.0537721593009282,-0.150488591925969,0.0665650495009769,0.0237732007608236,-0.150488591925969,0.081041322583757,0.0633201853433483,148,85,63,1352,109,NA,NA,"With Controls","Republicans","Placebo Cutoff Test",-730,NA,"Liberal Democratic Norms Index (0-1 factor score of 7 ANES items; higher = stronger liberal norm support)","No"
0.122425443458379,0.108268254396745,0.258155995056534,0.134798213106654,0.108268254396745,0.213117367553081,0.134798213106654,0.122717609450071,0.272011400328214,92,44,48,1364,97,NA,NA,"With Controls","Republicans","Placebo Cutoff Test",-365,NA,"Liberal Democratic Norms Index (0-1 factor score of 7 ANES items; higher = stronger liberal norm support)","No"
0.00606363051301077,0.0721009083415701,0.932977540826587,-0.0276158498348918,0.0721009083415701,0.7017074038161,-0.0276158498348918,0.086812472991014,0.750402074654247,57,27,30,1381,80,NA,NA,"With Controls","Republicans","Placebo Cutoff Test",0,NA,"Liberal Democratic Norms Index (0-1 factor score of 7 ANES items; higher = stronger liberal norm support)","No"
-0.00714839834432584,0.0566727643536626,0.899625353064402,-0.018155365270065,0.0566727643536626,0.74869974447056,-0.018155365270065,0.0696278647923619,0.794286417881513,77,45,32,1398,63,NA,NA,"With Controls","Republicans","Placebo Cutoff Test",365,NA,"Liberal Democratic Norms Index (0-1 factor score of 7 ANES items; higher = stronger liberal norm support)","No"
-0.0620963111354173,0.067561711576073,0.358040621604949,-0.0397189621423467,0.067561711576073,0.556605060737073,-0.0397189621423467,0.0953705683526396,0.67706625698538,103,71,32,1415,46,NA,NA,"With Controls","Republicans","Placebo Cutoff Test",730,NA,"Liberal Democratic Norms Index (0-1 factor score of 7 ANES items; higher = stronger liberal norm support)","No"
0.0135472468651062,0.079225591743012,0.864227034084837,-0.0233333877029278,0.079225591743012,0.768361871149292,-0.0233333877029278,0.0950490316297502,0.806078671666507,75,40,35,1456,81,NA,NA,"Without Controls","Republicans","Polynomial Degree Sensitivity",NA,1,"Liberal Democratic Norms Index (0-1 factor score of 7 ANES items; higher = stronger liberal norm support)","No"
-0.0366985124334427,0.109554812270158,0.73764126511756,-0.0843326973003452,0.109554812270158,0.441432604593372,-0.0843326973003452,0.12664891755139,0.505489238067876,98,54,44,1456,81,NA,NA,"Without Controls","Republicans","Polynomial Degree Sensitivity",NA,2,"Liberal Democratic Norms Index (0-1 factor score of 7 ANES items; higher = stronger liberal norm support)","No"
-0.0893385086478671,0.136268451345431,0.512077218470613,-0.125022545078573,0.136268451345431,0.35889514166874,-0.125022545078573,0.161862792930785,0.439878564142073,130,79,51,1456,81,NA,NA,"Without Controls","Republicans","Polynomial Degree Sensitivity",NA,3,"Liberal Democratic Norms Index (0-1 factor score of 7 ANES items; higher = stronger liberal norm support)","No"
0.00606363051301077,0.0721009083415701,0.932977540826587,-0.0276158498348918,0.0721009083415701,0.7017074038161,-0.0276158498348918,0.086812472991014,0.750402074654247,57,27,30,1381,80,NA,NA,"With Controls","Republicans","Polynomial Degree Sensitivity",NA,1,"Liberal Democratic Norms Index (0-1 factor score of 7 ANES items; higher = stronger liberal norm support)","No"
-0.0296897337894436,0.0759851086359265,0.695996118074507,-0.0661944449495916,0.0759851086359265,0.383672130262059,-0.0661944449495916,0.0862434011193256,0.442766137605545,102,55,47,1381,80,NA,NA,"With Controls","Republicans","Polynomial Degree Sensitivity",NA,2,"Liberal Democratic Norms Index (0-1 factor score of 7 ANES items; higher = stronger liberal norm support)","No"
-0.122211482239292,0.0981019380732883,0.212852474253642,-0.171711369620917,0.0981019380732883,0.0800603247408771,-0.171711369620917,0.113080963709396,0.128893019169434,131,80,51,1381,80,NA,NA,"With Controls","Republicans","Polynomial Degree Sensitivity",NA,3,"Liberal Democratic Norms Index (0-1 factor score of 7 ANES items; higher = stronger liberal norm support)","No"
-0.0242091305482235,0.113445370522626,0.831015747197895,-0.00651383825859342,0.113445370522626,0.954212000220452,-0.00651383825859342,0.213425061153478,0.975651949293826,67,35,32,2640,187,359,1197.78751798557,"Without Controls","Expect In-Party Win","Bandwidth Sensitivity",NA,NA,"Liberal Democratic Norms Index (0-1 factor score of 7 ANES items; higher = stronger liberal norm support)","No"
0.0128313490180116,0.0938009482981877,0.891194114315401,-0.0726706124088682,0.0938009482981877,0.438497936320042,-0.0726706124088682,0.180780522694381,0.687696881240244,86,50,36,2640,187,467,1197.78751798557,"Without Controls","Expect In-Party Win","Bandwidth Sensitivity",NA,NA,"Liberal Democratic Norms Index (0-1 factor score of 7 ANES items; higher = stronger liberal norm support)","No"
0.043863685226111,0.0827484975550104,0.596053435124829,-0.0510434208893219,0.0827484975550104,0.537333587805521,-0.0510434208893219,0.146672589879456,0.727833221915329,102,60,42,2640,187,574,1197.78751798557,"Without Controls","Expect In-Party Win","Bandwidth Sensitivity",NA,NA,"Liberal Democratic Norms Index (0-1 factor score of 7 ANES items; higher = stronger liberal norm support)","No"
0.0619913745904747,0.0686250933337941,0.366348699083051,-0.0245588561171466,0.0686250933337941,0.720440668202472,-0.0245588561171466,0.125903073975064,0.845344717245893,125,71,54,2640,187,681,1197.78751798557,"Without Controls","Expect In-Party Win","Bandwidth Sensitivity",NA,NA,"Liberal Democratic Norms Index (0-1 factor score of 7 ANES items; higher = stronger liberal norm support)","No"
0.075310857662499,0.0606407237063281,0.214266505604567,-0.0053773470651729,0.0606407237063281,0.929339796509073,-0.0053773470651729,0.115695145628325,0.962928799541342,141,78,63,2640,187,788,1197.78751798557,"Without Controls","Expect In-Party Win","Bandwidth Sensitivity",NA,NA,"Liberal Democratic Norms Index (0-1 factor score of 7 ANES items; higher = stronger liberal norm support)","No"
0.0763106740920446,0.0575364852876647,0.184740153187258,0.0233405395898181,0.0575364852876647,0.68498874582392,0.0233405395898181,0.107817489754042,0.82861209945009,154,87,67,2640,187,895,1197.78751798557,"Without Controls","Expect In-Party Win","Bandwidth Sensitivity",NA,NA,"Liberal Democratic Norms Index (0-1 factor score of 7 ANES items; higher = stronger liberal norm support)","No"
0.0750587821569353,0.0546091457262182,0.16929496748882,0.0480164028748592,0.0546091457262182,0.37925272097523,0.0480164028748592,0.0945459902569621,0.611549478996368,172,99,73,2640,187,1002,1197.78751798557,"Without Controls","Expect In-Party Win","Bandwidth Sensitivity",NA,NA,"Liberal Democratic Norms Index (0-1 factor score of 7 ANES items; higher = stronger liberal norm support)","No"
0.0838616334197524,0.0520838451161821,0.107370015918981,0.0438993830734357,0.0520838451161821,0.399306817874093,0.0438993830734357,0.0843841955257864,0.60290168391257,190,109,81,2640,187,1110,1197.78751798557,"Without Controls","Expect In-Party Win","Bandwidth Sensitivity",NA,NA,"Liberal Democratic Norms Index (0-1 factor score of 7 ANES items; higher = stronger liberal norm support)","No"
0.0898292806036911,0.0502302446062243,0.0737194849931585,0.0467014814713629,0.0502302446062243,0.352501451757983,0.0467014814713629,0.0788099987182836,0.553460123000141,207,122,85,2640,187,1217,1197.78751798557,"Without Controls","Expect In-Party Win","Bandwidth Sensitivity",NA,NA,"Liberal Democratic Norms Index (0-1 factor score of 7 ANES items; higher = stronger liberal norm support)","No"
0.0942048934819865,0.0486745260277147,0.0529406856714387,0.0521939947323,0.0486745260277147,0.283582534993763,0.0521939947323,0.0739942301776423,0.480574252345133,222,132,90,2640,187,1324,1197.78751798557,"Without Controls","Expect In-Party Win","Bandwidth Sensitivity",NA,NA,"Liberal Democratic Norms Index (0-1 factor score of 7 ANES items; higher = stronger liberal norm support)","No"
0.0957314895547422,0.0473187634681247,0.0430608798200155,0.0610495713826685,0.0473187634681247,0.196989275299866,0.0610495713826685,0.0699741356144296,0.382957971315541,242,147,95,2640,187,1431,1197.78751798557,"Without Controls","Expect In-Party Win","Bandwidth Sensitivity",NA,NA,"Liberal Democratic Norms Index (0-1 factor score of 7 ANES items; higher = stronger liberal norm support)","No"
0.0954456774707941,0.0460159426665606,0.0380619321712227,0.0705004738077506,0.0460159426665606,0.125500719278632,0.0705004738077506,0.0664849253107792,0.2889636265628,266,165,101,2640,187,1538,1197.78751798557,"Without Controls","Expect In-Party Win","Bandwidth Sensitivity",NA,NA,"Liberal Democratic Norms Index (0-1 factor score of 7 ANES items; higher = stronger liberal norm support)","No"
0.0925855256129833,0.0449508352094002,0.0394266115858314,0.0814207757441532,0.0449508352094002,0.0700898553729092,0.0814207757441532,0.0639412614497478,0.202887378728191,288,181,107,2640,187,1645,1197.78751798557,"Without Controls","Expect In-Party Win","Bandwidth Sensitivity",NA,NA,"Liberal Democratic Norms Index (0-1 factor score of 7 ANES items; higher = stronger liberal norm support)","No"
0.0881869792993419,0.0439353859280887,0.0447286801109326,0.0916546133502792,0.0439353859280887,0.0369674946374028,0.0916546133502792,0.0615903382794495,0.136715828729448,305,191,114,2640,187,1753,1197.78751798557,"Without Controls","Expect In-Party Win","Bandwidth Sensitivity",NA,NA,"Liberal Democratic Norms Index (0-1 factor score of 7 ANES items; higher = stronger liberal norm support)","No"
0.0827849383934788,0.042962446889709,0.0539903542493539,0.100843369116594,0.042962446889709,0.0189128371433209,0.100843369116594,0.0595650847698967,0.0904564878783473,329,206,123,2640,187,1860,1197.78751798557,"Without Controls","Expect In-Party Win","Bandwidth Sensitivity",NA,NA,"Liberal Democratic Norms Index (0-1 factor score of 7 ANES items; higher = stronger liberal norm support)","No"
0.0790111766605672,0.0420298902589952,0.0601243480780913,0.104622867093536,0.0420298902589952,0.0128013233135552,0.104622867093536,0.0579078536851033,0.0708070530493028,344,215,129,2640,187,1967,1197.78751798557,"Without Controls","Expect In-Party Win","Bandwidth Sensitivity",NA,NA,"Liberal Democratic Norms Index (0-1 factor score of 7 ANES items; higher = stronger liberal norm support)","No"
0.0758739498191239,0.0412859219311148,0.0660965858564562,0.106635920145988,0.0412859219311148,0.00979839485508687,0.106635920145988,0.0567964172492039,0.0604480381006393,356,223,133,2640,187,2074,1197.78751798557,"Without Controls","Expect In-Party Win","Bandwidth Sensitivity",NA,NA,"Liberal Democratic Norms Index (0-1 factor score of 7 ANES items; higher = stronger liberal norm support)","No"
0.0742946722255375,0.04050686893167,0.0666353999797385,0.104693431712816,0.04050686893167,0.00974963680147451,0.104693431712816,0.055548522381953,0.0594676005747479,373,233,140,2640,187,2181,1197.78751798557,"Without Controls","Expect In-Party Win","Bandwidth Sensitivity",NA,NA,"Liberal Democratic Norms Index (0-1 factor score of 7 ANES items; higher = stronger liberal norm support)","No"
0.0731002870565374,0.0398163354097038,0.0663669610543845,0.101522273118938,0.0398163354097038,0.0107795749513663,0.101522273118938,0.0545857156156577,0.062904080862317,387,243,144,2640,187,2288,1197.78751798557,"Without Controls","Expect In-Party Win","Bandwidth Sensitivity",NA,NA,"Liberal Democratic Norms Index (0-1 factor score of 7 ANES items; higher = stronger liberal norm support)","No"
0.0721462363818699,0.0391289723868208,0.0652114093488023,0.0984898748615334,0.0391289723868208,0.0118339502132597,0.0984898748615334,0.0535911855622084,0.0660918980536378,409,256,153,2640,187,2396,1197.78751798557,"Without Controls","Expect In-Party Win","Bandwidth Sensitivity",NA,NA,"Liberal Democratic Norms Index (0-1 factor score of 7 ANES items; higher = stronger liberal norm support)","No"
-0.0687039467555399,0.082433259074273,0.404591348295695,-0.0884152816587962,0.082433259074273,0.283464956975856,-0.0884152816587962,0.141356849280287,0.53165885779819,67,35,32,2528,183,359,1197.78751798557,"With Controls","Expect In-Party Win","Bandwidth Sensitivity",NA,NA,"Liberal Democratic Norms Index (0-1 factor score of 7 ANES items; higher = stronger liberal norm support)","No"
-0.0107055950514736,0.0752244296782623,0.886830880248914,-0.145234301263045,0.0752244296782623,0.0535226387605948,-0.145234301263045,0.137784181083449,0.291850439657322,85,49,36,2528,183,467,1197.78751798557,"With Controls","Expect In-Party Win","Bandwidth Sensitivity",NA,NA,"Liberal Democratic Norms Index (0-1 factor score of 7 ANES items; higher = stronger liberal norm support)","No"
0.0345806758721548,0.0711115639197695,0.626763228588306,-0.114483068197044,0.0711115639197695,0.107417965134951,-0.114483068197044,0.116633324676309,0.326314709265642,100,58,42,2528,183,574,1197.78751798557,"With Controls","Expect In-Party Win","Bandwidth Sensitivity",NA,NA,"Liberal Democratic Norms Index (0-1 factor score of 7 ANES items; higher = stronger liberal norm support)","No"
0.0625588217191213,0.0610688098549219,0.305646900708335,-0.0699434501606609,0.0610688098549219,0.252075804575044,-0.0699434501606609,0.104626229635986,0.503809507280609,123,69,54,2528,183,681,1197.78751798557,"With Controls","Expect In-Party Win","Bandwidth Sensitivity",NA,NA,"Liberal Democratic Norms Index (0-1 factor score of 7 ANES items; higher = stronger liberal norm support)","No"
0.0732722286073278,0.0557708487370608,0.188910575069874,-0.0367141239444507,0.0557708487370608,0.510343371075431,-0.0367141239444507,0.0995013577343483,0.712141786013413,139,76,63,2528,183,788,1197.78751798557,"With Controls","Expect In-Party Win","Bandwidth Sensitivity",NA,NA,"Liberal Democratic Norms Index (0-1 factor score of 7 ANES items; higher = stronger liberal norm support)","No"
0.0707392122777007,0.053897004629616,0.189355279151229,-0.00463991875164321,0.053897004629616,0.931395969949344,-0.00463991875164321,0.094596170534599,0.960879646869681,152,85,67,2528,183,895,1197.78751798557,"With Controls","Expect In-Party Win","Bandwidth Sensitivity",NA,NA,"Liberal Democratic Norms Index (0-1 factor score of 7 ANES items; higher = stronger liberal norm support)","No"
0.0669684927368814,0.0518168948286025,0.196216399861263,0.0202008357292605,0.0518168948286025,0.696647193320374,0.0202008357292605,0.0849633461155001,0.812067695825266,170,97,73,2528,183,1002,1197.78751798557,"With Controls","Expect In-Party Win","Bandwidth Sensitivity",NA,NA,"Liberal Democratic Norms Index (0-1 factor score of 7 ANES items; higher = stronger liberal norm support)","No"
0.0729673368710801,0.049842870914201,0.14320834501626,0.0189177972092933,0.049842870914201,0.704280442152413,0.0189177972092933,0.0775432233436857,0.807258279253606,188,107,81,2528,183,1110,1197.78751798557,"With Controls","Expect In-Party Win","Bandwidth Sensitivity",NA,NA,"Liberal Democratic Norms Index (0-1 factor score of 7 ANES items; higher = stronger liberal norm support)","No"
0.0766811943907966,0.048281224603001,0.112236656990679,0.0236049309023391,0.048281224603001,0.624908973456865,0.0236049309023391,0.073365846425704,0.74764757089919,205,120,85,2528,183,1217,1197.78751798557,"With Controls","Expect In-Party Win","Bandwidth Sensitivity",NA,NA,"Liberal Democratic Norms Index (0-1 factor score of 7 ANES items; higher = stronger liberal norm support)","No"
0.0785817689427879,0.0468538620918814,0.0935097565976947,0.0327788396047112,0.0468538620918814,0.484178773334393,0.0327788396047112,0.0694497774023348,0.636941745973963,220,130,90,2528,183,1324,1197.78751798557,"With Controls","Expect In-Party Win","Bandwidth Sensitivity",NA,NA,"Liberal Democratic Norms Index (0-1 factor score of 7 ANES items; higher = stronger liberal norm support)","No"
0.0783744888352548,0.0455720063798641,0.0854697911251348,0.0436619942620601,0.0455720063798641,0.338018365931211,0.0436619942620601,0.06612720208535,0.509078768374223,240,145,95,2528,183,1431,1197.78751798557,"With Controls","Expect In-Party Win","Bandwidth Sensitivity",NA,NA,"Liberal Democratic Norms Index (0-1 factor score of 7 ANES items; higher = stronger liberal norm support)","No"
0.0760951939376017,0.0443446867338939,0.0861632331682641,0.0551027530100222,0.0443446867338939,0.21401489350978,0.0551027530100222,0.0631081336106938,0.382582306991256,264,163,101,2528,183,1538,1197.78751798557,"With Controls","Expect In-Party Win","Bandwidth Sensitivity",NA,NA,"Liberal Democratic Norms Index (0-1 factor score of 7 ANES items; higher = stronger liberal norm support)","No"
0.0722576648656151,0.0434168773289792,0.0960572957919505,0.0647693485482875,0.0434168773289792,0.135751276226512,0.0647693485482875,0.0609835345371296,0.288199694869228,285,179,106,2528,183,1645,1197.78751798557,"With Controls","Expect In-Party Win","Bandwidth Sensitivity",NA,NA,"Liberal Democratic Norms Index (0-1 factor score of 7 ANES items; higher = stronger liberal norm support)","No"
0.0678833740183467,0.0425146367175537,0.110331265536113,0.0730966619086512,0.0425146367175537,0.0855544220596426,0.0730966619086512,0.058849153317315,0.214198862577791,301,189,112,2528,183,1753,1197.78751798557,"With Controls","Expect In-Party Win","Bandwidth Sensitivity",NA,NA,"Liberal Democratic Norms Index (0-1 factor score of 7 ANES items; higher = stronger liberal norm support)","No"
0.0630285976722367,0.0416005543085166,0.129749529486659,0.08000344666174,0.0416005543085166,0.0544632044869306,0.08000344666174,0.0569109537200148,0.159793814931498,325,204,121,2528,183,1860,1197.78751798557,"With Controls","Expect In-Party Win","Bandwidth Sensitivity",NA,NA,"Liberal Democratic Norms Index (0-1 factor score of 7 ANES items; higher = stronger liberal norm support)","No"
0.0604278175964926,0.0406727128256424,0.137356095397837,0.0814885585080519,0.0406727128256424,0.0451215955906882,0.0814885585080519,0.0553231427364573,0.140762883521353,339,212,127,2528,183,1967,1197.78751798557,"With Controls","Expect In-Party Win","Bandwidth Sensitivity",NA,NA,"Liberal Democratic Norms Index (0-1 factor score of 7 ANES items; higher = stronger liberal norm support)","No"
0.0586304170781848,0.0399093686507066,0.14180863329493,0.0823439503594426,0.0399093686507066,0.0390866322126258,0.0823439503594426,0.0542877991143055,0.129316179116888,351,220,131,2528,183,2074,1197.78751798557,"With Controls","Expect In-Party Win","Bandwidth Sensitivity",NA,NA,"Liberal Democratic Norms Index (0-1 factor score of 7 ANES items; higher = stronger liberal norm support)","No"
0.0580640069110347,0.039122795541515,0.137769741810074,0.0795485578522126,0.039122795541515,0.0420217646347689,0.0795485578522126,0.0532170336144495,0.13496794139528,367,230,137,2528,183,2181,1197.78751798557,"With Controls","Expect In-Party Win","Bandwidth Sensitivity",NA,NA,"Liberal Democratic Norms Index (0-1 factor score of 7 ANES items; higher = stronger liberal norm support)","No"
0.0571531922895044,0.0384426509860372,0.137090604955944,0.0766367347408173,0.0384426509860372,0.0462029959262644,0.0766367347408173,0.0524171059814499,0.143725914739023,381,240,141,2528,183,2288,1197.78751798557,"With Controls","Expect In-Party Win","Bandwidth Sensitivity",NA,NA,"Liberal Democratic Norms Index (0-1 factor score of 7 ANES items; higher = stronger liberal norm support)","No"
0.0563146937446617,0.0377657629033883,0.135920196510403,0.0737722742905897,0.0377657629033883,0.0507702316148864,0.0737722742905897,0.0516019125617611,0.152819723338227,403,253,150,2528,183,2396,1197.78751798557,"With Controls","Expect In-Party Win","Bandwidth Sensitivity",NA,NA,"Liberal Democratic Norms Index (0-1 factor score of 7 ANES items; higher = stronger liberal norm support)","No"
-0.0129300174412209,0.0743473055699252,0.861933259822891,0.011459554897331,0.0743473055699252,0.877502942536507,0.011459554897331,0.0882805655973089,0.896718053422787,204,112,92,2565,262,NA,NA,"Without Controls","Expect In-Party Win","Placebo Cutoff Test",-730,NA,"Liberal Democratic Norms Index (0-1 factor score of 7 ANES items; higher = stronger liberal norm support)","No"
-0.0322610439415965,0.0621634612575761,0.603780849045261,-0.0327221359613837,0.0621634612575761,0.598618250216373,-0.0327221359613837,0.0742735988796018,0.659530013823158,255,150,105,2605,222,NA,NA,"Without Controls","Expect In-Party Win","Placebo Cutoff Test",-365,NA,"Liberal Democratic Norms Index (0-1 factor score of 7 ANES items; higher = stronger liberal norm support)","No"
0.0908424704437334,0.0499596100376805,0.0690155057840738,0.0972079417374692,0.0499596100376805,0.0516871095646249,0.0972079417374692,0.0608316703724487,0.110046882653562,208,123,85,2640,187,NA,NA,"Without Controls","Expect In-Party Win","Placebo Cutoff Test",0,NA,"Liberal Democratic Norms Index (0-1 factor score of 7 ANES items; higher = stronger liberal norm support)","No"
-0.195700215252197,0.106610547057818,0.0664086535552928,-0.238335773416364,0.106610547057818,0.0253796854201294,-0.238335773416364,0.127314267306588,0.0612028382934472,107,62,45,2673,154,NA,NA,"Without Controls","Expect In-Party Win","Placebo Cutoff Test",365,NA,"Liberal Democratic Norms Index (0-1 factor score of 7 ANES items; higher = stronger liberal norm support)","No"
-0.0201892376707314,0.0607186589315223,0.73950821372059,-0.0335258318617661,0.0607186589315223,0.580845313142644,-0.0335258318617661,0.0788779616129849,0.67081173859503,194,124,70,2701,126,NA,NA,"Without Controls","Expect In-Party Win","Placebo Cutoff Test",730,NA,"Liberal Democratic Norms Index (0-1 factor score of 7 ANES items; higher = stronger liberal norm support)","No"
0.000268456161153701,0.0615084440137675,0.996517610717918,0.0226292428827411,0.0615084440137675,0.71294432902352,0.0226292428827411,0.0737993480267568,0.759123481388803,215,117,98,2455,256,NA,NA,"With Controls","Expect In-Party Win","Placebo Cutoff Test",-730,NA,"Liberal Democratic Norms Index (0-1 factor score of 7 ANES items; higher = stronger liberal norm support)","No"
-0.0365916492399898,0.0592631850560081,0.536942450508274,-0.0403264524304925,0.0592631850560081,0.496210832146699,-0.0403264524304925,0.0704366804707987,0.566969316011792,232,133,99,2493,218,NA,NA,"With Controls","Expect In-Party Win","Placebo Cutoff Test",-365,NA,"Liberal Democratic Norms Index (0-1 factor score of 7 ANES items; higher = stronger liberal norm support)","No"
0.076145644254146,0.0485512736200229,0.116798251514777,0.0784000295274408,0.0485512736200229,0.10635654354281,0.0784000295274408,0.0593534960622706,0.186534728992841,201,117,84,2528,183,NA,NA,"With Controls","Expect In-Party Win","Placebo Cutoff Test",0,NA,"Liberal Democratic Norms Index (0-1 factor score of 7 ANES items; higher = stronger liberal norm support)","No"
-0.19608571818953,0.0967969996535807,0.0427912615200121,-0.236263298815306,0.0967969996535807,0.0146542727552086,-0.236263298815306,0.117037063537815,0.0435178958130551,116,68,48,2561,150,NA,NA,"With Controls","Expect In-Party Win","Placebo Cutoff Test",365,NA,"Liberal Democratic Norms Index (0-1 factor score of 7 ANES items; higher = stronger liberal norm support)","No"
-0.00452888161605229,0.0535261064390008,0.932570888017381,-0.0204490675770676,0.0535261064390008,0.702432334365089,-0.0204490675770676,0.0705529328725614,0.771938585319001,205,130,75,2589,122,NA,NA,"With Controls","Expect In-Party Win","Placebo Cutoff Test",730,NA,"Liberal Democratic Norms Index (0-1 factor score of 7 ANES items; higher = stronger liberal norm support)","No"
0.0908424704437334,0.0499596100376805,0.0690155057840738,0.0972079417374692,0.0499596100376805,0.0516871095646249,0.0972079417374692,0.0608316703724487,0.110046882653562,208,123,85,2640,187,NA,NA,"Without Controls","Expect In-Party Win","Polynomial Degree Sensitivity",NA,1,"Liberal Democratic Norms Index (0-1 factor score of 7 ANES items; higher = stronger liberal norm support)","No"
0.0466709248260746,0.0789044850985555,0.554194607429532,0.0224225568232143,0.0789044850985555,0.776277489349737,0.0224225568232143,0.0932733880153711,0.810023217027762,207,122,85,2640,187,NA,NA,"Without Controls","Expect In-Party Win","Polynomial Degree Sensitivity",NA,2,"Liberal Democratic Norms Index (0-1 factor score of 7 ANES items; higher = stronger liberal norm support)","No"
0.0132954738503398,0.110235476818264,0.90400014188814,0.000996568135195885,0.110235476818264,0.99278693646563,0.000996568135195885,0.128670075421891,0.993820331755049,244,149,95,2640,187,NA,NA,"Without Controls","Expect In-Party Win","Polynomial Degree Sensitivity",NA,3,"Liberal Democratic Norms Index (0-1 factor score of 7 ANES items; higher = stronger liberal norm support)","No"
0.076145644254146,0.0485512736200229,0.116798251514777,0.0784000295274408,0.0485512736200229,0.10635654354281,0.0784000295274408,0.0593534960622706,0.186534728992841,201,117,84,2528,183,NA,NA,"With Controls","Expect In-Party Win","Polynomial Degree Sensitivity",NA,1,"Liberal Democratic Norms Index (0-1 factor score of 7 ANES items; higher = stronger liberal norm support)","No"
0.0214415783498529,0.0736785113732207,0.771039573777046,-0.00688742591011857,0.0736785113732207,0.925522683456508,-0.00688742591011857,0.0864325941398143,0.936487378944393,204,119,85,2528,183,NA,NA,"With Controls","Expect In-Party Win","Polynomial Degree Sensitivity",NA,2,"Liberal Democratic Norms Index (0-1 factor score of 7 ANES items; higher = stronger liberal norm support)","No"
-0.042849974791713,0.103882725139746,0.679984615428969,-0.0672338890106397,0.103882725139746,0.517496348675647,-0.0672338890106397,0.118816531870824,0.571486859260547,227,137,90,2528,183,NA,NA,"With Controls","Expect In-Party Win","Polynomial Degree Sensitivity",NA,3,"Liberal Democratic Norms Index (0-1 factor score of 7 ANES items; higher = stronger liberal norm support)","No"
-0.566582325594341,0.402564450149899,0.159299153872446,-0.280262914370285,0.402564450149899,0.48630740758688,-0.280262914370285,0.728298315971612,0.700371638477962,18,10,8,369,45,466,1554.83910815421,"Without Controls","Expect In-Party Loss","Bandwidth Sensitivity",NA,NA,"Liberal Democratic Norms Index (0-1 factor score of 7 ANES items; higher = stronger liberal norm support)","No"
-0.501269085249658,0.34452530562882,0.145681503523607,-0.556874453966053,0.34452530562882,0.106018049895342,-0.556874453966053,0.564695404468852,0.324059440626519,24,13,11,369,45,606,1554.83910815421,"Without Controls","Expect In-Party Loss","Bandwidth Sensitivity",NA,NA,"Liberal Democratic Norms Index (0-1 factor score of 7 ANES items; higher = stronger liberal norm support)","No"
-0.438195502645717,0.299146914721428,0.142970837444199,-0.563541029611874,0.299146914721428,0.0595883825310528,-0.563541029611874,0.487038610308644,0.247241023804853,30,15,15,369,45,745,1554.83910815421,"Without Controls","Expect In-Party Loss","Bandwidth Sensitivity",NA,NA,"Liberal Democratic Norms Index (0-1 factor score of 7 ANES items; higher = stronger liberal norm support)","No"
-0.411785640477896,0.256614747479989,0.108563312460884,-0.573657990009949,0.256614747479989,0.025385634879796,-0.573657990009949,0.429894431009557,0.182067572228923,38,21,17,369,45,884,1554.83910815421,"Without Controls","Expect In-Party Loss","Bandwidth Sensitivity",NA,NA,"Liberal Democratic Norms Index (0-1 factor score of 7 ANES items; higher = stronger liberal norm support)","No"
-0.367993891347757,0.232314024097654,0.113185415452953,-0.578163046384195,0.232314024097654,0.0128206236356798,-0.578163046384195,0.397013600993129,0.145315176668037,45,26,19,369,45,1023,1554.83910815421,"Without Controls","Expect In-Party Loss","Bandwidth Sensitivity",NA,NA,"Liberal Democratic Norms Index (0-1 factor score of 7 ANES items; higher = stronger liberal norm support)","No"
-0.305164707898175,0.211251643873759,0.148582801361172,-0.564322633867791,0.211251643873759,0.00755515652733092,-0.564322633867791,0.363664848326552,0.120718298518118,49,28,21,369,45,1162,1554.83910815421,"Without Controls","Expect In-Party Loss","Bandwidth Sensitivity",NA,NA,"Liberal Democratic Norms Index (0-1 factor score of 7 ANES items; higher = stronger liberal norm support)","No"
-0.253961611269561,0.195331202260965,0.193546495959834,-0.546568630972337,0.195331202260965,0.00513940975966042,-0.546568630972337,0.333092553212301,0.100820007287749,54,30,24,369,45,1301,1554.83910815421,"Without Controls","Expect In-Party Loss","Bandwidth Sensitivity",NA,NA,"Liberal Democratic Norms Index (0-1 factor score of 7 ANES items; higher = stronger liberal norm support)","No"
-0.189624785815258,0.177021940679844,0.284082348322706,-0.501503526255538,0.177021940679844,0.00461130858503623,-0.501503526255538,0.305350337467856,0.100509758450682,60,32,28,369,45,1440,1554.83910815421,"Without Controls","Expect In-Party Loss","Bandwidth Sensitivity",NA,NA,"Liberal Democratic Norms Index (0-1 factor score of 7 ANES items; higher = stronger liberal norm support)","No"
-0.15349583058431,0.165169006728898,0.352720233099025,-0.482195576140727,0.165169006728898,0.00350697870428509,-0.482195576140727,0.28658662175061,0.0924627410421163,67,38,29,369,45,1579,1554.83910815421,"Without Controls","Expect In-Party Loss","Bandwidth Sensitivity",NA,NA,"Liberal Democratic Norms Index (0-1 factor score of 7 ANES items; higher = stronger liberal norm support)","No"
-0.120736960564605,0.154047924408673,0.433179579826548,-0.443300197221027,0.154047924408673,0.00400614863978606,-0.443300197221027,0.26879980445505,0.0991100510912255,72,41,31,369,45,1719,1554.83910815421,"Without Controls","Expect In-Party Loss","Bandwidth Sensitivity",NA,NA,"Liberal Democratic Norms Index (0-1 factor score of 7 ANES items; higher = stronger liberal norm support)","No"
-0.100143109826368,0.147035107946038,0.495818984427619,-0.422658133332773,0.147035107946038,0.00404617959826133,-0.422658133332773,0.258470188240056,0.102000900278981,75,43,32,369,45,1858,1554.83910815421,"Without Controls","Expect In-Party Loss","Bandwidth Sensitivity",NA,NA,"Liberal Democratic Norms Index (0-1 factor score of 7 ANES items; higher = stronger liberal norm support)","No"
-0.0727592450951565,0.140181151346773,0.603734736474822,-0.377022667576619,0.140181151346773,0.00715507951116075,-0.377022667576619,0.243215443635766,0.121103299944442,78,43,35,369,45,1997,1554.83910815421,"Without Controls","Expect In-Party Loss","Bandwidth Sensitivity",NA,NA,"Liberal Democratic Norms Index (0-1 factor score of 7 ANES items; higher = stronger liberal norm support)","No"
-0.0522274392621326,0.134631359177358,0.69806840761303,-0.345830179234328,0.134631359177358,0.0102075084298872,-0.345830179234328,0.231690464409963,0.13553175839717,83,46,37,369,45,2136,1554.83910815421,"Without Controls","Expect In-Party Loss","Bandwidth Sensitivity",NA,NA,"Liberal Democratic Norms Index (0-1 factor score of 7 ANES items; higher = stronger liberal norm support)","No"
-0.0377142599829243,0.128142572450262,0.768517338219865,-0.294312023919675,0.128142572450262,0.0216327811683351,-0.294312023919675,0.217549521280075,0.176103329277978,89,49,40,369,45,2275,1554.83910815421,"Without Controls","Expect In-Party Loss","Bandwidth Sensitivity",NA,NA,"Liberal Democratic Norms Index (0-1 factor score of 7 ANES items; higher = stronger liberal norm support)","No"
-0.0330267879528738,0.122685596474887,0.787776875486437,-0.248926963205901,0.122685596474887,0.0424600437738026,-0.248926963205901,0.208000567442563,0.231399730633669,93,52,41,369,45,2414,1554.83910815421,"Without Controls","Expect In-Party Loss","Bandwidth Sensitivity",NA,NA,"Liberal Democratic Norms Index (0-1 factor score of 7 ANES items; higher = stronger liberal norm support)","No"
-0.0351616547495318,0.117597193228201,0.764939435821669,-0.214022865682496,0.117597193228201,0.0687642186526869,-0.214022865682496,0.200039075284371,0.284661939859267,100,57,43,369,45,2553,1554.83910815421,"Without Controls","Expect In-Party Loss","Bandwidth Sensitivity",NA,NA,"Liberal Democratic Norms Index (0-1 factor score of 7 ANES items; higher = stronger liberal norm support)","No"
-0.033483458851687,0.112469142063019,0.765922674165253,-0.189407548285949,0.112469142063019,0.0921653232714936,-0.189407548285949,0.192020457507412,0.323940520640573,104,60,44,369,45,2692,1554.83910815421,"Without Controls","Expect In-Party Loss","Bandwidth Sensitivity",NA,NA,"Liberal Democratic Norms Index (0-1 factor score of 7 ANES items; higher = stronger liberal norm support)","No"
-0.0308335983339372,0.108622304264606,0.776517170190746,-0.17569792815389,0.108622304264606,0.105767713114154,-0.17569792815389,0.18693408589815,0.347272751927221,105,61,44,369,45,2831,1554.83910815421,"Without Controls","Expect In-Party Loss","Bandwidth Sensitivity",NA,NA,"Liberal Democratic Norms Index (0-1 factor score of 7 ANES items; higher = stronger liberal norm support)","No"
-0.0280989095073513,0.105276997787099,0.789542654855317,-0.167667249251234,0.105276997787099,0.111243338208584,-0.167667249251234,0.182311116142797,0.35774183649016,110,65,45,369,45,2971,1554.83910815421,"Without Controls","Expect In-Party Loss","Bandwidth Sensitivity",NA,NA,"Liberal Democratic Norms Index (0-1 factor score of 7 ANES items; higher = stronger liberal norm support)","No"
-0.0253738404117381,0.10233071636819,0.804165991086478,-0.159683459646199,0.10233071636819,0.118650130917929,-0.159683459646199,0.177798772067312,0.369125095957451,115,70,45,369,45,3110,1554.83910815421,"Without Controls","Expect In-Party Loss","Bandwidth Sensitivity",NA,NA,"Liberal Democratic Norms Index (0-1 factor score of 7 ANES items; higher = stronger liberal norm support)","No"
-0.294195755912626,0.159221971269208,0.0646445543857671,-0.15644739104275,0.159221971269208,0.325817078424936,-0.15644739104275,0.251187099636206,0.533394855700175,18,10,8,348,45,466,1554.83910815421,"With Controls","Expect In-Party Loss","Bandwidth Sensitivity",NA,NA,"Liberal Democratic Norms Index (0-1 factor score of 7 ANES items; higher = stronger liberal norm support)","No"
-0.261523338017075,0.135864434588589,0.0542438151810852,-0.358394728091083,0.135864434588589,0.00834249145238068,-0.358394728091083,0.181639579059848,0.0484831200980717,24,13,11,348,45,606,1554.83910815421,"With Controls","Expect In-Party Loss","Bandwidth Sensitivity",NA,NA,"Liberal Democratic Norms Index (0-1 factor score of 7 ANES items; higher = stronger liberal norm support)","No"
-0.177948997688126,0.120523665565147,0.139819051413463,-0.279222286057604,0.120523665565147,0.0205177684727761,-0.279222286057604,0.156921402209986,0.0751780246036319,30,15,15,348,45,745,1554.83910815421,"With Controls","Expect In-Party Loss","Bandwidth Sensitivity",NA,NA,"Liberal Democratic Norms Index (0-1 factor score of 7 ANES items; higher = stronger liberal norm support)","No"
-0.146886122458247,0.1157984375051,0.204632381446431,-0.229779397486682,0.1157984375051,0.0472218693823595,-0.229779397486682,0.148944148370876,0.122898269312967,37,20,17,348,45,884,1554.83910815421,"With Controls","Expect In-Party Loss","Bandwidth Sensitivity",NA,NA,"Liberal Democratic Norms Index (0-1 factor score of 7 ANES items; higher = stronger liberal norm support)","No"
-0.104167411286309,0.113789958824552,0.359962848579767,-0.216894919907595,0.113789958824552,0.0566373702050686,-0.216894919907595,0.143540767965557,0.130779896593964,44,25,19,348,45,1023,1554.83910815421,"With Controls","Expect In-Party Loss","Bandwidth Sensitivity",NA,NA,"Liberal Democratic Norms Index (0-1 factor score of 7 ANES items; higher = stronger liberal norm support)","No"
-0.0598963617805364,0.110410676331004,0.587483028135332,-0.190018838796725,0.110410676331004,0.0852474303668809,-0.190018838796725,0.139041479180117,0.171739996063252,48,27,21,348,45,1162,1554.83910815421,"With Controls","Expect In-Party Loss","Bandwidth Sensitivity",NA,NA,"Liberal Democratic Norms Index (0-1 factor score of 7 ANES items; higher = stronger liberal norm support)","No"
-0.0389946343754962,0.107238842630401,0.716138680892894,-0.161610011424457,0.107238842630401,0.131808086359625,-0.161610011424457,0.135100749396335,0.231611315895396,53,29,24,348,45,1301,1554.83910815421,"With Controls","Expect In-Party Loss","Bandwidth Sensitivity",NA,NA,"Liberal Democratic Norms Index (0-1 factor score of 7 ANES items; higher = stronger liberal norm support)","No"
-0.0162810340161306,0.101037938527944,0.87198484665536,-0.132381161922437,0.101037938527944,0.190123985372446,-0.132381161922437,0.132710071639278,0.318511398576651,59,31,28,348,45,1440,1554.83910815421,"With Controls","Expect In-Party Loss","Bandwidth Sensitivity",NA,NA,"Liberal Democratic Norms Index (0-1 factor score of 7 ANES items; higher = stronger liberal norm support)","No"
-0.0121702967135466,0.0982061888112589,0.90137389434754,-0.125184218177255,0.0982061888112589,0.202412601033544,-0.125184218177255,0.133783600659321,0.349416495154827,65,36,29,348,45,1579,1554.83910815421,"With Controls","Expect In-Party Loss","Bandwidth Sensitivity",NA,NA,"Liberal Democratic Norms Index (0-1 factor score of 7 ANES items; higher = stronger liberal norm support)","No"
-0.00696279681250405,0.0950693570891394,0.941615830338181,-0.10988671359025,0.0950693570891394,0.247739086759782,-0.10988671359025,0.132065908523324,0.40537527603565,70,39,31,348,45,1719,1554.83910815421,"With Controls","Expect In-Party Loss","Bandwidth Sensitivity",NA,NA,"Liberal Democratic Norms Index (0-1 factor score of 7 ANES items; higher = stronger liberal norm support)","No"
-0.00285576009541053,0.0930552498833587,0.975517670616699,-0.112396240658477,0.0930552498833587,0.227107209542057,-0.112396240658477,0.131390914687862,0.392310991177246,73,41,32,348,45,1858,1554.83910815421,"With Controls","Expect In-Party Loss","Bandwidth Sensitivity",NA,NA,"Liberal Democratic Norms Index (0-1 factor score of 7 ANES items; higher = stronger liberal norm support)","No"
0.0060657099897205,0.0904634100382603,0.94654068100918,-0.0949034416596637,0.0904634100382603,0.294140855285092,-0.0949034416596637,0.127121634459086,0.455331508518808,76,41,35,348,45,1997,1554.83910815421,"With Controls","Expect In-Party Loss","Bandwidth Sensitivity",NA,NA,"Liberal Democratic Norms Index (0-1 factor score of 7 ANES items; higher = stronger liberal norm support)","No"
0.0118847629708372,0.0881738543746537,0.892779624000894,-0.0839497801114801,0.0881738543746537,0.341049412866009,-0.0839497801114801,0.124188396430089,0.499048701654526,81,44,37,348,45,2136,1554.83910815421,"With Controls","Expect In-Party Loss","Bandwidth Sensitivity",NA,NA,"Liberal Democratic Norms Index (0-1 factor score of 7 ANES items; higher = stronger liberal norm support)","No"
0.0124257245262598,0.0851252316713194,0.883945122638962,-0.0658695553616597,0.0851252316713194,0.439051496732218,-0.0658695553616597,0.120565939085484,0.584834752341225,87,47,40,348,45,2275,1554.83910815421,"With Controls","Expect In-Party Loss","Bandwidth Sensitivity",NA,NA,"Liberal Democratic Norms Index (0-1 factor score of 7 ANES items; higher = stronger liberal norm support)","No"
0.00641869802808991,0.0824801565777102,0.937970347362347,-0.0487099970068351,0.0824801565777102,0.554811082057971,-0.0487099970068351,0.118301213937205,0.680525943446218,91,50,41,348,45,2414,1554.83910815421,"With Controls","Expect In-Party Loss","Bandwidth Sensitivity",NA,NA,"Liberal Democratic Norms Index (0-1 factor score of 7 ANES items; higher = stronger liberal norm support)","No"
-0.00755910900405498,0.0797278308366269,0.924464614405401,-0.0383419240454137,0.0797278308366269,0.630580350060392,-0.0383419240454137,0.116569199521853,0.742216267489378,98,55,43,348,45,2553,1554.83910815421,"With Controls","Expect In-Party Loss","Bandwidth Sensitivity",NA,NA,"Liberal Democratic Norms Index (0-1 factor score of 7 ANES items; higher = stronger liberal norm support)","No"
-0.0134117494420881,0.0771004882885353,0.861903539122667,-0.0389568859943563,0.0771004882885353,0.613366275249109,-0.0389568859943563,0.114708710664782,0.73414590781667,102,58,44,348,45,2692,1554.83910815421,"With Controls","Expect In-Party Loss","Bandwidth Sensitivity",NA,NA,"Liberal Democratic Norms Index (0-1 factor score of 7 ANES items; higher = stronger liberal norm support)","No"
-0.0157272841850347,0.0752718702123128,0.83449528908192,-0.0415056480270839,0.0752718702123128,0.581352773925969,-0.0415056480270839,0.113798980455636,0.715314629303238,103,59,44,348,45,2831,1554.83910815421,"With Controls","Expect In-Party Loss","Bandwidth Sensitivity",NA,NA,"Liberal Democratic Norms Index (0-1 factor score of 7 ANES items; higher = stronger liberal norm support)","No"
-0.0168237173714203,0.0736837483460134,0.819394903757087,-0.047333178518576,0.0736837483460134,0.52062461237588,-0.047333178518576,0.11290150893065,0.675038476694243,108,63,45,348,45,2971,1554.83910815421,"With Controls","Expect In-Party Loss","Bandwidth Sensitivity",NA,NA,"Liberal Democratic Norms Index (0-1 factor score of 7 ANES items; higher = stronger liberal norm support)","No"
-0.0161126496122354,0.0723133366927208,0.823677841036698,-0.0533570254988824,0.0723133366927208,0.460600310718251,-0.0533570254988824,0.111795355982723,0.633166966844654,113,68,45,348,45,3110,1554.83910815421,"With Controls","Expect In-Party Loss","Bandwidth Sensitivity",NA,NA,"Liberal Democratic Norms Index (0-1 factor score of 7 ANES items; higher = stronger liberal norm support)","No"
0.183691935657021,0.141913901780451,0.195530742230888,0.267169955421689,0.141913901780451,0.0597518785975865,0.267169955421689,0.1604301513328,0.0958459278518442,47,27,20,354,60,NA,NA,"Without Controls","Expect In-Party Loss","Placebo Cutoff Test",-730,NA,"Liberal Democratic Norms Index (0-1 factor score of 7 ANES items; higher = stronger liberal norm support)","No"
0.299981980840369,0.217812916704075,0.168436186457834,0.375460172879391,0.217812916704075,0.0847487079062549,0.375460172879391,0.246252575374756,0.127335085620081,39,22,17,361,53,NA,NA,"Without Controls","Expect In-Party Loss","Placebo Cutoff Test",-365,NA,"Liberal Democratic Norms Index (0-1 factor score of 7 ANES items; higher = stronger liberal norm support)","No"
-0.283654360468911,0.203927682677105,0.164238878733776,-0.407906856921916,0.203927682677105,0.0454730054330434,-0.407906856921916,0.250891914966059,0.103986456555817,52,30,22,369,45,NA,NA,"Without Controls","Expect In-Party Loss","Placebo Cutoff Test",0,NA,"Liberal Democratic Norms Index (0-1 factor score of 7 ANES items; higher = stronger liberal norm support)","No"
0.249232206779362,0.0885462859382758,0.00488211133686318,0.242196469653898,0.0885462859382758,0.00623323994764522,0.242196469653898,0.105838270185617,0.022116341999666,66,36,30,375,39,NA,NA,"Without Controls","Expect In-Party Loss","Placebo Cutoff Test",365,NA,"Liberal Democratic Norms Index (0-1 factor score of 7 ANES items; higher = stronger liberal norm support)","No"
0.0290463780931932,0.0808453562744246,0.719383242911786,0.0101306560759648,0.0808453562744246,0.900278875219182,0.0101306560759648,0.104995547331241,0.923134171146853,65,39,26,384,30,NA,NA,"Without Controls","Expect In-Party Loss","Placebo Cutoff Test",730,NA,"Liberal Democratic Norms Index (0-1 factor score of 7 ANES items; higher = stronger liberal norm support)","No"
-0.0595576657283851,0.0901449307325773,0.508812479836461,-0.0121499621045187,0.0901449307325773,0.892783816426809,-0.0121499621045187,0.109722997675132,0.911828037627419,66,33,33,333,60,NA,NA,"With Controls","Expect In-Party Loss","Placebo Cutoff Test",-730,NA,"Liberal Democratic Norms Index (0-1 factor score of 7 ANES items; higher = stronger liberal norm support)","No"
0.145557012179646,0.128850011896236,0.258618511403824,0.188252980793591,0.128850011896236,0.144008810424637,0.188252980793591,0.148152368256023,0.203845565597439,46,23,23,340,53,NA,NA,"With Controls","Expect In-Party Loss","Placebo Cutoff Test",-365,NA,"Liberal Democratic Norms Index (0-1 factor score of 7 ANES items; higher = stronger liberal norm support)","No"
-0.0108456963932625,0.0985516261068793,0.912368997658413,-0.0625789415672369,0.0985516261068793,0.525437289646845,-0.0625789415672369,0.122706823126868,0.610060244196823,64,36,28,348,45,NA,NA,"With Controls","Expect In-Party Loss","Placebo Cutoff Test",0,NA,"Liberal Democratic Norms Index (0-1 factor score of 7 ANES items; higher = stronger liberal norm support)","No"
0.0312364799320299,0.0925865439659339,0.735833457537914,-0.00233543111838974,0.0925865439659339,0.979876051444387,-0.00233543111838974,0.115694353345827,0.983894824293454,57,31,26,354,39,NA,NA,"With Controls","Expect In-Party Loss","Placebo Cutoff Test",365,NA,"Liberal Democratic Norms Index (0-1 factor score of 7 ANES items; higher = stronger liberal norm support)","No"
0.094305213292629,0.0777068286527457,0.224899494054546,0.0753258492580046,0.0777068286527457,0.332365873178933,0.0753258492580046,0.112954682851258,0.50485653288966,75,46,29,363,30,NA,NA,"With Controls","Expect In-Party Loss","Placebo Cutoff Test",730,NA,"Liberal Democratic Norms Index (0-1 factor score of 7 ANES items; higher = stronger liberal norm support)","No"
-0.283654360468911,0.203927682677105,0.164238878733776,-0.407906856921916,0.203927682677105,0.0454730054330434,-0.407906856921916,0.250891914966059,0.103986456555817,52,30,22,369,45,NA,NA,"Without Controls","Expect In-Party Loss","Polynomial Degree Sensitivity",NA,1,"Liberal Democratic Norms Index (0-1 factor score of 7 ANES items; higher = stronger liberal norm support)","No"
-0.317763123781096,0.223422272919654,0.154952654266227,-0.478109335572556,0.223422272919654,0.0323599499194073,-0.478109335572556,0.274908797241493,0.0820072937034896,87,48,39,369,45,NA,NA,"Without Controls","Expect In-Party Loss","Polynomial Degree Sensitivity",NA,2,"Liberal Democratic Norms Index (0-1 factor score of 7 ANES items; higher = stronger liberal norm support)","No"
-0.550353138187826,0.300960405305819,0.0674511143782936,-0.661608728046936,0.300960405305819,0.0279259670901536,-0.661608728046936,0.366926816920619,0.0713712340230766,99,57,42,369,45,NA,NA,"Without Controls","Expect In-Party Loss","Polynomial Degree Sensitivity",NA,3,"Liberal Democratic Norms Index (0-1 factor score of 7 ANES items; higher = stronger liberal norm support)","No"
-0.0108456963932625,0.0985516261068793,0.912368997658413,-0.0625789415672369,0.0985516261068793,0.525437289646845,-0.0625789415672369,0.122706823126868,0.610060244196823,64,36,28,348,45,NA,NA,"With Controls","Expect In-Party Loss","Polynomial Degree Sensitivity",NA,1,"Liberal Democratic Norms Index (0-1 factor score of 7 ANES items; higher = stronger liberal norm support)","No"
-0.0745367058241802,0.12326599022611,0.545390416478177,-0.155573394144597,0.12326599022611,0.206914591938064,-0.155573394144597,0.147687314452506,0.292159016019367,89,48,41,348,45,NA,NA,"With Controls","Expect In-Party Loss","Polynomial Degree Sensitivity",NA,2,"Liberal Democratic Norms Index (0-1 factor score of 7 ANES items; higher = stronger liberal norm support)","No"
-0.298658986187096,0.172918294124613,0.0841374524757554,-0.398083294070343,0.172918294124613,0.0213268960554994,-0.398083294070343,0.201458526389633,0.0481540767552404,93,52,41,348,45,NA,NA,"With Controls","Expect In-Party Loss","Polynomial Degree Sensitivity",NA,3,"Liberal Democratic Norms Index (0-1 factor score of 7 ANES items; higher = stronger liberal norm support)","No"
