"Estimate_Conventional","SE_Conventional","PValue_Conventional","Estimate_BiasCorrected","SE_BiasCorrected","PValue_BiasCorrected","Estimate_BC_RobustSE","SE_BC_RobustSE","PValue_BC_RobustSE","N_within_bw","N_left_bw","N_right_bw","N_total_left","N_total_right","Bandwidth","Optimal_Bandwidth_h","Controls","Sample","Check_Type","Placebo_Cutoff","Polynomial_Degree","Outcome","Weighted"
0.0270237941779259,0.0952779108820017,0.776692976341925,0.104297257005496,0.0952779108820017,0.27366405912613,0.104297257005496,0.145687326573596,0.474054370431875,150,76,74,4615,382,375,1249.60070850043,"Without Controls","Full Sample","Bandwidth Sensitivity",NA,NA,"Liberal Democratic Norms Index (0-1 factor score of 7 ANES items; higher = stronger liberal norm support)","No"
0.00880158615662463,0.0812342384151537,0.913719463719363,0.0630109726107146,0.0812342384151537,0.437943778312636,0.0630109726107146,0.12520401749132,0.614777000553737,200,105,95,4615,382,487,1249.60070850043,"Without Controls","Full Sample","Bandwidth Sensitivity",NA,NA,"Liberal Democratic Norms Index (0-1 factor score of 7 ANES items; higher = stronger liberal norm support)","No"
0.0238041640549933,0.0703461548145298,0.735072214607762,0.0148821764870339,0.0703461548145298,0.832453157930075,0.0148821764870339,0.110970198862917,0.893315855036655,251,135,116,4615,382,598,1249.60070850043,"Without Controls","Full Sample","Bandwidth Sensitivity",NA,NA,"Liberal Democratic Norms Index (0-1 factor score of 7 ANES items; higher = stronger liberal norm support)","No"
0.0313568889881319,0.0626542386712575,0.616740555242828,0.0117442688731093,0.0626542386712575,0.851311178507678,0.0117442688731093,0.10127756542969,0.90768328552697,295,165,130,4615,382,710,1249.60070850043,"Without Controls","Full Sample","Bandwidth Sensitivity",NA,NA,"Liberal Democratic Norms Index (0-1 factor score of 7 ANES items; higher = stronger liberal norm support)","No"
0.0351322552901878,0.0569671750174987,0.537425690777124,0.0148581136818773,0.0569671750174987,0.79423219904158,0.0148581136818773,0.0929551928471735,0.873005794575399,332,187,145,4615,382,822,1249.60070850043,"Without Controls","Full Sample","Bandwidth Sensitivity",NA,NA,"Liberal Democratic Norms Index (0-1 factor score of 7 ANES items; higher = stronger liberal norm support)","No"
0.0370867082491262,0.0525651307062526,0.480475361611176,0.0193048817756172,0.0525651307062526,0.713427757205766,0.0193048817756172,0.0862071852113235,0.822807197371574,367,210,157,4615,382,934,1249.60070850043,"Without Controls","Full Sample","Bandwidth Sensitivity",NA,NA,"Liberal Democratic Norms Index (0-1 factor score of 7 ANES items; higher = stronger liberal norm support)","No"
0.0392167648918371,0.0487372557940854,0.421017748010439,0.0203466609851681,0.0487372557940854,0.676329879457671,0.0203466609851681,0.0800041789700723,0.799248367358888,411,243,168,4615,382,1046,1249.60070850043,"Without Controls","Full Sample","Bandwidth Sensitivity",NA,NA,"Liberal Democratic Norms Index (0-1 factor score of 7 ANES items; higher = stronger liberal norm support)","No"
0.0368951994337106,0.0451420624587713,0.413749516964491,0.0305375144298177,0.0451420624587713,0.498738582983368,0.0305375144298177,0.0742861431145514,0.681014203191373,451,267,184,4615,382,1158,1249.60070850043,"Without Controls","Full Sample","Bandwidth Sensitivity",NA,NA,"Liberal Democratic Norms Index (0-1 factor score of 7 ANES items; higher = stronger liberal norm support)","No"
0.0364256307148574,0.0421697241918299,0.387705286255747,0.0325792205084849,0.0421697241918299,0.439774704999185,0.0325792205084849,0.0700090220705419,0.641675494511423,494,298,196,4615,382,1269,1249.60070850043,"Without Controls","Full Sample","Bandwidth Sensitivity",NA,NA,"Liberal Democratic Norms Index (0-1 factor score of 7 ANES items; higher = stronger liberal norm support)","No"
0.036620642533465,0.0400212106185352,0.360175432723941,0.0328429466440054,0.0400212106185352,0.411852205430594,0.0328429466440054,0.0669000127191105,0.62347888220906,527,321,206,4615,382,1381,1249.60070850043,"Without Controls","Full Sample","Bandwidth Sensitivity",NA,NA,"Liberal Democratic Norms Index (0-1 factor score of 7 ANES items; higher = stronger liberal norm support)","No"
0.0381173532377512,0.0380681706038519,0.316685677738011,0.0313431852174122,0.0380681706038519,0.410312617446474,0.0313431852174122,0.0633837393106672,0.62095392924319,572,347,225,4615,382,1493,1249.60070850043,"Without Controls","Full Sample","Bandwidth Sensitivity",NA,NA,"Liberal Democratic Norms Index (0-1 factor score of 7 ANES items; higher = stronger liberal norm support)","No"
0.0418110271987404,0.0362902635635744,0.249268496633714,0.0272278768793806,0.0362902635635744,0.453085787946877,0.0272278768793806,0.0600400738941062,0.65019230013306,618,383,235,4615,382,1605,1249.60070850043,"Without Controls","Full Sample","Bandwidth Sensitivity",NA,NA,"Liberal Democratic Norms Index (0-1 factor score of 7 ANES items; higher = stronger liberal norm support)","No"
0.0437907598447695,0.0348234981778143,0.208570447551063,0.0275055391823702,0.0348234981778143,0.429612034474245,0.0275055391823702,0.0573039747851469,0.631231968289276,656,409,247,4615,382,1717,1249.60070850043,"Without Controls","Full Sample","Bandwidth Sensitivity",NA,NA,"Liberal Democratic Norms Index (0-1 factor score of 7 ANES items; higher = stronger liberal norm support)","No"
0.0431910084662264,0.0335726327565727,0.198270525921873,0.0318662936641243,0.0335726327565727,0.342531766289735,0.0318662936641243,0.0548921551220918,0.561560321903243,696,437,259,4615,382,1828,1249.60070850043,"Without Controls","Full Sample","Bandwidth Sensitivity",NA,NA,"Liberal Democratic Norms Index (0-1 factor score of 7 ANES items; higher = stronger liberal norm support)","No"
0.0423107079583946,0.0325383601215815,0.193486814733621,0.0351981623549531,0.0325383601215815,0.279366480178794,0.0351981623549531,0.0529087854426851,0.505883439502298,729,461,268,4615,382,1940,1249.60070850043,"Without Controls","Full Sample","Bandwidth Sensitivity",NA,NA,"Liberal Democratic Norms Index (0-1 factor score of 7 ANES items; higher = stronger liberal norm support)","No"
0.0423177341943346,0.0315940330477468,0.18043342134388,0.0365896255125209,0.0315940330477468,0.246815793057403,0.0365896255125209,0.0509269318518694,0.472465689916499,763,482,281,4615,382,2052,1249.60070850043,"Without Controls","Full Sample","Bandwidth Sensitivity",NA,NA,"Liberal Democratic Norms Index (0-1 factor score of 7 ANES items; higher = stronger liberal norm support)","No"
0.0422723973883978,0.0306813126690977,0.168268218871486,0.0381761280355002,0.0306813126690977,0.213396717407478,0.0381761280355002,0.0489386323997419,0.4353428296269,798,502,296,4615,382,2164,1249.60070850043,"Without Controls","Full Sample","Bandwidth Sensitivity",NA,NA,"Liberal Democratic Norms Index (0-1 factor score of 7 ANES items; higher = stronger liberal norm support)","No"
0.0429679043911955,0.0298027671216037,0.149375139032021,0.0382770337657556,0.0298027671216037,0.199021281806677,0.0382770337657556,0.047115620687935,0.416558450989282,840,526,314,4615,382,2276,1249.60070850043,"Without Controls","Full Sample","Bandwidth Sensitivity",NA,NA,"Liberal Democratic Norms Index (0-1 factor score of 7 ANES items; higher = stronger liberal norm support)","No"
0.0422543045631791,0.0290028241662169,0.14514312900765,0.0403869672809245,0.0290028241662169,0.163765463544408,0.0403869672809245,0.0455864891619138,0.375648996172624,877,553,324,4615,382,2387,1249.60070850043,"Without Controls","Full Sample","Bandwidth Sensitivity",NA,NA,"Liberal Democratic Norms Index (0-1 factor score of 7 ANES items; higher = stronger liberal norm support)","No"
0.0416080668100611,0.0282541393410348,0.140849173363138,0.0420556891601038,0.0282541393410348,0.136624652749534,0.0420556891601038,0.0441947557153121,0.3413003450786,919,575,344,4615,382,2499,1249.60070850043,"Without Controls","Full Sample","Bandwidth Sensitivity",NA,NA,"Liberal Democratic Norms Index (0-1 factor score of 7 ANES items; higher = stronger liberal norm support)","No"
0.068366169983128,0.0790277178204256,0.386988826409779,0.114995570659517,0.0790277178204256,0.145633388664008,0.114995570659517,0.116183548956723,0.322284113278339,147,75,72,4410,372,375,1249.60070850043,"With Controls","Full Sample","Bandwidth Sensitivity",NA,NA,"Liberal Democratic Norms Index (0-1 factor score of 7 ANES items; higher = stronger liberal norm support)","No"
0.0485174700841203,0.0689515427201564,0.48165332149793,0.0947959729836727,0.0689515427201564,0.169187197463266,0.0947959729836727,0.103058742115684,0.357664391673938,196,103,93,4410,372,487,1249.60070850043,"With Controls","Full Sample","Bandwidth Sensitivity",NA,NA,"Liberal Democratic Norms Index (0-1 factor score of 7 ANES items; higher = stronger liberal norm support)","No"
0.0530974917846219,0.0601429520927203,0.377314747076012,0.0553074488364226,0.0601429520927203,0.357781912851335,0.0553074488364226,0.0920705238505717,0.548034861641567,246,132,114,4410,372,598,1249.60070850043,"With Controls","Full Sample","Bandwidth Sensitivity",NA,NA,"Liberal Democratic Norms Index (0-1 factor score of 7 ANES items; higher = stronger liberal norm support)","No"
0.060235571784668,0.0541952236542716,0.266372394864725,0.046366172425487,0.0541952236542716,0.392252364203515,0.046366172425487,0.0845592474147022,0.583466953116381,285,158,127,4410,372,710,1249.60070850043,"With Controls","Full Sample","Bandwidth Sensitivity",NA,NA,"Liberal Democratic Norms Index (0-1 factor score of 7 ANES items; higher = stronger liberal norm support)","No"
0.060662010267679,0.0498589639304427,0.223728998995916,0.0496172280193528,0.0498589639304427,0.319662534738883,0.0496172280193528,0.0781091246728091,0.525278680794962,322,180,142,4410,372,822,1249.60070850043,"With Controls","Full Sample","Bandwidth Sensitivity",NA,NA,"Liberal Democratic Norms Index (0-1 factor score of 7 ANES items; higher = stronger liberal norm support)","No"
0.0594839923671433,0.0463602583331991,0.199463505043936,0.0521438911575655,0.0463602583331991,0.260693244864687,0.0521438911575655,0.0728072493287858,0.473873466599781,356,202,154,4410,372,934,1249.60070850043,"With Controls","Full Sample","Bandwidth Sensitivity",NA,NA,"Liberal Democratic Norms Index (0-1 factor score of 7 ANES items; higher = stronger liberal norm support)","No"
0.057913558101047,0.0431805539173651,0.179857035900236,0.0517124342076031,0.0431805539173651,0.231078162611232,0.0517124342076031,0.0678651850329318,0.446067363265149,400,235,165,4410,372,1046,1249.60070850043,"With Controls","Full Sample","Bandwidth Sensitivity",NA,NA,"Liberal Democratic Norms Index (0-1 factor score of 7 ANES items; higher = stronger liberal norm support)","No"
0.0506115306594393,0.040337714292161,0.209589481500139,0.0606993504070866,0.040337714292161,0.132380872425346,0.0606993504070866,0.0637557182579408,0.341065907060861,438,259,179,4410,372,1158,1249.60070850043,"With Controls","Full Sample","Bandwidth Sensitivity",NA,NA,"Liberal Democratic Norms Index (0-1 factor score of 7 ANES items; higher = stronger liberal norm support)","No"
0.0444927744714352,0.037962046729071,0.241183776103587,0.0629117789744831,0.037962046729071,0.0974733226967185,0.0629117789744831,0.0605319185939126,0.298657892240501,481,290,191,4410,372,1269,1249.60070850043,"With Controls","Full Sample","Bandwidth Sensitivity",NA,NA,"Liberal Democratic Norms Index (0-1 factor score of 7 ANES items; higher = stronger liberal norm support)","No"
0.0409761636153929,0.0362362244322724,0.258136479724377,0.061423012711888,0.0362362244322724,0.0900617458855107,0.061423012711888,0.0581470996536409,0.290813649924232,514,313,201,4410,372,1381,1249.60070850043,"With Controls","Full Sample","Bandwidth Sensitivity",NA,NA,"Liberal Democratic Norms Index (0-1 factor score of 7 ANES items; higher = stronger liberal norm support)","No"
0.0400366051115286,0.0346428599746545,0.247805638146515,0.0555063799399974,0.0346428599746545,0.10910124639907,0.0555063799399974,0.0553825225461635,0.316229432112117,558,338,220,4410,372,1493,1249.60070850043,"With Controls","Full Sample","Bandwidth Sensitivity",NA,NA,"Liberal Democratic Norms Index (0-1 factor score of 7 ANES items; higher = stronger liberal norm support)","No"
0.0415550365185161,0.0331673356321722,0.210245594856794,0.0487117000492319,0.0331673356321722,0.141923715503625,0.0487117000492319,0.0527542201968404,0.355814067079846,602,373,229,4410,372,1605,1249.60070850043,"With Controls","Full Sample","Bandwidth Sensitivity",NA,NA,"Liberal Democratic Norms Index (0-1 factor score of 7 ANES items; higher = stronger liberal norm support)","No"
0.0421173795464423,0.0319438391527005,0.187342319401175,0.0466103377475879,0.0319438391527005,0.144528264768139,0.0466103377475879,0.0506135311555781,0.35709916301966,639,398,241,4410,372,1717,1249.60070850043,"With Controls","Full Sample","Bandwidth Sensitivity",NA,NA,"Liberal Democratic Norms Index (0-1 factor score of 7 ANES items; higher = stronger liberal norm support)","No"
0.0408814354373797,0.0308798640749277,0.185540739526685,0.0478865404739207,0.0308798640749277,0.120964780442954,0.0478865404739207,0.0486977435107825,0.325439105455594,678,426,252,4410,372,1828,1249.60070850043,"With Controls","Full Sample","Bandwidth Sensitivity",NA,NA,"Liberal Democratic Norms Index (0-1 factor score of 7 ANES items; higher = stronger liberal norm support)","No"
0.0397591733595174,0.0299868020802841,0.184876441284091,0.0485086406563231,0.0299868020802841,0.105734521694484,0.0485086406563231,0.0471097761958192,0.303153804948252,710,449,261,4410,372,1940,1249.60070850043,"With Controls","Full Sample","Bandwidth Sensitivity",NA,NA,"Liberal Democratic Norms Index (0-1 factor score of 7 ANES items; higher = stronger liberal norm support)","No"
0.0392181078229693,0.0291674574624758,0.178759489110022,0.0485414881309117,0.0291674574624758,0.0960655819652568,0.0485414881309117,0.0455229550916614,0.286284464764078,743,469,274,4410,372,2052,1249.60070850043,"With Controls","Full Sample","Bandwidth Sensitivity",NA,NA,"Liberal Democratic Norms Index (0-1 factor score of 7 ANES items; higher = stronger liberal norm support)","No"
0.0383626225158258,0.0283615197357133,0.176174087944816,0.0492657516553175,0.0283615197357133,0.08237601959893,0.0492657516553175,0.043911526941824,0.261891310807149,778,489,289,4410,372,2164,1249.60070850043,"With Controls","Full Sample","Bandwidth Sensitivity",NA,NA,"Liberal Democratic Norms Index (0-1 factor score of 7 ANES items; higher = stronger liberal norm support)","No"
0.0388119305184144,0.0275972269094713,0.159614084748122,0.0475455955797233,0.0275972269094713,0.0849175340217535,0.0475455955797233,0.0424752784722971,0.262981891056821,817,512,305,4410,372,2276,1249.60070850043,"With Controls","Full Sample","Bandwidth Sensitivity",NA,NA,"Liberal Democratic Norms Index (0-1 factor score of 7 ANES items; higher = stronger liberal norm support)","No"
0.03779901116178,0.0268800956807156,0.159662307738206,0.0484818496744383,0.0268800956807156,0.0712887304696254,0.0484818496744383,0.041221477939537,0.239542613247918,853,538,315,4410,372,2387,1249.60070850043,"With Controls","Full Sample","Bandwidth Sensitivity",NA,NA,"Liberal Democratic Norms Index (0-1 factor score of 7 ANES items; higher = stronger liberal norm support)","No"
0.0367465306137333,0.0261981847478889,0.16072525659355,0.0492503035980719,0.0261981847478889,0.0601199592127186,0.0492503035980719,0.040060473416021,0.218922267083825,895,560,335,4410,372,2499,1249.60070850043,"With Controls","Full Sample","Bandwidth Sensitivity",NA,NA,"Liberal Democratic Norms Index (0-1 factor score of 7 ANES items; higher = stronger liberal norm support)","No"
-0.0369275931987918,0.0379473176325534,0.330489743342042,-0.0385568898070965,0.0379473176325534,0.3095990806518,-0.0385568898070965,0.0466276678319592,0.40828801423267,603,314,289,4443,554,NA,NA,"Without Controls","Full Sample","Placebo Cutoff Test",-730,NA,"Liberal Democratic Norms Index (0-1 factor score of 7 ANES items; higher = stronger liberal norm support)","No"
-0.0221887429515388,0.0369553948816969,0.548226636934618,-0.0292956303101619,0.0369553948816969,0.427935461088445,-0.0292956303101619,0.043521533564451,0.50086487582535,587,346,241,4541,456,NA,NA,"Without Controls","Full Sample","Placebo Cutoff Test",-365,NA,"Liberal Democratic Norms Index (0-1 factor score of 7 ANES items; higher = stronger liberal norm support)","No"
0.0387725157812069,0.0503420796712943,0.441192503201521,0.03380197262486,0.0503420796712943,0.501936643931821,0.03380197262486,0.06167714223342,0.58365963272389,390,226,164,4615,382,NA,NA,"Without Controls","Full Sample","Placebo Cutoff Test",0,NA,"Liberal Democratic Norms Index (0-1 factor score of 7 ANES items; higher = stronger liberal norm support)","No"
-0.0136327877690039,0.0376416106845334,0.717222502631911,-0.0240610363036728,0.0376416106845334,0.522683867948223,-0.0240610363036728,0.0446255919996879,0.589765602680883,354,222,132,4689,308,NA,NA,"Without Controls","Full Sample","Placebo Cutoff Test",365,NA,"Liberal Democratic Norms Index (0-1 factor score of 7 ANES items; higher = stronger liberal norm support)","No"
-0.000732209824060526,0.0404397519550279,0.985554140021492,0.00113356276741206,0.0404397519550279,0.977637503736151,0.00113356276741206,0.0513216328466458,0.982378216633562,373,235,138,4745,252,NA,NA,"Without Controls","Full Sample","Placebo Cutoff Test",730,NA,"Liberal Democratic Norms Index (0-1 factor score of 7 ANES items; higher = stronger liberal norm support)","No"
-0.0303885130915778,0.034205634942499,0.37432205677239,-0.0277534707802673,0.034205634942499,0.417152470743026,-0.0277534707802673,0.0419679769041442,0.508419213437493,585,306,279,4245,537,NA,NA,"With Controls","Full Sample","Placebo Cutoff Test",-730,NA,"Liberal Democratic Norms Index (0-1 factor score of 7 ANES items; higher = stronger liberal norm support)","No"
-0.0107547699921205,0.0354192309066435,0.761400566503661,-0.00935988950812134,0.0354192309066435,0.791579503150358,-0.00935988950812134,0.0423736422166981,0.825178530881308,580,342,238,4337,445,NA,NA,"With Controls","Full Sample","Placebo Cutoff Test",-365,NA,"Liberal Democratic Norms Index (0-1 factor score of 7 ANES items; higher = stronger liberal norm support)","No"
0.0453756760148188,0.0383206015289508,0.236370879947794,0.0500709122723748,0.0383206015289508,0.191337829125265,0.0500709122723748,0.0472163117752933,0.288936319311791,479,288,191,4410,372,NA,NA,"With Controls","Full Sample","Placebo Cutoff Test",0,NA,"Liberal Democratic Norms Index (0-1 factor score of 7 ANES items; higher = stronger liberal norm support)","No"
-0.0239641437077839,0.0350278623479282,0.493883485548405,-0.0350486672650987,0.0350278623479282,0.317023154567013,-0.0350486672650987,0.0415503571426578,0.398936205011179,333,208,125,4482,300,NA,NA,"With Controls","Full Sample","Placebo Cutoff Test",365,NA,"Liberal Democratic Norms Index (0-1 factor score of 7 ANES items; higher = stronger liberal norm support)","No"
0.011510871930971,0.0394082477622239,0.770215545446407,0.0106419504684975,0.0394082477622239,0.787126606325321,0.0106419504684975,0.0502456064911069,0.83226413970507,341,213,128,4537,245,NA,NA,"With Controls","Full Sample","Placebo Cutoff Test",730,NA,"Liberal Democratic Norms Index (0-1 factor score of 7 ANES items; higher = stronger liberal norm support)","No"
0.0387725157812069,0.0503420796712943,0.441192503201521,0.03380197262486,0.0503420796712943,0.501936643931821,0.03380197262486,0.06167714223342,0.58365963272389,390,226,164,4615,382,NA,NA,"Without Controls","Full Sample","Polynomial Degree Sensitivity",NA,1,"Liberal Democratic Norms Index (0-1 factor score of 7 ANES items; higher = stronger liberal norm support)","No"
0.0324832518685092,0.0706423576522144,0.645640518580174,0.0343271052765801,0.0706423576522144,0.627018158081528,0.0343271052765801,0.0822907419714074,0.67657294079572,491,295,196,4615,382,NA,NA,"Without Controls","Full Sample","Polynomial Degree Sensitivity",NA,2,"Liberal Democratic Norms Index (0-1 factor score of 7 ANES items; higher = stronger liberal norm support)","No"
0.0209502572051097,0.092101787943987,0.820059446661362,0.019175777906618,0.092101787943987,0.835071234716301,0.019175777906618,0.10393796483792,0.853627088203075,548,336,212,4615,382,NA,NA,"Without Controls","Full Sample","Polynomial Degree Sensitivity",NA,3,"Liberal Democratic Norms Index (0-1 factor score of 7 ANES items; higher = stronger liberal norm support)","No"
0.0453756760148188,0.0383206015289508,0.236370879947794,0.0500709122723748,0.0383206015289508,0.191337829125265,0.0500709122723748,0.0472163117752933,0.288936319311791,479,288,191,4410,372,NA,NA,"With Controls","Full Sample","Polynomial Degree Sensitivity",NA,1,"Liberal Democratic Norms Index (0-1 factor score of 7 ANES items; higher = stronger liberal norm support)","No"
0.0618052082727037,0.0583945973483646,0.28987025977273,0.0649173369748004,0.0583945973483646,0.266266695041673,0.0649173369748004,0.0674837442039203,0.336064677074942,512,311,201,4410,372,NA,NA,"With Controls","Full Sample","Polynomial Degree Sensitivity",NA,2,"Liberal Democratic Norms Index (0-1 factor score of 7 ANES items; higher = stronger liberal norm support)","No"
0.045768583878408,0.078880800966199,0.561763143437413,0.0381651265995877,0.078880800966199,0.628504464800906,0.0381651265995877,0.0885423758395548,0.666440756779505,528,324,204,4410,372,NA,NA,"With Controls","Full Sample","Polynomial Degree Sensitivity",NA,3,"Liberal Democratic Norms Index (0-1 factor score of 7 ANES items; higher = stronger liberal norm support)","No"
-0.0123969824346797,0.0981811605363334,0.899521046250246,-0.0703363404690516,0.0981811605363334,0.473748437316713,-0.0703363404690516,0.137967919512713,0.610190087051549,60,35,25,1016,91,547,1823.66197889298,"Without Controls","Independents","Bandwidth Sensitivity",NA,NA,"Liberal Democratic Norms Index (0-1 factor score of 7 ANES items; higher = stronger liberal norm support)","No"
0.00257816228003738,0.0845588289183309,0.975676611953294,-0.0313531657422406,0.0845588289183309,0.710797495164568,-0.0313531657422406,0.127435275145364,0.805657399758762,73,43,30,1016,91,710,1823.66197889298,"Without Controls","Independents","Bandwidth Sensitivity",NA,NA,"Liberal Democratic Norms Index (0-1 factor score of 7 ANES items; higher = stronger liberal norm support)","No"
-0.00510987276505315,0.0768974379239141,0.947019170319537,-0.00128225106708579,0.0768974379239141,0.986696033736173,-0.00128225106708579,0.115307779830761,0.991127508954221,85,50,35,1016,91,873,1823.66197889298,"Without Controls","Independents","Bandwidth Sensitivity",NA,NA,"Liberal Democratic Norms Index (0-1 factor score of 7 ANES items; higher = stronger liberal norm support)","No"
-0.0236661270429388,0.0716642870028515,0.741221651780739,0.00745704093515842,0.0716642870028515,0.917125551669247,0.00745704093515842,0.104416548551176,0.943066457187084,101,63,38,1016,91,1037,1823.66197889298,"Without Controls","Independents","Bandwidth Sensitivity",NA,NA,"Liberal Democratic Norms Index (0-1 factor score of 7 ANES items; higher = stronger liberal norm support)","No"
-0.0260977775832724,0.0664182310443186,0.694370493083629,-0.00520711320942069,0.0664182310443186,0.937510784972603,-0.00520711320942069,0.0955492501731952,0.956539484500702,118,76,42,1016,91,1200,1823.66197889298,"Without Controls","Independents","Bandwidth Sensitivity",NA,NA,"Liberal Democratic Norms Index (0-1 factor score of 7 ANES items; higher = stronger liberal norm support)","No"
-0.0260658234481266,0.0625330463010397,0.676800724868844,-0.0124782802481849,0.0625330463010397,0.841834901127767,-0.0124782802481849,0.0897277312791162,0.889396202398921,136,89,47,1016,91,1363,1823.66197889298,"Without Controls","Independents","Bandwidth Sensitivity",NA,NA,"Liberal Democratic Norms Index (0-1 factor score of 7 ANES items; higher = stronger liberal norm support)","No"
-0.026404007485043,0.0594213660200494,0.656788054602408,-0.0204044782851877,0.0594213660200494,0.73130792461007,-0.0204044782851877,0.0849531288051463,0.81018674087277,155,101,54,1016,91,1526,1823.66197889298,"Without Controls","Independents","Bandwidth Sensitivity",NA,NA,"Liberal Democratic Norms Index (0-1 factor score of 7 ANES items; higher = stronger liberal norm support)","No"
-0.0144365818958097,0.0573514736148155,0.801256567474447,-0.0389405350197526,0.0573514736148155,0.497150186733426,-0.0389405350197526,0.081127227264022,0.631232074037564,172,115,57,1016,91,1689,1823.66197889298,"Without Controls","Independents","Bandwidth Sensitivity",NA,NA,"Liberal Democratic Norms Index (0-1 factor score of 7 ANES items; higher = stronger liberal norm support)","No"
-0.00904997791225548,0.0559722674424211,0.87155248434646,-0.0408996171748199,0.0559722674424211,0.464954978552057,-0.0408996171748199,0.078083310647439,0.600421403363708,184,123,61,1016,91,1852,1823.66197889298,"Without Controls","Independents","Bandwidth Sensitivity",NA,NA,"Liberal Democratic Norms Index (0-1 factor score of 7 ANES items; higher = stronger liberal norm support)","No"
-0.00678713134824493,0.0546547568155199,0.901171255864118,-0.0364553104495743,0.0546547568155199,0.504765265496951,-0.0364553104495743,0.0749246360427942,0.626570369449575,195,129,66,1016,91,2016,1823.66197889298,"Without Controls","Independents","Bandwidth Sensitivity",NA,NA,"Liberal Democratic Norms Index (0-1 factor score of 7 ANES items; higher = stronger liberal norm support)","No"
-0.00542959014101896,0.0534630367977839,0.919107651042637,-0.0312894609840729,0.0534630367977839,0.558376879252475,-0.0312894609840729,0.0725392775316413,0.666217471459687,203,133,70,1016,91,2179,1823.66197889298,"Without Controls","Independents","Bandwidth Sensitivity",NA,NA,"Liberal Democratic Norms Index (0-1 factor score of 7 ANES items; higher = stronger liberal norm support)","No"
-0.00580240929292009,0.0520989592501315,0.911320692934434,-0.0228118036014823,0.0520989592501315,0.661491206117627,-0.0228118036014823,0.0698387771509872,0.74394380968111,220,147,73,1016,91,2342,1823.66197889298,"Without Controls","Independents","Bandwidth Sensitivity",NA,NA,"Liberal Democratic Norms Index (0-1 factor score of 7 ANES items; higher = stronger liberal norm support)","No"
-0.0103760332608539,0.0505920910022663,0.837500244607569,-0.0103378403480803,0.0505920910022663,0.838090092438882,-0.0103378403480803,0.0675357529342102,0.87834140794168,238,155,83,1016,91,2505,1823.66197889298,"Without Controls","Independents","Bandwidth Sensitivity",NA,NA,"Liberal Democratic Norms Index (0-1 factor score of 7 ANES items; higher = stronger liberal norm support)","No"
-0.0152254451160163,0.0491301442529506,0.756636795203261,-0.00313985489706736,0.0491301442529506,0.949042742562417,-0.00313985489706736,0.0659607160471558,0.962033523954997,250,165,85,1016,91,2668,1823.66197889298,"Without Controls","Independents","Bandwidth Sensitivity",NA,NA,"Liberal Democratic Norms Index (0-1 factor score of 7 ANES items; higher = stronger liberal norm support)","No"
-0.0190834423875973,0.0480408600564926,0.691195228454321,0.000753057105533417,0.0480408600564926,0.987493395589855,0.000753057105533417,0.0649397376367233,0.990747742543378,260,171,89,1016,91,2831,1823.66197889298,"Without Controls","Independents","Bandwidth Sensitivity",NA,NA,"Liberal Democratic Norms Index (0-1 factor score of 7 ANES items; higher = stronger liberal norm support)","No"
-0.0221000867068828,0.0470949987684191,0.638879438657618,0.00218457763161084,0.0470949987684191,0.963002103776204,0.00218457763161084,0.0640116191346304,0.972775216577936,267,176,91,1016,91,2995,1823.66197889298,"Without Controls","Independents","Bandwidth Sensitivity",NA,NA,"Liberal Democratic Norms Index (0-1 factor score of 7 ANES items; higher = stronger liberal norm support)","No"
-0.0235226100856952,0.0463375292836557,0.611708456321219,0.00148866450204765,0.0463375292836557,0.974371138230176,0.00148866450204765,0.0631329133938325,0.981187746643273,275,184,91,1016,91,3158,1823.66197889298,"Without Controls","Independents","Bandwidth Sensitivity",NA,NA,"Liberal Democratic Norms Index (0-1 factor score of 7 ANES items; higher = stronger liberal norm support)","No"
-0.0228911592082096,0.0456402952591244,0.615979949460041,-0.00173094675341079,0.0456402952591244,0.969746806719777,-0.00173094675341079,0.0622525027652662,0.977817474192795,285,194,91,1016,91,3321,1823.66197889298,"Without Controls","Independents","Bandwidth Sensitivity",NA,NA,"Liberal Democratic Norms Index (0-1 factor score of 7 ANES items; higher = stronger liberal norm support)","No"
-0.0226603348066375,0.0449522952167733,0.614192939167645,-0.00230254866853297,0.0449522952167733,0.959148582338448,-0.00230254866853297,0.0614136522758442,0.970092354993425,299,208,91,1016,91,3484,1823.66197889298,"Without Controls","Independents","Bandwidth Sensitivity",NA,NA,"Liberal Democratic Norms Index (0-1 factor score of 7 ANES items; higher = stronger liberal norm support)","No"
-0.0225701205163534,0.0442994141345637,0.610408615998751,-0.00183087977084895,0.0442994141345637,0.967033087168156,-0.00183087977084895,0.0607066451507874,0.975939878275898,313,222,91,1016,91,3647,1823.66197889298,"Without Controls","Independents","Bandwidth Sensitivity",NA,NA,"Liberal Democratic Norms Index (0-1 factor score of 7 ANES items; higher = stronger liberal norm support)","No"
0.000151149254207263,0.0742118091827275,0.998374927464278,0.00636228870783619,0.0742118091827275,0.931679871757713,0.00636228870783619,0.0917245248969575,0.944700675449801,57,33,24,956,88,547,1823.66197889298,"With Controls","Independents","Bandwidth Sensitivity",NA,NA,"Liberal Democratic Norms Index (0-1 factor score of 7 ANES items; higher = stronger liberal norm support)","No"
-0.00474940178960589,0.068983900213339,0.945110630678266,0.0179157613570094,0.068983900213339,0.795088008075519,0.0179157613570094,0.0935385626453156,0.848107695183216,67,39,28,956,88,710,1823.66197889298,"With Controls","Independents","Bandwidth Sensitivity",NA,NA,"Liberal Democratic Norms Index (0-1 factor score of 7 ANES items; higher = stronger liberal norm support)","No"
-0.0333606456298786,0.0657257385664841,0.611752452599307,0.0285912129835214,0.0657257385664841,0.663556721085655,0.0285912129835214,0.086955222066228,0.742303942516447,79,46,33,956,88,873,1823.66197889298,"With Controls","Independents","Bandwidth Sensitivity",NA,NA,"Liberal Democratic Norms Index (0-1 factor score of 7 ANES items; higher = stronger liberal norm support)","No"
-0.06118102587542,0.0613480350158088,0.318629745845051,0.00560110595922569,0.0613480350158088,0.927253824744536,0.00560110595922569,0.0808536703469773,0.944771040589677,95,59,36,956,88,1037,1823.66197889298,"With Controls","Independents","Bandwidth Sensitivity",NA,NA,"Liberal Democratic Norms Index (0-1 factor score of 7 ANES items; higher = stronger liberal norm support)","No"
-0.0471660926042796,0.0570667179166877,0.408516044310253,-0.0272336612072896,0.0570667179166877,0.633201951325066,-0.0272336612072896,0.076145955832292,0.720604664600584,111,72,39,956,88,1200,1823.66197889298,"With Controls","Independents","Bandwidth Sensitivity",NA,NA,"Liberal Democratic Norms Index (0-1 factor score of 7 ANES items; higher = stronger liberal norm support)","No"
-0.036624884262173,0.0544143795468228,0.500900445846262,-0.032097587842819,0.0544143795468228,0.555275617736555,-0.032097587842819,0.0731524945288476,0.660823565731531,129,85,44,956,88,1363,1823.66197889298,"With Controls","Independents","Bandwidth Sensitivity",NA,NA,"Liberal Democratic Norms Index (0-1 factor score of 7 ANES items; higher = stronger liberal norm support)","No"
-0.0256709316245492,0.0527224087505563,0.626323945730872,-0.0375380267199907,0.0527224087505563,0.476468632126902,-0.0375380267199907,0.0707932579220026,0.595939570950596,147,96,51,956,88,1526,1823.66197889298,"With Controls","Independents","Bandwidth Sensitivity",NA,NA,"Liberal Democratic Norms Index (0-1 factor score of 7 ANES items; higher = stronger liberal norm support)","No"
-0.00718475687585346,0.0515630236289774,0.889182016593597,-0.0437911699803572,0.0515630236289774,0.395728470983665,-0.0437911699803572,0.0681547178756571,0.520531792121779,163,109,54,956,88,1689,1823.66197889298,"With Controls","Independents","Bandwidth Sensitivity",NA,NA,"Liberal Democratic Norms Index (0-1 factor score of 7 ANES items; higher = stronger liberal norm support)","No"
0.00168520708229992,0.0507932526997014,0.973532821772764,-0.038291592939556,0.0507932526997014,0.450926298612035,-0.038291592939556,0.0661796240624432,0.562858467797768,175,117,58,956,88,1852,1823.66197889298,"With Controls","Independents","Bandwidth Sensitivity",NA,NA,"Liberal Democratic Norms Index (0-1 factor score of 7 ANES items; higher = stronger liberal norm support)","No"
0.0045029873766974,0.0500395381261108,0.928296283545073,-0.0258389318317446,0.0500395381261108,0.605595797828314,-0.0258389318317446,0.0643923621184196,0.688218962643631,185,122,63,956,88,2016,1823.66197889298,"With Controls","Independents","Bandwidth Sensitivity",NA,NA,"Liberal Democratic Norms Index (0-1 factor score of 7 ANES items; higher = stronger liberal norm support)","No"
0.0059145979079527,0.0493529388040379,0.904607620035272,-0.0157225532285084,0.0493529388040379,0.750049724028072,-0.0157225532285084,0.0631470243986923,0.803373715198498,193,126,67,956,88,2179,1823.66197889298,"With Controls","Independents","Bandwidth Sensitivity",NA,NA,"Liberal Democratic Norms Index (0-1 factor score of 7 ANES items; higher = stronger liberal norm support)","No"
0.00502973877605037,0.0483978549573472,0.917229003499803,-0.00472911259719988,0.0483978549573472,0.922159979224778,-0.00472911259719988,0.0614210459837813,0.938627533441446,209,139,70,956,88,2342,1823.66197889298,"With Controls","Independents","Bandwidth Sensitivity",NA,NA,"Liberal Democratic Norms Index (0-1 factor score of 7 ANES items; higher = stronger liberal norm support)","No"
-2.15558457096129e-06,0.0472758895650728,0.999963619771856,0.00863397700583086,0.0472758895650728,0.855088654091701,0.00863397700583086,0.0601158698366095,0.885798763034402,227,147,80,956,88,2505,1823.66197889298,"With Controls","Independents","Bandwidth Sensitivity",NA,NA,"Liberal Democratic Norms Index (0-1 factor score of 7 ANES items; higher = stronger liberal norm support)","No"
-0.00466657034490514,0.0461338086057246,0.919429053970571,0.0161529985569708,0.0461338086057246,0.726238402130698,0.0161529985569708,0.0593228283838428,0.785399231106696,239,157,82,956,88,2668,1823.66197889298,"With Controls","Independents","Bandwidth Sensitivity",NA,NA,"Liberal Democratic Norms Index (0-1 factor score of 7 ANES items; higher = stronger liberal norm support)","No"
-0.00792935022364513,0.0453035026645169,0.861058174205534,0.0210900540978641,0.0453035026645169,0.641553309528832,0.0210900540978641,0.0588965030392788,0.720278435915316,248,162,86,956,88,2831,1823.66197889298,"With Controls","Independents","Bandwidth Sensitivity",NA,NA,"Liberal Democratic Norms Index (0-1 factor score of 7 ANES items; higher = stronger liberal norm support)","No"
-0.0109215482189989,0.0446321534721331,0.806687682477694,0.0250418644870784,0.0446321534721331,0.574748258469576,0.0250418644870784,0.0585655738743466,0.668952000732433,255,167,88,956,88,2995,1823.66197889298,"With Controls","Independents","Bandwidth Sensitivity",NA,NA,"Liberal Democratic Norms Index (0-1 factor score of 7 ANES items; higher = stronger liberal norm support)","No"
-0.0122608059370496,0.0440805145814783,0.780900509615558,0.0256258730611634,0.0440805145814783,0.561009695597779,0.0256258730611634,0.0581024055823687,0.659179203578865,262,174,88,956,88,3158,1823.66197889298,"With Controls","Independents","Bandwidth Sensitivity",NA,NA,"Liberal Democratic Norms Index (0-1 factor score of 7 ANES items; higher = stronger liberal norm support)","No"
-0.0121469621033432,0.0435568022237778,0.780339717319882,0.0238134236807691,0.0435568022237778,0.584570342340936,0.0238134236807691,0.0575233598779134,0.678889986944496,272,184,88,956,88,3321,1823.66197889298,"With Controls","Independents","Bandwidth Sensitivity",NA,NA,"Liberal Democratic Norms Index (0-1 factor score of 7 ANES items; higher = stronger liberal norm support)","No"
-0.0130512018823585,0.0430182475227265,0.761594511943573,0.0239718696003958,0.0430182475227265,0.577357407697797,0.0239718696003958,0.0568977651007036,0.673525236250574,286,198,88,956,88,3484,1823.66197889298,"With Controls","Independents","Bandwidth Sensitivity",NA,NA,"Liberal Democratic Norms Index (0-1 factor score of 7 ANES items; higher = stronger liberal norm support)","No"
-0.0145649212653418,0.0425290863929392,0.731997481603307,0.0253629585712401,0.0425290863929392,0.550929846828114,0.0253629585712401,0.0563780460913006,0.652802044642306,298,210,88,956,88,3647,1823.66197889298,"With Controls","Independents","Bandwidth Sensitivity",NA,NA,"Liberal Democratic Norms Index (0-1 factor score of 7 ANES items; higher = stronger liberal norm support)","No"
0.0746276470340921,0.0684973812842598,0.275935062657948,0.0902235371643012,0.0684973812842598,0.187777530607928,0.0902235371643012,0.0829694002872357,0.276846168242902,160,88,72,972,135,NA,NA,"Without Controls","Independents","Placebo Cutoff Test",-730,NA,"Liberal Democratic Norms Index (0-1 factor score of 7 ANES items; higher = stronger liberal norm support)","No"
0.0306352020170977,0.0569608698692453,0.590695177626219,0.0342173666926919,0.0569608698692453,0.548028449467707,0.0342173666926919,0.0696978197872985,0.623469706364814,170,106,64,995,112,NA,NA,"Without Controls","Independents","Placebo Cutoff Test",-365,NA,"Liberal Democratic Norms Index (0-1 factor score of 7 ANES items; higher = stronger liberal norm support)","No"
-0.0267463633986988,0.0595169726867953,0.653149967624858,-0.0404306364646735,0.0595169726867953,0.496939739987774,-0.0404306364646735,0.0724386552947397,0.576751376638866,154,100,54,1016,91,NA,NA,"Without Controls","Independents","Placebo Cutoff Test",0,NA,"Liberal Democratic Norms Index (0-1 factor score of 7 ANES items; higher = stronger liberal norm support)","No"
-0.118022342932712,0.0800741692784237,0.140505071327852,-0.142984685462539,0.0800741692784237,0.0741554498907251,-0.142984685462539,0.102039147444778,0.161132501134073,144,100,44,1036,71,NA,NA,"Without Controls","Independents","Placebo Cutoff Test",365,NA,"Liberal Democratic Norms Index (0-1 factor score of 7 ANES items; higher = stronger liberal norm support)","No"
0.00112200505093529,0.0736494792757971,0.987845183852273,0.0343111284012978,0.0736494792757971,0.641308113840111,0.0343111284012978,0.0915639905680069,0.707866524359918,133,86,47,1046,61,NA,NA,"Without Controls","Independents","Placebo Cutoff Test",730,NA,"Liberal Democratic Norms Index (0-1 factor score of 7 ANES items; higher = stronger liberal norm support)","No"
0.0698091636647399,0.0655511094535848,0.286895038265457,0.0825552926040591,0.0655511094535848,0.207884648331079,0.0825552926040591,0.082800851974439,0.318747842971028,144,80,64,916,128,NA,NA,"With Controls","Independents","Placebo Cutoff Test",-730,NA,"Liberal Democratic Norms Index (0-1 factor score of 7 ANES items; higher = stronger liberal norm support)","No"
0.0838172079174935,0.0507443355615741,0.0985845138904257,0.0969393859681831,0.0507443355615741,0.0560883046715821,0.0969393859681831,0.0617762946849183,0.116601252421405,157,98,59,936,108,NA,NA,"With Controls","Independents","Placebo Cutoff Test",-365,NA,"Liberal Democratic Norms Index (0-1 factor score of 7 ANES items; higher = stronger liberal norm support)","No"
0.000837687744169213,0.0509296811669465,0.986877043656742,-0.00150024721477209,0.0509296811669465,0.976499931476332,-0.00150024721477209,0.0603856122360317,0.980179037456799,172,114,58,956,88,NA,NA,"With Controls","Independents","Placebo Cutoff Test",0,NA,"Liberal Democratic Norms Index (0-1 factor score of 7 ANES items; higher = stronger liberal norm support)","No"
-0.116886341437781,0.0789613993457382,0.138793939764948,-0.143811045925724,0.0789613993457382,0.0685638653272882,-0.143811045925724,0.101256687764032,0.155531362015544,124,85,39,975,69,NA,NA,"With Controls","Independents","Placebo Cutoff Test",365,NA,"Liberal Democratic Norms Index (0-1 factor score of 7 ANES items; higher = stronger liberal norm support)","No"
0.00767395938200178,0.0691626571533279,0.91165183898086,0.0410168605772965,0.0691626571533279,0.553148206085085,0.0410168605772965,0.0863416252694027,0.634749094301698,128,81,47,984,60,NA,NA,"With Controls","Independents","Placebo Cutoff Test",730,NA,"Liberal Democratic Norms Index (0-1 factor score of 7 ANES items; higher = stronger liberal norm support)","No"
-0.0267463633986988,0.0595169726867953,0.653149967624858,-0.0404306364646735,0.0595169726867953,0.496939739987774,-0.0404306364646735,0.0724386552947397,0.576751376638866,154,100,54,1016,91,NA,NA,"Without Controls","Independents","Polynomial Degree Sensitivity",NA,1,"Liberal Democratic Norms Index (0-1 factor score of 7 ANES items; higher = stronger liberal norm support)","No"
-0.0381958598811956,0.0764488963883538,0.617338414007674,-0.0544233317660145,0.0764488963883538,0.476531866914937,-0.0544233317660145,0.0890365758837696,0.541036132928223,190,127,63,1016,91,NA,NA,"Without Controls","Independents","Polynomial Degree Sensitivity",NA,2,"Liberal Democratic Norms Index (0-1 factor score of 7 ANES items; higher = stronger liberal norm support)","No"
-0.00298817804034712,0.101730984177709,0.976566841077249,0.0168940700393101,0.101730984177709,0.868104914571317,0.0168940700393101,0.113017703405973,0.881173607026743,183,122,61,1016,91,NA,NA,"Without Controls","Independents","Polynomial Degree Sensitivity",NA,3,"Liberal Democratic Norms Index (0-1 factor score of 7 ANES items; higher = stronger liberal norm support)","No"
0.000837687744169213,0.0509296811669465,0.986877043656742,-0.00150024721477209,0.0509296811669465,0.976499931476332,-0.00150024721477209,0.0603856122360317,0.980179037456799,172,114,58,956,88,NA,NA,"With Controls","Independents","Polynomial Degree Sensitivity",NA,1,"Liberal Democratic Norms Index (0-1 factor score of 7 ANES items; higher = stronger liberal norm support)","No"
-0.0356678383063024,0.0646680828730929,0.58125503522205,-0.0588849798667587,0.0646680828730929,0.362520649528985,-0.0588849798667587,0.0749854704493053,0.43228637352333,183,120,63,956,88,NA,NA,"With Controls","Independents","Polynomial Degree Sensitivity",NA,2,"Liberal Democratic Norms Index (0-1 factor score of 7 ANES items; higher = stronger liberal norm support)","No"
-0.0130218900011937,0.0804560256239147,0.871423172671101,0.00878034352079791,0.0804560256239147,0.913097631151667,0.00878034352079791,0.0877352618473218,0.920282636488852,177,118,59,956,88,NA,NA,"With Controls","Independents","Polynomial Degree Sensitivity",NA,3,"Liberal Democratic Norms Index (0-1 factor score of 7 ANES items; higher = stronger liberal norm support)","No"
0.0935025112493708,0.183611755379462,0.610583775989415,0.179200445205047,0.183611755379462,0.329076955220498,0.179200445205047,0.284427915647609,0.52866960721268,70,31,39,3027,227,353,1176.61599110576,"Without Controls","Partisans","Bandwidth Sensitivity",NA,NA,"Liberal Democratic Norms Index (0-1 factor score of 7 ANES items; higher = stronger liberal norm support)","No"
0.0590067846340117,0.152779012014128,0.699331442349806,0.150395650925417,0.152779012014128,0.324918905416287,0.150395650925417,0.245284364963194,0.53977839503869,97,44,53,3027,227,458,1176.61599110576,"Without Controls","Partisans","Bandwidth Sensitivity",NA,NA,"Liberal Democratic Norms Index (0-1 factor score of 7 ANES items; higher = stronger liberal norm support)","No"
0.0645474855144277,0.131738722314184,0.624158008247397,0.0843789697625152,0.131738722314184,0.521846019734362,0.0843789697625152,0.213624136314995,0.692851746107021,130,61,69,3027,227,564,1176.61599110576,"Without Controls","Partisans","Bandwidth Sensitivity",NA,NA,"Liberal Democratic Norms Index (0-1 factor score of 7 ANES items; higher = stronger liberal norm support)","No"
0.0829845237539941,0.113939502815619,0.466417157846361,0.053899185939478,0.113939502815619,0.636176855543437,0.053899185939478,0.191398747238888,0.77824503670429,159,80,79,3027,227,669,1176.61599110576,"Without Controls","Partisans","Bandwidth Sensitivity",NA,NA,"Liberal Democratic Norms Index (0-1 factor score of 7 ANES items; higher = stronger liberal norm support)","No"
0.0913295949745585,0.102736000239424,0.37401725253957,0.0500689367593243,0.102736000239424,0.626006547409378,0.0500689367593243,0.176640690010118,0.77683132688464,177,92,85,3027,227,774,1176.61599110576,"Without Controls","Partisans","Bandwidth Sensitivity",NA,NA,"Liberal Democratic Norms Index (0-1 factor score of 7 ANES items; higher = stronger liberal norm support)","No"
0.101901833790333,0.0943638774439575,0.280194819007521,0.0510673300847841,0.0943638774439575,0.588387268908295,0.0510673300847841,0.162087338535214,0.752715661773985,194,103,91,3027,227,879,1176.61599110576,"Without Controls","Partisans","Bandwidth Sensitivity",NA,NA,"Liberal Democratic Norms Index (0-1 factor score of 7 ANES items; higher = stronger liberal norm support)","No"
0.11029642177799,0.0871250017545198,0.205528822964892,0.0540928447793947,0.0871250017545198,0.534688598220778,0.0540928447793947,0.149238206844181,0.717008488189703,214,116,98,3027,227,985,1176.61599110576,"Without Controls","Partisans","Bandwidth Sensitivity",NA,NA,"Liberal Democratic Norms Index (0-1 factor score of 7 ANES items; higher = stronger liberal norm support)","No"
0.110716322227838,0.0803654200234602,0.168307911254962,0.0702218529977916,0.0803654200234602,0.382237014893278,0.0702218529977916,0.138138040320978,0.611211057010494,236,132,104,3027,227,1090,1176.61599110576,"Without Controls","Partisans","Bandwidth Sensitivity",NA,NA,"Liberal Democratic Norms Index (0-1 factor score of 7 ANES items; higher = stronger liberal norm support)","No"
0.106967840345938,0.0743715783411227,0.150352005672058,0.08926524911289,0.0743715783411227,0.230038282904559,0.08926524911289,0.128488899586483,0.487223763095319,262,146,116,3027,227,1195,1176.61599110576,"Without Controls","Partisans","Bandwidth Sensitivity",NA,NA,"Liberal Democratic Norms Index (0-1 factor score of 7 ANES items; higher = stronger liberal norm support)","No"
0.105618568788061,0.0689581220320295,0.125612904547183,0.0968894201713986,0.0689581220320295,0.160007226448061,0.0968894201713986,0.120554221334005,0.421570290139379,279,158,121,3027,227,1300,1176.61599110576,"Without Controls","Partisans","Bandwidth Sensitivity",NA,NA,"Liberal Democratic Norms Index (0-1 factor score of 7 ANES items; higher = stronger liberal norm support)","No"
0.10606522838048,0.0652907206134337,0.104267661662781,0.0961539139462197,0.0652907206134337,0.140830832285373,0.0961539139462197,0.115542731049891,0.405299711724807,298,174,124,3027,227,1406,1176.61599110576,"Without Controls","Partisans","Bandwidth Sensitivity",NA,NA,"Liberal Democratic Norms Index (0-1 factor score of 7 ANES items; higher = stronger liberal norm support)","No"
0.107680604321827,0.061806775558789,0.0814710768829596,0.0955358483464452,0.061806775558789,0.122172677036267,0.0955358483464452,0.109120387588632,0.381297180222084,324,188,136,3027,227,1511,1176.61599110576,"Without Controls","Partisans","Bandwidth Sensitivity",NA,NA,"Liberal Democratic Norms Index (0-1 factor score of 7 ANES items; higher = stronger liberal norm support)","No"
0.108800057861379,0.0584030883689427,0.0624740610476164,0.0967979395826852,0.0584030883689427,0.0974363450296444,0.0967979395826852,0.102717451372097,0.34600276799849,352,207,145,3027,227,1616,1176.61599110576,"Without Controls","Partisans","Bandwidth Sensitivity",NA,NA,"Liberal Democratic Norms Index (0-1 factor score of 7 ANES items; higher = stronger liberal norm support)","No"
0.108149740107087,0.055518213637481,0.0514144029192063,0.100271882106625,0.055518213637481,0.0709014930966949,0.100271882106625,0.0977028451613721,0.304752839713678,373,222,151,3027,227,1722,1176.61599110576,"Without Controls","Partisans","Bandwidth Sensitivity",NA,NA,"Liberal Democratic Norms Index (0-1 factor score of 7 ANES items; higher = stronger liberal norm support)","No"
0.103217474727314,0.0530704858888019,0.0517854573855024,0.108835909940858,0.0530704858888019,0.0402883414137113,0.108835909940858,0.0934472204141555,0.244149408743968,398,241,157,3027,227,1827,1176.61599110576,"Without Controls","Partisans","Bandwidth Sensitivity",NA,NA,"Liberal Democratic Norms Index (0-1 factor score of 7 ANES items; higher = stronger liberal norm support)","No"
0.0994173223357382,0.0511983308205055,0.0521603623300683,0.113107733517132,0.0511983308205055,0.0271602154323001,0.113107733517132,0.0902488876468486,0.210101375077151,409,249,160,3027,227,1932,1176.61599110576,"Without Controls","Partisans","Bandwidth Sensitivity",NA,NA,"Liberal Democratic Norms Index (0-1 factor score of 7 ANES items; higher = stronger liberal norm support)","No"
0.0977138567073041,0.0496538094698968,0.0490792549911802,0.113851711773847,0.0496538094698968,0.0218531921996629,0.113851711773847,0.0871947730668557,0.191648758960936,427,262,165,3027,227,2037,1176.61599110576,"Without Controls","Partisans","Bandwidth Sensitivity",NA,NA,"Liberal Democratic Norms Index (0-1 factor score of 7 ANES items; higher = stronger liberal norm support)","No"
0.0963643163426899,0.0481122474210725,0.0451873626541604,0.113681428476667,0.0481122474210725,0.018135613613758,0.113681428476667,0.0835376164415702,0.173563885283232,453,277,176,3027,227,2143,1176.61599110576,"Without Controls","Partisans","Bandwidth Sensitivity",NA,NA,"Liberal Democratic Norms Index (0-1 factor score of 7 ANES items; higher = stronger liberal norm support)","No"
0.0961613982142915,0.0465901120488371,0.0390189233088533,0.112354527006998,0.0465901120488371,0.0158847405921532,0.112354527006998,0.0798109050363191,0.159202418162689,474,287,187,3027,227,2248,1176.61599110576,"Without Controls","Partisans","Bandwidth Sensitivity",NA,NA,"Liberal Democratic Norms Index (0-1 factor score of 7 ANES items; higher = stronger liberal norm support)","No"
0.094651666632581,0.0451248193189573,0.035944716294946,0.113220413391941,0.0451248193189573,0.0121056458124559,0.113220413391941,0.0765033031019713,0.138888858420955,498,302,196,3027,227,2353,1176.61599110576,"Without Controls","Partisans","Bandwidth Sensitivity",NA,NA,"Liberal Democratic Norms Index (0-1 factor score of 7 ANES items; higher = stronger liberal norm support)","No"
0.142802719293517,0.132176127647029,0.279965338548812,0.189009029443405,0.132176127647029,0.152723170983208,0.189009029443405,0.191067643855315,0.32255271237394,70,31,39,2899,223,353,1176.61599110576,"With Controls","Partisans","Bandwidth Sensitivity",NA,NA,"Liberal Democratic Norms Index (0-1 factor score of 7 ANES items; higher = stronger liberal norm support)","No"
0.11878675784588,0.114203818369712,0.298279750580879,0.167970504153677,0.114203818369712,0.141346330275861,0.167970504153677,0.177333878421804,0.343537293358019,97,44,53,2899,223,458,1176.61599110576,"With Controls","Partisans","Bandwidth Sensitivity",NA,NA,"Liberal Democratic Norms Index (0-1 factor score of 7 ANES items; higher = stronger liberal norm support)","No"
0.105839606027291,0.100690545567026,0.293195453740199,0.125977396349542,0.100690545567026,0.210885479319394,0.125977396349542,0.159629686211468,0.430003732338107,129,60,69,2899,223,564,1176.61599110576,"With Controls","Partisans","Bandwidth Sensitivity",NA,NA,"Liberal Democratic Norms Index (0-1 factor score of 7 ANES items; higher = stronger liberal norm support)","No"
0.122472707857877,0.0895561820647689,0.171452447972061,0.0844653351146488,0.0895561820647689,0.345601774087533,0.0844653351146488,0.146379461207247,0.563919214614351,157,78,79,2899,223,669,1176.61599110576,"With Controls","Partisans","Bandwidth Sensitivity",NA,NA,"Liberal Democratic Norms Index (0-1 factor score of 7 ANES items; higher = stronger liberal norm support)","No"
0.130045280332676,0.0826164028528458,0.115467688384876,0.0805679861584905,0.0826164028528458,0.329458240194259,0.0805679861584905,0.137514328937984,0.557950825839458,175,90,85,2899,223,774,1176.61599110576,"With Controls","Partisans","Bandwidth Sensitivity",NA,NA,"Liberal Democratic Norms Index (0-1 factor score of 7 ANES items; higher = stronger liberal norm support)","No"
0.13639313395414,0.0771841364928651,0.0772092125898844,0.0847467094518863,0.0771841364928651,0.27221281944226,0.0847467094518863,0.127874614026027,0.507501656580413,191,100,91,2899,223,879,1176.61599110576,"With Controls","Partisans","Bandwidth Sensitivity",NA,NA,"Liberal Democratic Norms Index (0-1 factor score of 7 ANES items; higher = stronger liberal norm support)","No"
0.139986972681812,0.0725617405006458,0.0537045624436826,0.0891362815382925,0.0725617405006458,0.219289404458785,0.0891362815382925,0.119403165384043,0.45535623459338,211,113,98,2899,223,985,1176.61599110576,"With Controls","Partisans","Bandwidth Sensitivity",NA,NA,"Liberal Democratic Norms Index (0-1 factor score of 7 ANES items; higher = stronger liberal norm support)","No"
0.135845454488113,0.0680685028550493,0.0459647577095417,0.103883591852237,0.0680685028550493,0.126969416969151,0.103883591852237,0.112064720053724,0.35392840437294,233,129,104,2899,223,1090,1176.61599110576,"With Controls","Partisans","Bandwidth Sensitivity",NA,NA,"Liberal Democratic Norms Index (0-1 factor score of 7 ANES items; higher = stronger liberal norm support)","No"
0.123758568655489,0.0639091959248561,0.0528095353324188,0.126131556645548,0.0639091959248561,0.048426589259201,0.126131556645548,0.105520609667444,0.231959580251231,259,143,116,2899,223,1195,1176.61599110576,"With Controls","Partisans","Bandwidth Sensitivity",NA,NA,"Liberal Democratic Norms Index (0-1 factor score of 7 ANES items; higher = stronger liberal norm support)","No"
0.112712663854246,0.0600201813252494,0.0603931016912852,0.136373562695574,0.0600201813252494,0.0230787520768445,0.136373562695574,0.100087039190334,0.173024478532814,276,155,121,2899,223,1300,1176.61599110576,"With Controls","Partisans","Bandwidth Sensitivity",NA,NA,"Liberal Democratic Norms Index (0-1 factor score of 7 ANES items; higher = stronger liberal norm support)","No"
0.10633422690101,0.0574236548856097,0.0640617956427334,0.1367106766251,0.0574236548856097,0.0172779963312259,0.1367106766251,0.0967837856240096,0.157791908972598,295,171,124,2899,223,1406,1176.61599110576,"With Controls","Partisans","Bandwidth Sensitivity",NA,NA,"Liberal Democratic Norms Index (0-1 factor score of 7 ANES items; higher = stronger liberal norm support)","No"
0.102974602449416,0.054821259088623,0.0603305814966646,0.131836678657828,0.054821259088623,0.0161792878347623,0.131836678657828,0.0921190215074054,0.152385547057987,321,185,136,2899,223,1511,1176.61599110576,"With Controls","Partisans","Bandwidth Sensitivity",NA,NA,"Liberal Democratic Norms Index (0-1 factor score of 7 ANES items; higher = stronger liberal norm support)","No"
0.100151554890802,0.0521425269797739,0.0547661447876899,0.127462242216311,0.0521425269797739,0.0145054353169546,0.127462242216311,0.0873156638222364,0.144348712931401,348,204,144,2899,223,1616,1176.61599110576,"With Controls","Partisans","Bandwidth Sensitivity",NA,NA,"Liberal Democratic Norms Index (0-1 factor score of 7 ANES items; higher = stronger liberal norm support)","No"
0.0970019236888193,0.0498394159561785,0.0516199940829945,0.126273720415336,0.0498394159561785,0.0112893798321168,0.126273720415336,0.0835317419626694,0.13061389731762,368,218,150,2899,223,1722,1176.61599110576,"With Controls","Partisans","Bandwidth Sensitivity",NA,NA,"Liberal Democratic Norms Index (0-1 factor score of 7 ANES items; higher = stronger liberal norm support)","No"
0.091507532731105,0.0478734049329658,0.0559470101285081,0.128474659746512,0.0478734049329658,0.00728269542833506,0.128474659746512,0.0803633035851438,0.109893235369723,392,237,155,2899,223,1827,1176.61599110576,"With Controls","Partisans","Bandwidth Sensitivity",NA,NA,"Liberal Democratic Norms Index (0-1 factor score of 7 ANES items; higher = stronger liberal norm support)","No"
0.087688467320276,0.0463435654072359,0.0584724637863172,0.127646519292525,0.0463435654072359,0.00588083754428894,0.127646519292525,0.0779532751833335,0.101531311977041,403,245,158,2899,223,1932,1176.61599110576,"With Controls","Partisans","Bandwidth Sensitivity",NA,NA,"Liberal Democratic Norms Index (0-1 factor score of 7 ANES items; higher = stronger liberal norm support)","No"
0.0854616695771982,0.0450449288038458,0.0577944281456534,0.125120877190021,0.0450449288038458,0.00547467139075506,0.125120877190021,0.0755594520402115,0.0977367626622282,421,258,163,2899,223,2037,1176.61599110576,"With Controls","Partisans","Bandwidth Sensitivity",NA,NA,"Liberal Democratic Norms Index (0-1 factor score of 7 ANES items; higher = stronger liberal norm support)","No"
0.0833962221424681,0.0437084864011271,0.0563899444970333,0.122066454572204,0.0437084864011271,0.00522636211094418,0.122066454572204,0.0726490101056336,0.0929141585251278,447,273,174,2899,223,2143,1176.61599110576,"With Controls","Partisans","Bandwidth Sensitivity",NA,NA,"Liberal Democratic Norms Index (0-1 factor score of 7 ANES items; higher = stronger liberal norm support)","No"
0.0828141237980789,0.0423912798262232,0.0507526741998978,0.116859765094119,0.0423912798262232,0.00583890559654511,0.116859765094119,0.0697686313031066,0.0939418032994768,466,282,184,2899,223,2248,1176.61599110576,"With Controls","Partisans","Bandwidth Sensitivity",NA,NA,"Liberal Democratic Norms Index (0-1 factor score of 7 ANES items; higher = stronger liberal norm support)","No"
0.0812992415749271,0.0411130350337619,0.0479900440734298,0.113772648236248,0.0411130350337619,0.00565204105746945,0.113772648236248,0.0672155970087862,0.0905216318608582,490,297,193,2899,223,2353,1176.61599110576,"With Controls","Partisans","Bandwidth Sensitivity",NA,NA,"Liberal Democratic Norms Index (0-1 factor score of 7 ANES items; higher = stronger liberal norm support)","No"
-0.0560201994141303,0.0574951901467322,0.32988485065293,-0.0447259703843432,0.0574951901467322,0.436623231128244,-0.0447259703843432,0.0699818465972988,0.522752560974667,248,133,115,2939,315,NA,NA,"Without Controls","Partisans","Placebo Cutoff Test",-730,NA,"Liberal Democratic Norms Index (0-1 factor score of 7 ANES items; higher = stronger liberal norm support)","No"
-0.033459449604494,0.0639606289743208,0.600886773363415,-0.0295195786428781,0.0639606289743208,0.644420314460797,-0.0295195786428781,0.0764375484443339,0.699354391571625,300,173,127,2992,262,NA,NA,"Without Controls","Partisans","Placebo Cutoff Test",-365,NA,"Liberal Democratic Norms Index (0-1 factor score of 7 ANES items; higher = stronger liberal norm support)","No"
0.111188105231396,0.0842165873509279,0.186746982731475,0.10591369929196,0.0842165873509279,0.208523912090983,0.10591369929196,0.103033770551164,0.303972732326435,224,123,101,3027,227,NA,NA,"Without Controls","Partisans","Placebo Cutoff Test",0,NA,"Liberal Democratic Norms Index (0-1 factor score of 7 ANES items; higher = stronger liberal norm support)","No"
-0.0116030751788041,0.0465171222805651,0.803023037767816,-0.0302664524464872,0.0465171222805651,0.515271240967207,-0.0302664524464872,0.0531692109679093,0.569188036134464,173,95,78,3069,185,NA,NA,"Without Controls","Partisans","Placebo Cutoff Test",365,NA,"Liberal Democratic Norms Index (0-1 factor score of 7 ANES items; higher = stronger liberal norm support)","No"
-0.0159926407085378,0.0483609799768626,0.740876340977975,-0.0318954384231678,0.0483609799768626,0.509556532741541,-0.0318954384231678,0.0614099155615858,0.603491728218678,214,130,84,3107,147,NA,NA,"Without Controls","Partisans","Placebo Cutoff Test",730,NA,"Liberal Democratic Norms Index (0-1 factor score of 7 ANES items; higher = stronger liberal norm support)","No"
-0.04550881981096,0.0443026725763228,0.304314454627302,-0.041202924613891,0.0443026725763228,0.352354265911302,-0.041202924613891,0.0533197748458391,0.439669587889505,263,144,119,2813,309,NA,NA,"With Controls","Partisans","Placebo Cutoff Test",-730,NA,"Liberal Democratic Norms Index (0-1 factor score of 7 ANES items; higher = stronger liberal norm support)","No"
-0.0323545987958555,0.0550398572372823,0.556640069187207,-0.0288500925962371,0.0550398572372823,0.600162192244215,-0.0288500925962371,0.0658277970365655,0.661193389298412,343,202,141,2864,258,NA,NA,"With Controls","Partisans","Placebo Cutoff Test",-365,NA,"Liberal Democratic Norms Index (0-1 factor score of 7 ANES items; higher = stronger liberal norm support)","No"
0.126190070365895,0.0646382643629494,0.0509084960965435,0.142322722639772,0.0646382643629494,0.0276770424977237,0.142322722639772,0.0786624333567198,0.0704068133224031,253,142,111,2899,223,NA,NA,"With Controls","Partisans","Placebo Cutoff Test",0,NA,"Liberal Democratic Norms Index (0-1 factor score of 7 ANES items; higher = stronger liberal norm support)","No"
-0.0207709166483973,0.0445530179973147,0.641067535501293,-0.0355594545775442,0.0445530179973147,0.424790439143175,-0.0355594545775442,0.0519692739681351,0.493823645157776,174,96,78,2941,181,NA,NA,"With Controls","Partisans","Placebo Cutoff Test",365,NA,"Liberal Democratic Norms Index (0-1 factor score of 7 ANES items; higher = stronger liberal norm support)","No"
-0.0108286647255927,0.0431610517023084,0.801899362691067,-0.0301238149041186,0.0431610517023084,0.485214855703371,-0.0301238149041186,0.0559201351948806,0.590098340326096,213,131,82,2979,143,NA,NA,"With Controls","Partisans","Placebo Cutoff Test",730,NA,"Liberal Democratic Norms Index (0-1 factor score of 7 ANES items; higher = stronger liberal norm support)","No"
0.111188105231396,0.0842165873509279,0.186746982731475,0.10591369929196,0.0842165873509279,0.208523912090983,0.10591369929196,0.103033770551164,0.303972732326435,224,123,101,3027,227,NA,NA,"Without Controls","Partisans","Polynomial Degree Sensitivity",NA,1,"Liberal Democratic Norms Index (0-1 factor score of 7 ANES items; higher = stronger liberal norm support)","No"
0.0975854061979833,0.116881250679809,0.403767992772695,0.0822481636972889,0.116881250679809,0.481625868404265,0.0822481636972889,0.135592689659905,0.544127962872642,291,168,123,3027,227,NA,NA,"Without Controls","Partisans","Polynomial Degree Sensitivity",NA,2,"Liberal Democratic Norms Index (0-1 factor score of 7 ANES items; higher = stronger liberal norm support)","No"
0.0794960037950414,0.147868896761689,0.590845362014105,0.0701153826051453,0.147868896761689,0.635376814432203,0.0701153826051453,0.17115293739627,0.682051645946686,358,211,147,3027,227,NA,NA,"Without Controls","Partisans","Polynomial Degree Sensitivity",NA,3,"Liberal Democratic Norms Index (0-1 factor score of 7 ANES items; higher = stronger liberal norm support)","No"
0.126190070365895,0.0646382643629494,0.0509084960965435,0.142322722639772,0.0646382643629494,0.0276770424977237,0.142322722639772,0.0786624333567198,0.0704068133224031,253,142,111,2899,223,NA,NA,"With Controls","Partisans","Polynomial Degree Sensitivity",NA,1,"Liberal Democratic Norms Index (0-1 factor score of 7 ANES items; higher = stronger liberal norm support)","No"
0.135695575172048,0.0963688271112389,0.159105670937465,0.131460994797254,0.0963688271112389,0.172522126496332,0.131460994797254,0.112343156855759,0.241931119952525,297,173,124,2899,223,NA,NA,"With Controls","Partisans","Polynomial Degree Sensitivity",NA,2,"Liberal Democratic Norms Index (0-1 factor score of 7 ANES items; higher = stronger liberal norm support)","No"
0.112177575666547,0.125363701108212,0.370884901015355,0.0927599156402844,0.125363701108212,0.459344637077947,0.0927599156402844,0.144614074487907,0.521242853568781,344,201,143,2899,223,NA,NA,"With Controls","Partisans","Polynomial Degree Sensitivity",NA,3,"Liberal Democratic Norms Index (0-1 factor score of 7 ANES items; higher = stronger liberal norm support)","No"
0.000601071832674549,0.272861800438662,0.9982423866346,0.243455558408333,0.272861800438662,0.372269519585229,0.243455558408333,0.497802593378308,0.624798903358347,47,22,25,1610,146,379,1263.89475290438,"Without Controls","Democrats","Bandwidth Sensitivity",NA,NA,"Liberal Democratic Norms Index (0-1 factor score of 7 ANES items; higher = stronger liberal norm support)","No"
-0.0159436048498924,0.224776172400161,0.9434526492423,0.114007876068761,0.224776172400161,0.612010120827765,0.114007876068761,0.401447975131796,0.776416773502648,64,29,35,1610,146,492,1263.89475290438,"Without Controls","Democrats","Bandwidth Sensitivity",NA,NA,"Liberal Democratic Norms Index (0-1 factor score of 7 ANES items; higher = stronger liberal norm support)","No"
0.0078292608955961,0.191655902902627,0.967414990596346,-0.021797375996357,0.191655902902627,0.90945038189518,-0.021797375996357,0.329472632385878,0.94725173116467,83,43,40,1610,146,605,1263.89475290438,"Without Controls","Democrats","Bandwidth Sensitivity",NA,NA,"Liberal Democratic Norms Index (0-1 factor score of 7 ANES items; higher = stronger liberal norm support)","No"
0.027225575619418,0.164571238982304,0.868602885517243,-0.0325620346507787,0.164571238982304,0.843154746718307,-0.0325620346507787,0.289042385800818,0.910304175736533,101,56,45,1610,146,718,1263.89475290438,"Without Controls","Democrats","Bandwidth Sensitivity",NA,NA,"Liberal Democratic Norms Index (0-1 factor score of 7 ANES items; higher = stronger liberal norm support)","No"
0.0518952125284802,0.146065987232605,0.722375280091355,-0.0286011139163764,0.146065987232605,0.844759241995005,-0.0286011139163764,0.260672878734743,0.912631177848094,115,63,52,1610,146,832,1263.89475290438,"Without Controls","Democrats","Bandwidth Sensitivity",NA,NA,"Liberal Democratic Norms Index (0-1 factor score of 7 ANES items; higher = stronger liberal norm support)","No"
0.0734244680945699,0.131924381740859,0.577824804308587,-0.0287387442958189,0.131924381740859,0.827551787127203,-0.0287387442958189,0.235797843402171,0.902995052280557,133,75,58,1610,146,945,1263.89475290438,"Without Controls","Democrats","Bandwidth Sensitivity",NA,NA,"Liberal Democratic Norms Index (0-1 factor score of 7 ANES items; higher = stronger liberal norm support)","No"
0.0913365971563243,0.119432354468806,0.444416915348416,-0.0181955997095793,0.119432354468806,0.878910359221048,-0.0181955997095793,0.214721297844714,0.932467661972564,145,84,61,1610,146,1058,1263.89475290438,"Without Controls","Democrats","Bandwidth Sensitivity",NA,NA,"Liberal Democratic Norms Index (0-1 factor score of 7 ANES items; higher = stronger liberal norm support)","No"
0.0967813012018235,0.109210725918284,0.37551590125385,0.0103348059160409,0.109210725918284,0.924607302475941,0.0103348059160409,0.198360701829252,0.958448155951362,161,94,67,1610,146,1171,1263.89475290438,"Without Controls","Democrats","Bandwidth Sensitivity",NA,NA,"Liberal Democratic Norms Index (0-1 factor score of 7 ANES items; higher = stronger liberal norm support)","No"
0.0956731336761467,0.0991090675794478,0.334378653600028,0.0384742289054625,0.0991090675794478,0.697867369634725,0.0384742289054625,0.182301638777457,0.832850532545816,178,104,74,1610,146,1284,1263.89475290438,"Without Controls","Democrats","Bandwidth Sensitivity",NA,NA,"Liberal Democratic Norms Index (0-1 factor score of 7 ANES items; higher = stronger liberal norm support)","No"
0.0940550165676519,0.092455808496371,0.309012163573701,0.0511181752249037,0.092455808496371,0.580336637313039,0.0511181752249037,0.173203036741297,0.767891208129467,190,114,76,1610,146,1397,1263.89475290438,"Without Controls","Democrats","Bandwidth Sensitivity",NA,NA,"Liberal Democratic Norms Index (0-1 factor score of 7 ANES items; higher = stronger liberal norm support)","No"
0.0960849387145941,0.086865072602551,0.268665891413431,0.0573262628245144,0.086865072602551,0.509288441725444,0.0573262628245144,0.162956402221576,0.724996540671156,205,121,84,1610,146,1510,1263.89475290438,"Without Controls","Democrats","Bandwidth Sensitivity",NA,NA,"Liberal Democratic Norms Index (0-1 factor score of 7 ANES items; higher = stronger liberal norm support)","No"
0.100882917294903,0.0814055686684789,0.215248079665423,0.0623999228694228,0.0814055686684789,0.443360187845207,0.0623999228694228,0.151649298225889,0.680724134348471,219,129,90,1610,146,1623,1263.89475290438,"Without Controls","Democrats","Bandwidth Sensitivity",NA,NA,"Liberal Democratic Norms Index (0-1 factor score of 7 ANES items; higher = stronger liberal norm support)","No"
0.1023895385944,0.0768975349726953,0.183022531903492,0.0683563669498208,0.0768975349726953,0.374041811267939,0.0683563669498208,0.143217255433455,0.633154621123884,233,139,94,1610,146,1736,1263.89475290438,"Without Controls","Democrats","Bandwidth Sensitivity",NA,NA,"Liberal Democratic Norms Index (0-1 factor score of 7 ANES items; higher = stronger liberal norm support)","No"
0.0990680059184237,0.0728587531169153,0.173916364910607,0.078529190981234,0.0728587531169153,0.281110602222219,0.078529190981234,0.135740458542019,0.562910011247042,247,150,97,1610,146,1849,1263.89475290438,"Without Controls","Democrats","Bandwidth Sensitivity",NA,NA,"Liberal Democratic Norms Index (0-1 factor score of 7 ANES items; higher = stronger liberal norm support)","No"
0.0979167514279859,0.069866840809821,0.161071562062339,0.0825256270086387,0.069866840809821,0.237529451128866,0.0825256270086387,0.130321283742147,0.526572031901324,258,157,101,1610,146,1962,1263.89475290438,"Without Controls","Democrats","Bandwidth Sensitivity",NA,NA,"Liberal Democratic Norms Index (0-1 factor score of 7 ANES items; higher = stronger liberal norm support)","No"
0.0971397729183532,0.0672210810520956,0.148435695463773,0.0860377517978219,0.0672210810520956,0.200572510374675,0.0860377517978219,0.124688993710718,0.490182354787173,270,165,105,1610,146,2075,1263.89475290438,"Without Controls","Democrats","Bandwidth Sensitivity",NA,NA,"Liberal Democratic Norms Index (0-1 factor score of 7 ANES items; higher = stronger liberal norm support)","No"
0.096160849804624,0.0644876645418696,0.135921837392587,0.091871119138299,0.0644876645418696,0.154263925000244,0.091871119138299,0.118004831097313,0.436252543104674,285,172,113,1610,146,2189,1263.89475290438,"Without Controls","Democrats","Bandwidth Sensitivity",NA,NA,"Liberal Democratic Norms Index (0-1 factor score of 7 ANES items; higher = stronger liberal norm support)","No"
0.0968470173300444,0.0618482444903568,0.117376378751974,0.094850953798348,0.0618482444903568,0.12512615380362,0.094850953798348,0.111979717617221,0.39697454959327,296,177,119,1610,146,2302,1263.89475290438,"Without Controls","Democrats","Bandwidth Sensitivity",NA,NA,"Liberal Democratic Norms Index (0-1 factor score of 7 ANES items; higher = stronger liberal norm support)","No"
0.096992094478459,0.059539269201554,0.103303686170049,0.0971751231718585,0.059539269201554,0.102654594455674,0.0971751231718585,0.10729076100599,0.365085380928302,312,185,127,1610,146,2415,1263.89475290438,"Without Controls","Democrats","Bandwidth Sensitivity",NA,NA,"Liberal Democratic Norms Index (0-1 factor score of 7 ANES items; higher = stronger liberal norm support)","No"
0.0971020792658812,0.0574938394421833,0.0912361489040402,0.0978496456085223,0.0574938394421833,0.088771245240636,0.0978496456085223,0.103316782639089,0.343596106105939,324,193,131,1610,146,2528,1263.89475290438,"Without Controls","Democrats","Bandwidth Sensitivity",NA,NA,"Liberal Democratic Norms Index (0-1 factor score of 7 ANES items; higher = stronger liberal norm support)","No"
0.0336235448219202,0.193967086546415,0.862378956637987,0.122469002702437,0.193967086546415,0.527785135273511,0.122469002702437,0.31982378700043,0.701774263610833,47,22,25,1550,143,379,1263.89475290438,"With Controls","Democrats","Bandwidth Sensitivity",NA,NA,"Liberal Democratic Norms Index (0-1 factor score of 7 ANES items; higher = stronger liberal norm support)","No"
0.0201765086973907,0.17328679527517,0.90730843514605,0.0973218652370071,0.17328679527517,0.574372845864176,0.0973218652370071,0.285131238435136,0.73286039390983,64,29,35,1550,143,492,1263.89475290438,"With Controls","Democrats","Bandwidth Sensitivity",NA,NA,"Liberal Democratic Norms Index (0-1 factor score of 7 ANES items; higher = stronger liberal norm support)","No"
0.017559322271677,0.155125950767126,0.909876775908707,0.00923751336554752,0.155125950767126,0.952515258720118,0.00923751336554752,0.247208895856721,0.970192195614863,82,42,40,1550,143,605,1263.89475290438,"With Controls","Democrats","Bandwidth Sensitivity",NA,NA,"Liberal Democratic Norms Index (0-1 factor score of 7 ANES items; higher = stronger liberal norm support)","No"
0.0443767970695961,0.138067726815123,0.747897241837456,-0.0147964953378191,0.138067726815123,0.914655395869897,-0.0147964953378191,0.225115809114443,0.947594084744827,100,55,45,1550,143,718,1263.89475290438,"With Controls","Democrats","Bandwidth Sensitivity",NA,NA,"Liberal Democratic Norms Index (0-1 factor score of 7 ANES items; higher = stronger liberal norm support)","No"
0.0620465570043574,0.125136574869493,0.620013854572991,-0.00818988052260486,0.125136574869493,0.947817676709922,-0.00818988052260486,0.207899947767934,0.968576762111124,114,62,52,1550,143,832,1263.89475290438,"With Controls","Democrats","Bandwidth Sensitivity",NA,NA,"Liberal Democratic Norms Index (0-1 factor score of 7 ANES items; higher = stronger liberal norm support)","No"
0.0726595806167229,0.114900033399611,0.527143730900383,0.00167327564746023,0.114900033399611,0.98838091185034,0.00167327564746023,0.191949122641218,0.99304469914811,131,73,58,1550,143,945,1263.89475290438,"With Controls","Democrats","Bandwidth Sensitivity",NA,NA,"Liberal Democratic Norms Index (0-1 factor score of 7 ANES items; higher = stronger liberal norm support)","No"
0.0803987694599644,0.105412150628407,0.445637112095594,0.011683465928968,0.105412150628407,0.911746361217482,0.011683465928968,0.177907910828747,0.94763942325401,143,82,61,1550,143,1058,1263.89475290438,"With Controls","Democrats","Bandwidth Sensitivity",NA,NA,"Liberal Democratic Norms Index (0-1 factor score of 7 ANES items; higher = stronger liberal norm support)","No"
0.0754406638246339,0.0973203466694602,0.438234048236939,0.0393070297507866,0.0973203466694602,0.686291230466835,0.0393070297507866,0.166888519953996,0.81379843567315,159,92,67,1550,143,1171,1263.89475290438,"With Controls","Democrats","Bandwidth Sensitivity",NA,NA,"Liberal Democratic Norms Index (0-1 factor score of 7 ANES items; higher = stronger liberal norm support)","No"
0.06198033296071,0.0892450888182807,0.487371378748148,0.0662228185513275,0.0892450888182807,0.458067222584785,0.0662228185513275,0.155975844720582,0.671149445762428,176,102,74,1550,143,1284,1263.89475290438,"With Controls","Democrats","Bandwidth Sensitivity",NA,NA,"Liberal Democratic Norms Index (0-1 factor score of 7 ANES items; higher = stronger liberal norm support)","No"
0.05297371432304,0.0839292692343729,0.527928771899571,0.0763736737229272,0.0839292692343729,0.362834833772105,0.0763736737229272,0.149838835005615,0.610257820681881,188,112,76,1550,143,1397,1263.89475290438,"With Controls","Democrats","Bandwidth Sensitivity",NA,NA,"Liberal Democratic Norms Index (0-1 factor score of 7 ANES items; higher = stronger liberal norm support)","No"
0.050365773253549,0.0792472932468826,0.525068483918789,0.075595955232673,0.0792472932468826,0.340121728983088,0.075595955232673,0.142167786841436,0.594907758673792,203,119,84,1550,143,1510,1263.89475290438,"With Controls","Democrats","Bandwidth Sensitivity",NA,NA,"Liberal Democratic Norms Index (0-1 factor score of 7 ANES items; higher = stronger liberal norm support)","No"
0.0514828088507592,0.0745169004617977,0.489636125838013,0.0714391877594171,0.0745169004617977,0.337711012340299,0.0714391877594171,0.13347431328826,0.592492217074995,216,127,89,1550,143,1623,1263.89475290438,"With Controls","Democrats","Bandwidth Sensitivity",NA,NA,"Liberal Democratic Norms Index (0-1 factor score of 7 ANES items; higher = stronger liberal norm support)","No"
0.0518380696241678,0.0706836806249175,0.463326073542531,0.0684089325069998,0.0706836806249175,0.333135314307413,0.0684089325069998,0.127086803640761,0.590380238025472,229,136,93,1550,143,1736,1263.89475290438,"With Controls","Democrats","Bandwidth Sensitivity",NA,NA,"Liberal Democratic Norms Index (0-1 factor score of 7 ANES items; higher = stronger liberal norm support)","No"
0.0507907036367002,0.0671685254047761,0.449548350026492,0.0663167951003656,0.0671685254047761,0.323486032736384,0.0663167951003656,0.121114955802117,0.583999222300418,243,147,96,1550,143,1849,1263.89475290438,"With Controls","Democrats","Bandwidth Sensitivity",NA,NA,"Liberal Democratic Norms Index (0-1 factor score of 7 ANES items; higher = stronger liberal norm support)","No"
0.052276195080968,0.0645058001822595,0.417704130994589,0.0615017772271364,0.0645058001822595,0.340372151879099,0.0615017772271364,0.116718544475442,0.59824651599274,254,154,100,1550,143,1962,1263.89475290438,"With Controls","Democrats","Bandwidth Sensitivity",NA,NA,"Liberal Democratic Norms Index (0-1 factor score of 7 ANES items; higher = stronger liberal norm support)","No"
0.0525874589992719,0.062108706835274,0.397162206830011,0.0609421568474314,0.062108706835274,0.326485442115904,0.0609421568474314,0.112055299668255,0.586539280800008,266,162,104,1550,143,2075,1263.89475290438,"With Controls","Democrats","Bandwidth Sensitivity",NA,NA,"Liberal Democratic Norms Index (0-1 factor score of 7 ANES items; higher = stronger liberal norm support)","No"
0.0523160602848973,0.0595971738885714,0.380037136822936,0.0633609239972451,0.0595971738885714,0.287712498125655,0.0633609239972451,0.106429843246235,0.551622621194505,280,169,111,1550,143,2189,1263.89475290438,"With Controls","Democrats","Bandwidth Sensitivity",NA,NA,"Liberal Democratic Norms Index (0-1 factor score of 7 ANES items; higher = stronger liberal norm support)","No"
0.05411304983518,0.0572220125835395,0.344317738163443,0.0622993489588575,0.0572220125835395,0.276272758584808,0.0622993489588575,0.10153970691764,0.539514934365605,291,174,117,1550,143,2302,1263.89475290438,"With Controls","Democrats","Bandwidth Sensitivity",NA,NA,"Liberal Democratic Norms Index (0-1 factor score of 7 ANES items; higher = stronger liberal norm support)","No"
0.0550997200985765,0.0550958193817883,0.317276246611663,0.0630069586621051,0.0550958193817883,0.252794233592076,0.0630069586621051,0.0975714635588289,0.518440038565216,307,182,125,1550,143,2415,1263.89475290438,"With Controls","Democrats","Bandwidth Sensitivity",NA,NA,"Liberal Democratic Norms Index (0-1 factor score of 7 ANES items; higher = stronger liberal norm support)","No"
0.0560740277903907,0.0531872516785272,0.291756703884412,0.0623845173802021,0.0531872516785272,0.240826937263088,0.0623845173802021,0.0941675734366908,0.507661040256064,319,190,129,1550,143,2528,1263.89475290438,"With Controls","Democrats","Bandwidth Sensitivity",NA,NA,"Liberal Democratic Norms Index (0-1 factor score of 7 ANES items; higher = stronger liberal norm support)","No"
-0.0672164088281439,0.0587649904425085,0.252699441028349,-0.0590413878792205,0.0587649904425085,0.315039672627531,-0.0590413878792205,0.0726541212975316,0.416426521543354,167,90,77,1552,204,NA,NA,"Without Controls","Democrats","Placebo Cutoff Test",-730,NA,"Liberal Democratic Norms Index (0-1 factor score of 7 ANES items; higher = stronger liberal norm support)","No"
-0.0624038896453805,0.0762920814841845,0.413379888164992,-0.0800827210554722,0.0762920814841845,0.293862555520368,-0.0800827210554722,0.090782750577015,0.377703334325575,225,132,93,1588,168,NA,NA,"Without Controls","Democrats","Placebo Cutoff Test",-365,NA,"Liberal Democratic Norms Index (0-1 factor score of 7 ANES items; higher = stronger liberal norm support)","No"
0.0905728199846703,0.120250212448818,0.451327940784823,0.0764299912556843,0.120250212448818,0.525042828476733,0.0764299912556843,0.147378338042945,0.604041672442999,145,84,61,1610,146,NA,NA,"Without Controls","Democrats","Placebo Cutoff Test",0,NA,"Liberal Democratic Norms Index (0-1 factor score of 7 ANES items; higher = stronger liberal norm support)","No"
0.00125965898005442,0.0483640703073953,0.979221169251033,-0.0163374348454356,0.0483640703073953,0.735513101220786,-0.0163374348454356,0.0531344520976065,0.758483006588375,137,83,54,1635,121,NA,NA,"Without Controls","Democrats","Placebo Cutoff Test",365,NA,"Liberal Democratic Norms Index (0-1 factor score of 7 ANES items; higher = stronger liberal norm support)","No"
-0.0501919590451707,0.0605678336108818,0.407279836352661,-0.0726954973763989,0.0605678336108818,0.230048960226743,-0.0726954973763989,0.0771236194265316,0.345893675948344,135,79,56,1655,101,NA,NA,"Without Controls","Democrats","Placebo Cutoff Test",730,NA,"Liberal Democratic Norms Index (0-1 factor score of 7 ANES items; higher = stronger liberal norm support)","No"
-0.0233737158331531,0.0424174453662853,0.581606145559292,-0.0195401172806428,0.0424174453662853,0.645040918061059,-0.0195401172806428,0.0519290142176031,0.706704912654347,168,89,79,1493,200,NA,NA,"With Controls","Democrats","Placebo Cutoff Test",-730,NA,"Liberal Democratic Norms Index (0-1 factor score of 7 ANES items; higher = stronger liberal norm support)","No"
-0.0664926217340902,0.0675876414006209,0.325214586063996,-0.0782871368512888,0.0675876414006209,0.246739387182864,-0.0782871368512888,0.0817203305411063,0.338068557666249,227,132,95,1528,165,NA,NA,"With Controls","Democrats","Placebo Cutoff Test",-365,NA,"Liberal Democratic Norms Index (0-1 factor score of 7 ANES items; higher = stronger liberal norm support)","No"
0.0642000961895743,0.0904518826329967,0.477846340462493,0.0668369542460044,0.0904518826329967,0.459953904412586,0.0668369542460044,0.11368973001706,0.556606726166793,175,101,74,1550,143,NA,NA,"With Controls","Democrats","Placebo Cutoff Test",0,NA,"Liberal Democratic Norms Index (0-1 factor score of 7 ANES items; higher = stronger liberal norm support)","No"
0.0225611977612359,0.0438273042801291,0.60671030168684,0.011674535031234,0.0438273042801291,0.789949769461184,0.011674535031234,0.0484526981906958,0.809596150113226,145,85,60,1575,118,NA,NA,"With Controls","Democrats","Placebo Cutoff Test",365,NA,"Liberal Democratic Norms Index (0-1 factor score of 7 ANES items; higher = stronger liberal norm support)","No"
-0.0211473379281284,0.0539647394453124,0.695151867513013,-0.0440064950256122,0.0539647394453124,0.414804719536718,-0.0440064950256122,0.0701653154767491,0.530539267013463,133,78,55,1595,98,NA,NA,"With Controls","Democrats","Placebo Cutoff Test",730,NA,"Liberal Democratic Norms Index (0-1 factor score of 7 ANES items; higher = stronger liberal norm support)","No"
0.0905728199846703,0.120250212448818,0.451327940784823,0.0764299912556843,0.120250212448818,0.525042828476733,0.0764299912556843,0.147378338042945,0.604041672442999,145,84,61,1610,146,NA,NA,"Without Controls","Democrats","Polynomial Degree Sensitivity",NA,1,"Liberal Democratic Norms Index (0-1 factor score of 7 ANES items; higher = stronger liberal norm support)","No"
0.0551584305306809,0.16716171652681,0.741422273497584,0.0311512613130867,0.16716171652681,0.852167131305259,0.0311512613130867,0.195988126394806,0.873712493626051,198,117,81,1610,146,NA,NA,"Without Controls","Democrats","Polynomial Degree Sensitivity",NA,2,"Liberal Democratic Norms Index (0-1 factor score of 7 ANES items; higher = stronger liberal norm support)","No"
0.00500967101924665,0.211320832020762,0.981086744937665,-0.0190014099113114,0.211320832020762,0.928352891076943,-0.0190014099113114,0.246041081204985,0.93844168468311,245,149,96,1610,146,NA,NA,"Without Controls","Democrats","Polynomial Degree Sensitivity",NA,3,"Liberal Democratic Norms Index (0-1 factor score of 7 ANES items; higher = stronger liberal norm support)","No"
0.0642000961895743,0.0904518826329967,0.477846340462493,0.0668369542460044,0.0904518826329967,0.459953904412586,0.0668369542460044,0.11368973001706,0.556606726166793,175,101,74,1550,143,NA,NA,"With Controls","Democrats","Polynomial Degree Sensitivity",NA,1,"Liberal Democratic Norms Index (0-1 factor score of 7 ANES items; higher = stronger liberal norm support)","No"
0.0738955985429968,0.136932754239115,0.589439245296732,0.0775949147688365,0.136932754239115,0.570942223260382,0.0775949147688365,0.163807934052773,0.635717787505208,212,126,86,1550,143,NA,NA,"With Controls","Democrats","Polynomial Degree Sensitivity",NA,2,"Liberal Democratic Norms Index (0-1 factor score of 7 ANES items; higher = stronger liberal norm support)","No"
0.0568343802995005,0.179275698174992,0.751226740096625,0.046655673707376,0.179275698174992,0.79467449516464,0.046655673707376,0.207482847833913,0.822084136255371,243,147,96,1550,143,NA,NA,"With Controls","Democrats","Polynomial Degree Sensitivity",NA,3,"Liberal Democratic Norms Index (0-1 factor score of 7 ANES items; higher = stronger liberal norm support)","No"
0.233037786936986,0.113648197212071,0.0403138122850023,0.310651117301536,0.113648197212071,0.00626755550118965,0.310651117301536,0.131933008762412,0.0185420279335095,38,17,21,1417,81,427,1423.97133037334,"Without Controls","Republicans","Bandwidth Sensitivity",NA,NA,"Liberal Democratic Norms Index (0-1 factor score of 7 ANES items; higher = stronger liberal norm support)","No"
0.197884759810337,0.106829979503336,0.0639779346448173,0.285046325311232,0.106829979503336,0.0076253379106983,0.285046325311232,0.125323482723175,0.0229368689447591,51,23,28,1417,81,555,1423.97133037334,"Without Controls","Republicans","Bandwidth Sensitivity",NA,NA,"Liberal Democratic Norms Index (0-1 factor score of 7 ANES items; higher = stronger liberal norm support)","No"
0.173016645575079,0.0976466871134956,0.0764171424564507,0.257692260801671,0.0976466871134956,0.00831443158372086,0.257692260801671,0.124477345875929,0.0384341762324108,64,29,35,1417,81,682,1423.97133037334,"Without Controls","Republicans","Bandwidth Sensitivity",NA,NA,"Liberal Democratic Norms Index (0-1 factor score of 7 ANES items; higher = stronger liberal norm support)","No"
0.159166770830458,0.0920034866668272,0.0836288403438474,0.247134240607599,0.0920034866668272,0.00722828067165842,0.247134240607599,0.12226424324918,0.0432474281780287,67,31,36,1417,81,809,1423.97133037334,"Without Controls","Republicans","Bandwidth Sensitivity",NA,NA,"Liberal Democratic Norms Index (0-1 factor score of 7 ANES items; higher = stronger liberal norm support)","No"
0.156017094716266,0.0861750515248083,0.0702233835204557,0.218406250486764,0.0861750515248083,0.0112624404388559,0.218406250486764,0.117858185861216,0.063864079777239,74,36,38,1417,81,937,1423.97133037334,"Without Controls","Republicans","Bandwidth Sensitivity",NA,NA,"Liberal Democratic Norms Index (0-1 factor score of 7 ANES items; higher = stronger liberal norm support)","No"
0.146583361578808,0.0785622899669014,0.0620660727078338,0.202032995952214,0.0785622899669014,0.0101221547656041,0.202032995952214,0.112690518743795,0.0730028741521597,85,45,40,1417,81,1064,1423.97133037334,"Without Controls","Republicans","Bandwidth Sensitivity",NA,NA,"Liberal Democratic Norms Index (0-1 factor score of 7 ANES items; higher = stronger liberal norm support)","No"
0.139523591140163,0.0729818615482973,0.0559073581417721,0.184553055031418,0.0729818615482973,0.0114468759608678,0.184553055031418,0.109162149874883,0.0909070542748066,95,51,44,1417,81,1192,1423.97133037334,"Without Controls","Republicans","Bandwidth Sensitivity",NA,NA,"Liberal Democratic Norms Index (0-1 factor score of 7 ANES items; higher = stronger liberal norm support)","No"
0.14094687299625,0.06970231182991,0.0431633129320883,0.168807616841771,0.06970231182991,0.0154422881400638,0.168807616841771,0.10595407674682,0.111111983294449,100,53,47,1417,81,1319,1423.97133037334,"Without Controls","Republicans","Bandwidth Sensitivity",NA,NA,"Liberal Democratic Norms Index (0-1 factor score of 7 ANES items; higher = stronger liberal norm support)","No"
0.148328165127023,0.066756652277188,0.0262884854267163,0.149086014125067,0.066756652277188,0.025530764238216,0.149086014125067,0.100519010511423,0.138031275644399,112,62,50,1417,81,1446,1423.97133037334,"Without Controls","Republicans","Bandwidth Sensitivity",NA,NA,"Liberal Democratic Norms Index (0-1 factor score of 7 ANES items; higher = stronger liberal norm support)","No"
0.150392744889694,0.0634835753909885,0.0178361358731832,0.146312170621932,0.0634835753909885,0.0211819910186639,0.146312170621932,0.0949788088233502,0.12344540685836,128,75,53,1417,81,1574,1423.97133037334,"Without Controls","Republicans","Bandwidth Sensitivity",NA,NA,"Liberal Democratic Norms Index (0-1 factor score of 7 ANES items; higher = stronger liberal norm support)","No"
0.150929891110569,0.0607997704245865,0.0130497431980287,0.146779514565702,0.0607997704245865,0.0157721466588596,0.146779514565702,0.0909269531007654,0.106471587902573,139,82,57,1417,81,1701,1423.97133037334,"Without Controls","Republicans","Bandwidth Sensitivity",NA,NA,"Liberal Democratic Norms Index (0-1 factor score of 7 ANES items; higher = stronger liberal norm support)","No"
0.143528053575016,0.0588274559642764,0.0146948237500534,0.159569048714543,0.0588274559642764,0.00667792390531841,0.159569048714543,0.0876810500022705,0.0687771780200653,151,91,60,1417,81,1829,1423.97133037334,"Without Controls","Republicans","Bandwidth Sensitivity",NA,NA,"Liberal Democratic Norms Index (0-1 factor score of 7 ANES items; higher = stronger liberal norm support)","No"
0.136983955053522,0.0573889210105633,0.0169892283726195,0.167612178230881,0.0573889210105633,0.00349317118773614,0.167612178230881,0.0849886875086092,0.0485901515908129,158,95,63,1417,81,1956,1423.97133037334,"Without Controls","Republicans","Bandwidth Sensitivity",NA,NA,"Liberal Democratic Norms Index (0-1 factor score of 7 ANES items; higher = stronger liberal norm support)","No"
0.133015365818051,0.0563028515407989,0.0181522466409399,0.169645622832977,0.0563028515407989,0.00258601245580869,0.169645622832977,0.0826337286306041,0.0400742465588345,166,101,65,1417,81,2083,1423.97133037334,"Without Controls","Republicans","Bandwidth Sensitivity",NA,NA,"Liberal Democratic Norms Index (0-1 factor score of 7 ANES items; higher = stronger liberal norm support)","No"
0.13230479229033,0.0550944055751324,0.0163315919276402,0.163013991592547,0.0550944055751324,0.00308827384186936,0.163013991592547,0.0795721708018409,0.0404982407743755,175,107,68,1417,81,2211,1423.97133037334,"Without Controls","Republicans","Bandwidth Sensitivity",NA,NA,"Liberal Democratic Norms Index (0-1 factor score of 7 ANES items; higher = stronger liberal norm support)","No"
0.129318537740253,0.053748873744834,0.0161292935053881,0.161883656911455,0.053748873744834,0.00259659096691354,0.161883656911455,0.0764008590969052,0.0341012683676889,192,120,72,1417,81,2338,1423.97133037334,"Without Controls","Republicans","Bandwidth Sensitivity",NA,NA,"Liberal Democratic Norms Index (0-1 factor score of 7 ANES items; higher = stronger liberal norm support)","No"
0.12581299994939,0.0525120944921714,0.0165802393613233,0.16142341583764,0.0525120944921714,0.00211192751004905,0.16142341583764,0.0741513374880884,0.0294846386831168,200,125,75,1417,81,2466,1423.97133037334,"Without Controls","Republicans","Bandwidth Sensitivity",NA,NA,"Liberal Democratic Norms Index (0-1 factor score of 7 ANES items; higher = stronger liberal norm support)","No"
0.122299550573944,0.0514064429282755,0.0173563573223065,0.160955077580567,0.0514064429282755,0.00174194796760284,0.160955077580567,0.0724179468526041,0.0262437638143599,210,135,75,1417,81,2593,1423.97133037334,"Without Controls","Republicans","Bandwidth Sensitivity",NA,NA,"Liberal Democratic Norms Index (0-1 factor score of 7 ANES items; higher = stronger liberal norm support)","No"
0.118916147475181,0.0503530998202484,0.0181940542954257,0.159895340634381,0.0503530998202484,0.00149588021799841,0.159895340634381,0.0708616198507311,0.024042782448307,219,141,78,1417,81,2721,1423.97133037334,"Without Controls","Republicans","Bandwidth Sensitivity",NA,NA,"Liberal Democratic Norms Index (0-1 factor score of 7 ANES items; higher = stronger liberal norm support)","No"
0.11486488252209,0.049403185884513,0.0200692811665862,0.160659692507662,0.049403185884513,0.0011459168018057,0.160659692507662,0.0694417505872902,0.0206902600909742,229,150,79,1417,81,2848,1423.97133037334,"Without Controls","Republicans","Bandwidth Sensitivity",NA,NA,"Liberal Democratic Norms Index (0-1 factor score of 7 ANES items; higher = stronger liberal norm support)","No"
0.146581852823839,0.0580108723915057,0.011510714252486,0.229464019603058,0.0580108723915057,7.63636577778964e-05,0.229464019603058,0.0511104330784162,7.1366092417453e-06,38,17,21,1349,80,427,1423.97133037334,"With Controls","Republicans","Bandwidth Sensitivity",NA,NA,"Liberal Democratic Norms Index (0-1 factor score of 7 ANES items; higher = stronger liberal norm support)","No"
0.169286903573108,0.0646195442960885,0.00879948380297743,0.215740774957482,0.0646195442960885,0.000841925039114025,0.215740774957482,0.0653634773599072,0.000964673755207729,50,22,28,1349,80,555,1423.97133037334,"With Controls","Republicans","Bandwidth Sensitivity",NA,NA,"Liberal Democratic Norms Index (0-1 factor score of 7 ANES items; higher = stronger liberal norm support)","No"
0.184802122074234,0.0671824926635832,0.00594593250055518,0.226595652582516,0.0671824926635832,0.000743977577324901,0.226595652582516,0.0780181992964498,0.00367963834998818,63,28,35,1349,80,682,1423.97133037334,"With Controls","Republicans","Bandwidth Sensitivity",NA,NA,"Liberal Democratic Norms Index (0-1 factor score of 7 ANES items; higher = stronger liberal norm support)","No"
0.188953998838564,0.067831875216144,0.00534250466734423,0.234861949525144,0.067831875216144,0.000535355462310685,0.234861949525144,0.0823387672252635,0.00433923691988588,66,30,36,1349,80,809,1423.97133037334,"With Controls","Republicans","Bandwidth Sensitivity",NA,NA,"Liberal Democratic Norms Index (0-1 factor score of 7 ANES items; higher = stronger liberal norm support)","No"
0.185842018497236,0.0651004257009807,0.00430778463799516,0.227209321414621,0.0651004257009807,0.000482775290862514,0.227209321414621,0.0807211721140898,0.00488163172538286,73,35,38,1349,80,937,1423.97133037334,"With Controls","Republicans","Bandwidth Sensitivity",NA,NA,"Liberal Democratic Norms Index (0-1 factor score of 7 ANES items; higher = stronger liberal norm support)","No"
0.170898006663364,0.0591887665231522,0.00388515952930308,0.219047482999448,0.0591887665231522,0.000214896555484284,0.219047482999448,0.0758713893942084,0.00388823751410188,84,44,40,1349,80,1064,1423.97133037334,"With Controls","Republicans","Bandwidth Sensitivity",NA,NA,"Liberal Democratic Norms Index (0-1 factor score of 7 ANES items; higher = stronger liberal norm support)","No"
0.157983810602302,0.056357558361682,0.00505918702644547,0.211557923157301,0.056357558361682,0.000174137828465139,0.211557923157301,0.0736456620895013,0.00407049831914724,94,50,44,1349,80,1192,1423.97133037334,"With Controls","Republicans","Bandwidth Sensitivity",NA,NA,"Liberal Democratic Norms Index (0-1 factor score of 7 ANES items; higher = stronger liberal norm support)","No"
0.152859173411168,0.0551721135883159,0.00559552477281101,0.19866520312479,0.0551721135883159,0.000317207332449828,0.19866520312479,0.0716609806559092,0.0055662985307825,99,52,47,1349,80,1319,1423.97133037334,"With Controls","Republicans","Bandwidth Sensitivity",NA,NA,"Liberal Democratic Norms Index (0-1 factor score of 7 ANES items; higher = stronger liberal norm support)","No"
0.155737352659004,0.0540460760124396,0.00395703944062632,0.177105381108908,0.0540460760124396,0.00104941191784497,0.177105381108908,0.0683871961502405,0.00960471239191109,111,61,50,1349,80,1446,1423.97133037334,"With Controls","Republicans","Bandwidth Sensitivity",NA,NA,"Liberal Democratic Norms Index (0-1 factor score of 7 ANES items; higher = stronger liberal norm support)","No"
0.155503940641815,0.0524786974874402,0.00304476316567813,0.167806505221955,0.0524786974874402,0.00138570658298462,0.167806505221955,0.0658861603340026,0.0108679640723841,127,74,53,1349,80,1574,1423.97133037334,"With Controls","Republicans","Bandwidth Sensitivity",NA,NA,"Liberal Democratic Norms Index (0-1 factor score of 7 ANES items; higher = stronger liberal norm support)","No"
0.152648583826193,0.0510321893265308,0.00277863830001008,0.167361475512934,0.0510321893265308,0.00103981023328714,0.167361475512934,0.0645606754242643,0.00953330045542112,138,81,57,1349,80,1701,1423.97133037334,"With Controls","Republicans","Bandwidth Sensitivity",NA,NA,"Liberal Democratic Norms Index (0-1 factor score of 7 ANES items; higher = stronger liberal norm support)","No"
0.144046414036595,0.0499400505582384,0.00392176940075861,0.176605082680064,0.0499400505582384,0.00040570958268895,0.176605082680064,0.0637849207336186,0.00562702159279464,149,90,59,1349,80,1829,1423.97133037334,"With Controls","Republicans","Bandwidth Sensitivity",NA,NA,"Liberal Democratic Norms Index (0-1 factor score of 7 ANES items; higher = stronger liberal norm support)","No"
0.135626080956382,0.0491090360250824,0.00574953481588162,0.184694071578957,0.0491090360250824,0.000169304514076719,0.184694071578957,0.063183774453511,0.00346537351897387,156,94,62,1349,80,1956,1423.97133037334,"With Controls","Republicans","Bandwidth Sensitivity",NA,NA,"Liberal Democratic Norms Index (0-1 factor score of 7 ANES items; higher = stronger liberal norm support)","No"
0.129777356329509,0.0484108411291081,0.00734573991455862,0.186796483777438,0.0484108411291081,0.000114053708267089,0.186796483777438,0.0626352601560911,0.00286101242164958,164,100,64,1349,80,2083,1423.97133037334,"With Controls","Republicans","Bandwidth Sensitivity",NA,NA,"Liberal Democratic Norms Index (0-1 factor score of 7 ANES items; higher = stronger liberal norm support)","No"
0.127055123664559,0.047596371008261,0.00759803797550485,0.180177174487453,0.047596371008261,0.000153385421562804,0.180177174487453,0.0616869134978263,0.00349096865885449,172,105,67,1349,80,2211,1423.97133037334,"With Controls","Republicans","Bandwidth Sensitivity",NA,NA,"Liberal Democratic Norms Index (0-1 factor score of 7 ANES items; higher = stronger liberal norm support)","No"
0.122456742574387,0.0467102655871105,0.00875119794708751,0.177568868985125,0.0467102655871105,0.00014382529483967,0.177568868985125,0.0606414856223607,0.00340958317812089,189,118,71,1349,80,2338,1423.97133037334,"With Controls","Republicans","Bandwidth Sensitivity",NA,NA,"Liberal Democratic Norms Index (0-1 factor score of 7 ANES items; higher = stronger liberal norm support)","No"
0.117333316171422,0.0458646639819113,0.0105200171190088,0.175642556549506,0.0458646639819113,0.000128360368236555,0.175642556549506,0.059937036589978,0.00338470228754145,197,123,74,1349,80,2466,1423.97133037334,"With Controls","Republicans","Bandwidth Sensitivity",NA,NA,"Liberal Democratic Norms Index (0-1 factor score of 7 ANES items; higher = stronger liberal norm support)","No"
0.113006374530036,0.045086350938899,0.0121952674297268,0.173562081177429,0.045086350938899,0.000118335895598896,0.173562081177429,0.0593702540375289,0.00346248642038212,207,133,74,1349,80,2593,1423.97133037334,"With Controls","Republicans","Bandwidth Sensitivity",NA,NA,"Liberal Democratic Norms Index (0-1 factor score of 7 ANES items; higher = stronger liberal norm support)","No"
0.109276483812242,0.0443132928920662,0.0136632164560168,0.170402974120143,0.0443132928920662,0.000120348878586563,0.170402974120143,0.0587405997797156,0.00372044732216498,216,139,77,1349,80,2721,1423.97133037334,"With Controls","Republicans","Bandwidth Sensitivity",NA,NA,"Liberal Democratic Norms Index (0-1 factor score of 7 ANES items; higher = stronger liberal norm support)","No"
0.104960484762971,0.0436261758105743,0.0161324083843086,0.168976173629291,0.0436261758105743,0.000107382568404024,0.168976173629291,0.0581096665158401,0.00363883205240502,226,148,78,1349,80,2848,1423.97133037334,"With Controls","Republicans","Bandwidth Sensitivity",NA,NA,"Liberal Democratic Norms Index (0-1 factor score of 7 ANES items; higher = stronger liberal norm support)","No"
-0.0982803354515294,0.0896799847077618,0.273122342849499,-0.0994225728938998,0.0896799847077618,0.267586695786508,-0.0994225728938998,0.110965223032266,0.370263674328892,141,76,65,1387,111,NA,NA,"Without Controls","Republicans","Placebo Cutoff Test",-730,NA,"Liberal Democratic Norms Index (0-1 factor score of 7 ANES items; higher = stronger liberal norm support)","No"
0.0413046697721635,0.0856259899241875,0.629532668745794,0.0489753936064155,0.0856259899241875,0.567343120744476,0.0489753936064155,0.100312594926435,0.62538852312189,116,65,51,1404,94,NA,NA,"Without Controls","Republicans","Placebo Cutoff Test",-365,NA,"Liberal Democratic Norms Index (0-1 factor score of 7 ANES items; higher = stronger liberal norm support)","No"
0.141383475665726,0.0693716438423567,0.0415440723160404,0.154955642479705,0.0693716438423567,0.0255026276382555,0.154955642479705,0.0840526963093781,0.0652482380175586,101,54,47,1417,81,NA,NA,"Without Controls","Republicans","Placebo Cutoff Test",0,NA,"Liberal Democratic Norms Index (0-1 factor score of 7 ANES items; higher = stronger liberal norm support)","No"
0.0573269769188262,0.0510770216678412,0.261707982700732,0.0457292083792902,0.0510770216678412,0.370627254255987,0.0457292083792902,0.0599454393482521,0.445554549855513,116,70,46,1434,64,NA,NA,"Without Controls","Republicans","Placebo Cutoff Test",365,NA,"Liberal Democratic Norms Index (0-1 factor score of 7 ANES items; higher = stronger liberal norm support)","No"
-0.0245983756483943,0.0822054185297686,0.764764112723596,-0.0372855633806179,0.0822054185297686,0.650141400278023,-0.0372855633806179,0.108174939534569,0.730336170253568,106,69,37,1452,46,NA,NA,"Without Controls","Republicans","Placebo Cutoff Test",730,NA,"Liberal Democratic Norms Index (0-1 factor score of 7 ANES items; higher = stronger liberal norm support)","No"
-0.0684367350601683,0.0784171966486383,0.382812382080457,-0.0729991960267058,0.0784171966486383,0.351901153753526,-0.0729991960267058,0.0968211454680241,0.450873704717983,156,89,67,1320,109,NA,NA,"With Controls","Republicans","Placebo Cutoff Test",-730,NA,"Liberal Democratic Norms Index (0-1 factor score of 7 ANES items; higher = stronger liberal norm support)","No"
0.0220468366902761,0.0699265618999302,0.752544831901504,0.0261458885311478,0.0699265618999302,0.708475023990855,0.0261458885311478,0.0830864823254375,0.753002489983498,143,83,60,1336,93,NA,NA,"With Controls","Republicans","Placebo Cutoff Test",-365,NA,"Liberal Democratic Norms Index (0-1 factor score of 7 ANES items; higher = stronger liberal norm support)","No"
0.155332730735608,0.0543557755203953,0.00426717906576182,0.182131793045871,0.0543557755203953,0.000805974252354682,0.182131793045871,0.0650560076311124,0.00511635440098622,109,61,48,1349,80,NA,NA,"With Controls","Republicans","Placebo Cutoff Test",0,NA,"Liberal Democratic Norms Index (0-1 factor score of 7 ANES items; higher = stronger liberal norm support)","No"
0.0170185003607402,0.0470987602107466,0.717847924040965,0.0103281972845592,0.0470987602107466,0.826425637009252,0.0103281972845592,0.0560851492304699,0.853894145553805,106,64,42,1366,63,NA,NA,"With Controls","Republicans","Placebo Cutoff Test",365,NA,"Liberal Democratic Norms Index (0-1 factor score of 7 ANES items; higher = stronger liberal norm support)","No"
-0.0491016548470349,0.0654196417924903,0.45291484672859,-0.0659656557683559,0.0654196417924903,0.313288228192126,-0.0659656557683559,0.0825264225030458,0.424100419202394,121,82,39,1384,45,NA,NA,"With Controls","Republicans","Placebo Cutoff Test",730,NA,"Liberal Democratic Norms Index (0-1 factor score of 7 ANES items; higher = stronger liberal norm support)","No"
0.141383475665726,0.0693716438423567,0.0415440723160404,0.154955642479705,0.0693716438423567,0.0255026276382555,0.154955642479705,0.0840526963093781,0.0652482380175586,101,54,47,1417,81,NA,NA,"Without Controls","Republicans","Polynomial Degree Sensitivity",NA,1,"Liberal Democratic Norms Index (0-1 factor score of 7 ANES items; higher = stronger liberal norm support)","No"
0.146377124198936,0.096016235864456,0.127382888150861,0.139567942534823,0.096016235864456,0.146060871302912,0.139567942534823,0.110457413814618,0.206393288968206,123,71,52,1417,81,NA,NA,"Without Controls","Republicans","Polynomial Degree Sensitivity",NA,2,"Liberal Democratic Norms Index (0-1 factor score of 7 ANES items; higher = stronger liberal norm support)","No"
0.201493707250135,0.119295136730011,0.0912126489908836,0.239300423905363,0.119295136730011,0.044861274834703,0.239300423905363,0.128927824274023,0.063442081032992,133,78,55,1417,81,NA,NA,"Without Controls","Republicans","Polynomial Degree Sensitivity",NA,3,"Liberal Democratic Norms Index (0-1 factor score of 7 ANES items; higher = stronger liberal norm support)","No"
0.155332730735608,0.0543557755203953,0.00426717906576182,0.182131793045871,0.0543557755203953,0.000805974252354682,0.182131793045871,0.0650560076311124,0.00511635440098622,109,61,48,1349,80,NA,NA,"With Controls","Republicans","Polynomial Degree Sensitivity",NA,1,"Liberal Democratic Norms Index (0-1 factor score of 7 ANES items; higher = stronger liberal norm support)","No"
0.178381698982445,0.0686914885678594,0.0094082174956002,0.171893408975513,0.0686914885678594,0.0123355340563987,0.171893408975513,0.078190252743845,0.0279206525457434,112,62,50,1349,80,NA,NA,"With Controls","Republicans","Polynomial Degree Sensitivity",NA,2,"Liberal Democratic Norms Index (0-1 factor score of 7 ANES items; higher = stronger liberal norm support)","No"
0.232455373897978,0.0786426616566001,0.00311815604472793,0.256565539276589,0.0786426616566001,0.00110464618124162,0.256565539276589,0.0855413617715193,0.00270586876769434,127,74,53,1349,80,NA,NA,"With Controls","Republicans","Polynomial Degree Sensitivity",NA,3,"Liberal Democratic Norms Index (0-1 factor score of 7 ANES items; higher = stronger liberal norm support)","No"
0.102593794786889,0.122072336918825,0.400664851949543,0.279726584675557,0.122072336918825,0.0219355413842056,0.279726584675557,0.172507533379015,0.104903469814948,63,30,33,2599,183,383,1277.68006472812,"Without Controls","Expect In-Party Win","Bandwidth Sensitivity",NA,NA,"Liberal Democratic Norms Index (0-1 factor score of 7 ANES items; higher = stronger liberal norm support)","No"
0.0687674467524422,0.107920759302433,0.523992532323164,0.191823361862331,0.107920759302433,0.0754948272304445,0.191823361862331,0.155732581784891,0.218043075664913,82,38,44,2599,183,498,1277.68006472812,"Without Controls","Expect In-Party Win","Bandwidth Sensitivity",NA,NA,"Liberal Democratic Norms Index (0-1 factor score of 7 ANES items; higher = stronger liberal norm support)","No"
0.0803766309835012,0.0934360759437429,0.389661590120034,0.106882331090997,0.0934360759437429,0.252661542905672,0.106882331090997,0.139699258778962,0.44421869921897,111,56,55,2599,183,612,1277.68006472812,"Without Controls","Expect In-Party Win","Bandwidth Sensitivity",NA,NA,"Liberal Democratic Norms Index (0-1 factor score of 7 ANES items; higher = stronger liberal norm support)","No"
0.0907994534192249,0.0842328793904428,0.281052779514218,0.0827514656723971,0.0842328793904428,0.325896483284142,0.0827514656723971,0.13041963236063,0.525753521619279,136,73,63,2599,183,726,1277.68006472812,"Without Controls","Expect In-Party Win","Bandwidth Sensitivity",NA,NA,"Liberal Democratic Norms Index (0-1 factor score of 7 ANES items; higher = stronger liberal norm support)","No"
0.100606580735231,0.0786870794396563,0.201050124871813,0.0713029669297351,0.0786870794396563,0.364851958109281,0.0713029669297351,0.122130337769843,0.559336830890704,149,79,70,2599,183,841,1277.68006472812,"Without Controls","Expect In-Party Win","Bandwidth Sensitivity",NA,NA,"Liberal Democratic Norms Index (0-1 factor score of 7 ANES items; higher = stronger liberal norm support)","No"
0.111215120325815,0.0742108072541008,0.13396762298537,0.066723772352614,0.0742108072541008,0.368593401498292,0.066723772352614,0.113965888983775,0.558230769464459,164,89,75,2599,183,955,1277.68006472812,"Without Controls","Expect In-Party Win","Bandwidth Sensitivity",NA,NA,"Liberal Democratic Norms Index (0-1 factor score of 7 ANES items; higher = stronger liberal norm support)","No"
0.112635159531453,0.0695290011079875,0.10523790697138,0.0814850637148221,0.0695290011079875,0.241213949951597,0.0814850637148221,0.106273032657186,0.443228961196695,182,103,79,2599,183,1069,1277.68006472812,"Without Controls","Expect In-Party Win","Bandwidth Sensitivity",NA,NA,"Liberal Democratic Norms Index (0-1 factor score of 7 ANES items; higher = stronger liberal norm support)","No"
0.106381964593099,0.064837270194846,0.100848637302824,0.101255788866948,0.064837270194846,0.118360772613984,0.101255788866948,0.100059406509714,0.311558747295808,205,115,90,2599,183,1184,1277.68006472812,"Without Controls","Expect In-Party Win","Bandwidth Sensitivity",NA,NA,"Liberal Democratic Norms Index (0-1 factor score of 7 ANES items; higher = stronger liberal norm support)","No"
0.102025682350954,0.0608672845129368,0.093699217063853,0.108732856515723,0.0608672845129368,0.0740357398470019,0.108732856515723,0.095557562641315,0.255171392821633,220,126,94,2599,183,1298,1277.68006472812,"Without Controls","Expect In-Party Win","Bandwidth Sensitivity",NA,NA,"Liberal Democratic Norms Index (0-1 factor score of 7 ANES items; higher = stronger liberal norm support)","No"
0.100597936486832,0.058391124143781,0.0849194079987383,0.107876100729388,0.058391124143781,0.0646784306813748,0.107876100729388,0.092884413343417,0.245478642876822,236,141,95,2599,183,1412,1277.68006472812,"Without Controls","Expect In-Party Win","Bandwidth Sensitivity",NA,NA,"Liberal Democratic Norms Index (0-1 factor score of 7 ANES items; higher = stronger liberal norm support)","No"
0.101045202381273,0.0556247292123023,0.0692857683891209,0.105289446039867,0.0556247292123023,0.058377395989203,0.105289446039867,0.0879046273206345,0.231006921217231,259,152,107,2599,183,1526,1277.68006472812,"Without Controls","Expect In-Party Win","Bandwidth Sensitivity",NA,NA,"Liberal Democratic Norms Index (0-1 factor score of 7 ANES items; higher = stronger liberal norm support)","No"
0.0997906562151409,0.0530309121958468,0.059870640661503,0.106533385801139,0.0530309121958468,0.0445485674452928,0.106533385801139,0.0837732920179778,0.203484438783887,283,169,114,2599,183,1641,1277.68006472812,"Without Controls","Expect In-Party Win","Bandwidth Sensitivity",NA,NA,"Liberal Democratic Norms Index (0-1 factor score of 7 ANES items; higher = stronger liberal norm support)","No"
0.0967044064055533,0.0509631460702458,0.0577572267904001,0.110871948512254,0.0509631460702458,0.0295902824833085,0.110871948512254,0.0806140905580545,0.169025425957686,307,186,121,2599,183,1755,1277.68006472812,"Without Controls","Expect In-Party Win","Bandwidth Sensitivity",NA,NA,"Liberal Democratic Norms Index (0-1 factor score of 7 ANES items; higher = stronger liberal norm support)","No"
0.0904116954593419,0.0491323276477322,0.0657437008389821,0.118044017584849,0.0491323276477322,0.0162801723551148,0.118044017584849,0.0777925092048221,0.129160326387574,323,200,123,2599,183,1869,1277.68006472812,"Without Controls","Expect In-Party Win","Bandwidth Sensitivity",NA,NA,"Liberal Democratic Norms Index (0-1 factor score of 7 ANES items; higher = stronger liberal norm support)","No"
0.0854942012411049,0.0477677182533982,0.0734876208672116,0.121682286006024,0.0477677182533982,0.0108536763937459,0.121682286006024,0.0756644162451475,0.107794937153661,335,209,126,2599,183,1984,1277.68006472812,"Without Controls","Expect In-Party Win","Bandwidth Sensitivity",NA,NA,"Liberal Democratic Norms Index (0-1 factor score of 7 ANES items; higher = stronger liberal norm support)","No"
0.0825788219966921,0.046599001063887,0.0763753511348471,0.120302325873285,0.046599001063887,0.00983291598074204,0.120302325873285,0.0735032592422765,0.101694473084528,355,223,132,2599,183,2098,1277.68006472812,"Without Controls","Expect In-Party Win","Bandwidth Sensitivity",NA,NA,"Liberal Democratic Norms Index (0-1 factor score of 7 ANES items; higher = stronger liberal norm support)","No"
0.0819197050255935,0.0453018081543362,0.0705582927257899,0.114471078889824,0.0453018081543362,0.0115089164176618,0.114471078889824,0.0706221198097956,0.105040043949276,377,233,144,2599,183,2212,1277.68006472812,"Without Controls","Expect In-Party Win","Bandwidth Sensitivity",NA,NA,"Liberal Democratic Norms Index (0-1 factor score of 7 ANES items; higher = stronger liberal norm support)","No"
0.081343901743371,0.0440337596478403,0.0647025625972473,0.110513391969996,0.0440337596478403,0.0120819274644487,0.110513391969996,0.0680707871932553,0.104481091835956,396,244,152,2599,183,2327,1277.68006472812,"Without Controls","Expect In-Party Win","Bandwidth Sensitivity",NA,NA,"Liberal Democratic Norms Index (0-1 factor score of 7 ANES items; higher = stronger liberal norm support)","No"
0.0803216694754849,0.0429344191281377,0.0613729427191716,0.108527084383648,0.0429344191281377,0.0114799059193113,0.108527084383648,0.0660887410333502,0.100560620042932,412,252,160,2599,183,2441,1277.68006472812,"Without Controls","Expect In-Party Win","Bandwidth Sensitivity",NA,NA,"Liberal Democratic Norms Index (0-1 factor score of 7 ANES items; higher = stronger liberal norm support)","No"
0.0798120422869475,0.0419364219927155,0.0570186710403588,0.104640282367816,0.0419364219927155,0.0125881735660647,0.104640282367816,0.06428486222265,0.103575933527616,433,267,166,2599,183,2555,1277.68006472812,"Without Controls","Expect In-Party Win","Bandwidth Sensitivity",NA,NA,"Liberal Democratic Norms Index (0-1 factor score of 7 ANES items; higher = stronger liberal norm support)","No"
0.168833906231413,0.109810212237679,0.124169344265071,0.2965370803644,0.109810212237679,0.0069245568822728,0.2965370803644,0.160704864089174,0.0650044103355984,63,30,33,2496,179,383,1277.68006472812,"With Controls","Expect In-Party Win","Bandwidth Sensitivity",NA,NA,"Liberal Democratic Norms Index (0-1 factor score of 7 ANES items; higher = stronger liberal norm support)","No"
0.133074774042171,0.0971650039669654,0.170819563862647,0.207143700876601,0.0971650039669654,0.03301707479766,0.207143700876601,0.142338017387001,0.145587812724132,82,38,44,2496,179,498,1277.68006472812,"With Controls","Expect In-Party Win","Bandwidth Sensitivity",NA,NA,"Liberal Democratic Norms Index (0-1 factor score of 7 ANES items; higher = stronger liberal norm support)","No"
0.125830922111836,0.0862383186559661,0.144535699171931,0.145557348196627,0.0862383186559661,0.0914400221566785,0.145557348196627,0.129641902818455,0.261537454076548,109,54,55,2496,179,612,1277.68006472812,"With Controls","Expect In-Party Win","Bandwidth Sensitivity",NA,NA,"Liberal Democratic Norms Index (0-1 factor score of 7 ANES items; higher = stronger liberal norm support)","No"
0.128367954491657,0.0797046191554058,0.1072787146029,0.115510142498249,0.0797046191554058,0.147274002179595,0.115510142498249,0.123081108205912,0.347993683406809,134,71,63,2496,179,726,1277.68006472812,"With Controls","Expect In-Party Win","Bandwidth Sensitivity",NA,NA,"Liberal Democratic Norms Index (0-1 factor score of 7 ANES items; higher = stronger liberal norm support)","No"
0.13074227911063,0.0753410578276295,0.0826807703204495,0.106634004333469,0.0753410578276295,0.156965753465053,0.106634004333469,0.116907978909414,0.361706007575695,147,77,70,2496,179,841,1277.68006472812,"With Controls","Expect In-Party Win","Bandwidth Sensitivity",NA,NA,"Liberal Democratic Norms Index (0-1 factor score of 7 ANES items; higher = stronger liberal norm support)","No"
0.131074841609775,0.0719249228821137,0.0683967132889435,0.100989077399736,0.0719249228821137,0.16029199957751,0.100989077399736,0.111146598771235,0.363555236096494,162,87,75,2496,179,955,1277.68006472812,"With Controls","Expect In-Party Win","Bandwidth Sensitivity",NA,NA,"Liberal Democratic Norms Index (0-1 factor score of 7 ANES items; higher = stronger liberal norm support)","No"
0.126801755833121,0.0681754598963048,0.0628950718037021,0.103740311639822,0.0681754598963048,0.128092672269971,0.103740311639822,0.105441099114332,0.325179541037321,180,101,79,2496,179,1069,1277.68006472812,"With Controls","Expect In-Party Win","Bandwidth Sensitivity",NA,NA,"Liberal Democratic Norms Index (0-1 factor score of 7 ANES items; higher = stronger liberal norm support)","No"
0.113313931822915,0.064026383268301,0.0767603631328165,0.120682520993663,0.064026383268301,0.059445046016609,0.120682520993663,0.100058059254253,0.227769318752277,203,113,90,2496,179,1184,1277.68006472812,"With Controls","Expect In-Party Win","Bandwidth Sensitivity",NA,NA,"Liberal Democratic Norms Index (0-1 factor score of 7 ANES items; higher = stronger liberal norm support)","No"
0.101507160139635,0.0602766118857268,0.0921773541350656,0.127753659878191,0.0602766118857268,0.0340519020384408,0.127753659878191,0.0959540331607341,0.183055852419383,218,124,94,2496,179,1298,1277.68006472812,"With Controls","Expect In-Party Win","Bandwidth Sensitivity",NA,NA,"Liberal Democratic Norms Index (0-1 factor score of 7 ANES items; higher = stronger liberal norm support)","No"
0.0952045978816792,0.0579040035237045,0.100139050542502,0.125950930123001,0.0579040035237045,0.0296175362265331,0.125950930123001,0.0935885334418279,0.178368811561502,234,139,95,2496,179,1412,1277.68006472812,"With Controls","Expect In-Party Win","Bandwidth Sensitivity",NA,NA,"Liberal Democratic Norms Index (0-1 factor score of 7 ANES items; higher = stronger liberal norm support)","No"
0.092886190918036,0.0551112225158343,0.0919053487671561,0.117523568584888,0.0551112225158343,0.0329674236288978,0.117523568584888,0.0885408896997055,0.184397342861928,257,150,107,2496,179,1526,1277.68006472812,"With Controls","Expect In-Party Win","Bandwidth Sensitivity",NA,NA,"Liberal Democratic Norms Index (0-1 factor score of 7 ANES items; higher = stronger liberal norm support)","No"
0.0901220873454094,0.0524448020907925,0.0857204153551636,0.114727676637442,0.0524448020907925,0.0286995475979826,0.114727676637442,0.08429275937682,0.173494078433442,280,167,113,2496,179,1641,1277.68006472812,"With Controls","Expect In-Party Win","Bandwidth Sensitivity",NA,NA,"Liberal Democratic Norms Index (0-1 factor score of 7 ANES items; higher = stronger liberal norm support)","No"
0.0863039927672644,0.0502895400694434,0.0861360524447692,0.115886058781057,0.0502895400694434,0.0212014907324676,0.115886058781057,0.0810161520679257,0.152600283730734,303,184,119,2496,179,1755,1277.68006472812,"With Controls","Expect In-Party Win","Bandwidth Sensitivity",NA,NA,"Liberal Democratic Norms Index (0-1 factor score of 7 ANES items; higher = stronger liberal norm support)","No"
0.0803897840003037,0.0484014130734721,0.0967340426330103,0.118797969711038,0.0484014130734721,0.0141107409329366,0.118797969711038,0.0781742161688311,0.128597284821781,319,198,121,2496,179,1869,1277.68006472812,"With Controls","Expect In-Party Win","Bandwidth Sensitivity",NA,NA,"Liberal Democratic Norms Index (0-1 factor score of 7 ANES items; higher = stronger liberal norm support)","No"
0.0757184747407921,0.0469663396276624,0.106921473055815,0.119361418204677,0.0469663396276624,0.0110401706627577,0.119361418204677,0.0759829078692269,0.116206281489066,331,207,124,2496,179,1984,1277.68006472812,"With Controls","Expect In-Party Win","Bandwidth Sensitivity",NA,NA,"Liberal Democratic Norms Index (0-1 factor score of 7 ANES items; higher = stronger liberal norm support)","No"
0.0729892269226484,0.0457182802133729,0.110377242056573,0.116384105838527,0.0457182802133729,0.0109065156956964,0.116384105838527,0.0737309185371175,0.114451252253824,351,221,130,2496,179,2098,1277.68006472812,"With Controls","Expect In-Party Win","Bandwidth Sensitivity",NA,NA,"Liberal Democratic Norms Index (0-1 factor score of 7 ANES items; higher = stronger liberal norm support)","No"
0.0728084946875266,0.0443353340290625,0.100543847200515,0.107991540088183,0.0443353340290625,0.0148593297929127,0.107991540088183,0.0707171268898615,0.126738201526646,371,230,141,2496,179,2212,1277.68006472812,"With Controls","Expect In-Party Win","Bandwidth Sensitivity",NA,NA,"Liberal Democratic Norms Index (0-1 factor score of 7 ANES items; higher = stronger liberal norm support)","No"
0.0728074952670511,0.0430146011162228,0.0905272853248133,0.10096655385977,0.0430146011162228,0.0189119331404633,0.10096655385977,0.0681149937177025,0.138261664890065,390,241,149,2496,179,2327,1277.68006472812,"With Controls","Expect In-Party Win","Bandwidth Sensitivity",NA,NA,"Liberal Democratic Norms Index (0-1 factor score of 7 ANES items; higher = stronger liberal norm support)","No"
0.0719561374712026,0.0418515959003597,0.0855567654453953,0.0974458868490634,0.0418515959003597,0.0198926091030636,0.0974458868490634,0.0660597022854684,0.140180696082702,406,249,157,2496,179,2441,1277.68006472812,"With Controls","Expect In-Party Win","Bandwidth Sensitivity",NA,NA,"Liberal Democratic Norms Index (0-1 factor score of 7 ANES items; higher = stronger liberal norm support)","No"
0.0715234855098545,0.0407947059868559,0.0795584005297143,0.092777861312414,0.0407947059868559,0.0229502212504669,0.092777861312414,0.0642105754739851,0.148485972793943,427,264,163,2496,179,2555,1277.68006472812,"With Controls","Expect In-Party Win","Bandwidth Sensitivity",NA,NA,"Liberal Democratic Norms Index (0-1 factor score of 7 ANES items; higher = stronger liberal norm support)","No"
-0.0916118366742829,0.0620578673173605,0.139881504652464,-0.0991416226373906,0.0620578673173605,0.110139297613466,-0.0991416226373906,0.0750289355047827,0.186375189487076,237,127,110,2526,256,NA,NA,"Without Controls","Expect In-Party Win","Placebo Cutoff Test",-730,NA,"Liberal Democratic Norms Index (0-1 factor score of 7 ANES items; higher = stronger liberal norm support)","No"
-0.0446666492116499,0.0668419128890129,0.503978407241885,-0.0482770414370333,0.0668419128890129,0.470136466625796,-0.0482770414370333,0.0790730426034468,0.54150594676994,242,142,100,2571,211,NA,NA,"Without Controls","Expect In-Party Win","Placebo Cutoff Test",-365,NA,"Liberal Democratic Norms Index (0-1 factor score of 7 ANES items; higher = stronger liberal norm support)","No"
0.102513426693476,0.0612346975350084,0.0941096014758566,0.11755564516945,0.0612346975350084,0.0548887947856011,0.11755564516945,0.0757438551930747,0.120658490003735,219,125,94,2599,183,NA,NA,"Without Controls","Expect In-Party Win","Placebo Cutoff Test",0,NA,"Liberal Democratic Norms Index (0-1 factor score of 7 ANES items; higher = stronger liberal norm support)","No"
-0.00925950775224416,0.0516034520756962,0.85759550727317,-0.0254892678527174,0.0516034520756962,0.621345013040186,-0.0254892678527174,0.0599415789516524,0.670665244103106,185,111,74,2632,150,NA,NA,"Without Controls","Expect In-Party Win","Placebo Cutoff Test",365,NA,"Liberal Democratic Norms Index (0-1 factor score of 7 ANES items; higher = stronger liberal norm support)","No"
-0.00608381184695705,0.0522767030216047,0.90735367221706,-0.0203625457426142,0.0522767030216047,0.696895418078044,-0.0203625457426142,0.0662180266285826,0.758457047206383,202,129,73,2662,120,NA,NA,"Without Controls","Expect In-Party Win","Placebo Cutoff Test",730,NA,"Liberal Democratic Norms Index (0-1 factor score of 7 ANES items; higher = stronger liberal norm support)","No"
-0.0640976877592846,0.0506183771456707,0.205408265022139,-0.0695781719363782,0.0506183771456707,0.169266821548946,-0.0695781719363782,0.0605468668270969,0.250489095816896,244,131,113,2425,250,NA,NA,"With Controls","Expect In-Party Win","Placebo Cutoff Test",-730,NA,"Liberal Democratic Norms Index (0-1 factor score of 7 ANES items; higher = stronger liberal norm support)","No"
-0.0407720735948008,0.0615262522833295,0.50753701319574,-0.0449195407547233,0.0615262522833295,0.465336770647341,-0.0449195407547233,0.0725346196648518,0.535729179908102,245,143,102,2468,207,NA,NA,"With Controls","Expect In-Party Win","Placebo Cutoff Test",-365,NA,"Liberal Democratic Norms Index (0-1 factor score of 7 ANES items; higher = stronger liberal norm support)","No"
0.103246225817541,0.0607763533408582,0.0893588684911508,0.121846338893598,0.0607763533408582,0.0449810791448568,0.121846338893598,0.0753341360210023,0.105789367751777,217,123,94,2496,179,NA,NA,"With Controls","Expect In-Party Win","Placebo Cutoff Test",0,NA,"Liberal Democratic Norms Index (0-1 factor score of 7 ANES items; higher = stronger liberal norm support)","No"
-0.0244460918749203,0.0497019941171626,0.622823024757393,-0.0369817012910396,0.0497019941171626,0.456834875790022,-0.0369817012910396,0.0579200431052075,0.523151020537957,174,104,70,2529,146,NA,NA,"With Controls","Expect In-Party Win","Placebo Cutoff Test",365,NA,"Liberal Democratic Norms Index (0-1 factor score of 7 ANES items; higher = stronger liberal norm support)","No"
0.00404129809912433,0.048347242824629,0.933383206170351,-0.0126249817729536,0.048347242824629,0.79399120064441,-0.0126249817729536,0.0621364362240265,0.838993078320851,216,138,78,2559,116,NA,NA,"With Controls","Expect In-Party Win","Placebo Cutoff Test",730,NA,"Liberal Democratic Norms Index (0-1 factor score of 7 ANES items; higher = stronger liberal norm support)","No"
0.102513426693476,0.0612346975350084,0.0941096014758566,0.11755564516945,0.0612346975350084,0.0548887947856011,0.11755564516945,0.0757438551930747,0.120658490003735,219,125,94,2599,183,NA,NA,"Without Controls","Expect In-Party Win","Polynomial Degree Sensitivity",NA,1,"Liberal Democratic Norms Index (0-1 factor score of 7 ANES items; higher = stronger liberal norm support)","No"
0.107805000097084,0.0820157018431627,0.188697024816127,0.110430170384634,0.0820157018431627,0.17815692960333,0.110430170384634,0.0958870020267603,0.249456761279219,294,177,117,2599,183,NA,NA,"Without Controls","Expect In-Party Win","Polynomial Degree Sensitivity",NA,2,"Liberal Democratic Norms Index (0-1 factor score of 7 ANES items; higher = stronger liberal norm support)","No"
0.0920659500359999,0.108429347837123,0.395832881695889,0.0751126652564231,0.108429347837123,0.488476674943379,0.0751126652564231,0.120100876871337,0.531699947172566,314,192,122,2599,183,NA,NA,"Without Controls","Expect In-Party Win","Polynomial Degree Sensitivity",NA,3,"Liberal Democratic Norms Index (0-1 factor score of 7 ANES items; higher = stronger liberal norm support)","No"
0.103246225817541,0.0607763533408582,0.0893588684911508,0.121846338893598,0.0607763533408582,0.0449810791448568,0.121846338893598,0.0753341360210023,0.105789367751777,217,123,94,2496,179,NA,NA,"With Controls","Expect In-Party Win","Polynomial Degree Sensitivity",NA,1,"Liberal Democratic Norms Index (0-1 factor score of 7 ANES items; higher = stronger liberal norm support)","No"
0.117874523183821,0.0798040149664465,0.139662225259846,0.13143347940846,0.0798040149664465,0.0995676615702559,0.13143347940846,0.0934031304871337,0.159378901335959,311,190,121,2496,179,NA,NA,"With Controls","Expect In-Party Win","Polynomial Degree Sensitivity",NA,2,"Liberal Democratic Norms Index (0-1 factor score of 7 ANES items; higher = stronger liberal norm support)","No"
0.114400826959433,0.104352995086315,0.272953217476783,0.107831102489566,0.104352995086315,0.301449393555424,0.107831102489566,0.116135552272298,0.353151650960556,334,210,124,2496,179,NA,NA,"With Controls","Expect In-Party Win","Polynomial Degree Sensitivity",NA,3,"Liberal Democratic Norms Index (0-1 factor score of 7 ANES items; higher = stronger liberal norm support)","No"
0.0273634449886014,0.389012655540738,0.943922442786831,-0.062021830968501,0.389012655540738,0.873326979198443,-0.062021830968501,0.682499959756056,0.927592325922891,27,12,15,359,42,602,2005.48415992315,"Without Controls","Expect In-Party Loss","Bandwidth Sensitivity",NA,NA,"Liberal Democratic Norms Index (0-1 factor score of 7 ANES items; higher = stronger liberal norm support)","No"
0.0639791267646126,0.342687100137181,0.851897125603579,-0.0534128591848302,0.342687100137181,0.876139585103178,-0.0534128591848302,0.547623571065063,0.922300969145657,32,15,17,359,42,781,2005.48415992315,"Without Controls","Expect In-Party Loss","Bandwidth Sensitivity",NA,NA,"Liberal Democratic Norms Index (0-1 factor score of 7 ANES items; higher = stronger liberal norm support)","No"
0.0907453253642223,0.29340311679714,0.757104371137718,-0.024784966557126,0.29340311679714,0.932679488119892,-0.024784966557126,0.460324390690095,0.957060734091515,43,24,19,359,42,961,2005.48415992315,"Without Controls","Expect In-Party Loss","Bandwidth Sensitivity",NA,NA,"Liberal Democratic Norms Index (0-1 factor score of 7 ANES items; higher = stronger liberal norm support)","No"
0.103696273962846,0.259551351911323,0.689509187900476,0.00802663315139229,0.259551351911323,0.975329329006552,0.00802663315139229,0.423069450873396,0.984863141342748,49,28,21,359,42,1140,2005.48415992315,"Without Controls","Expect In-Party Loss","Bandwidth Sensitivity",NA,NA,"Liberal Democratic Norms Index (0-1 factor score of 7 ANES items; higher = stronger liberal norm support)","No"
0.117761007544016,0.230328677324101,0.609159380353757,0.0471128984873674,0.230328677324101,0.837926547529722,0.0471128984873674,0.379460072459416,0.901190395487489,57,32,25,359,42,1319,2005.48415992315,"Without Controls","Expect In-Party Loss","Bandwidth Sensitivity",NA,NA,"Liberal Democratic Norms Index (0-1 factor score of 7 ANES items; higher = stronger liberal norm support)","No"
0.135094409223927,0.210289609597146,0.520600028887819,0.0525385825131686,0.210289609597146,0.802711723153068,0.0525385825131686,0.354019112071496,0.882022315779074,62,35,27,359,42,1499,2005.48415992315,"Without Controls","Expect In-Party Loss","Bandwidth Sensitivity",NA,NA,"Liberal Democratic Norms Index (0-1 factor score of 7 ANES items; higher = stronger liberal norm support)","No"
0.150551512277225,0.193176728937456,0.435775920402588,0.0548777158191569,0.193176728937456,0.776348793208801,0.0548777158191569,0.325547014754668,0.866134261882187,72,41,31,359,42,1678,2005.48415992315,"Without Controls","Expect In-Party Loss","Bandwidth Sensitivity",NA,NA,"Liberal Democratic Norms Index (0-1 factor score of 7 ANES items; higher = stronger liberal norm support)","No"
0.147546972592865,0.178902036830595,0.409521417629474,0.0708033121525804,0.178902036830595,0.692277790554413,0.0708033121525804,0.306385190174291,0.817242960357983,75,43,32,359,42,1858,2005.48415992315,"Without Controls","Expect In-Party Loss","Bandwidth Sensitivity",NA,NA,"Liberal Democratic Norms Index (0-1 factor score of 7 ANES items; higher = stronger liberal norm support)","No"
0.154682455124211,0.168595722080297,0.358893492258613,0.088412664347389,0.168595722080297,0.599995952777545,0.088412664347389,0.284951273351685,0.756353420498209,80,44,36,359,42,2037,2005.48415992315,"Without Controls","Expect In-Party Loss","Bandwidth Sensitivity",NA,NA,"Liberal Democratic Norms Index (0-1 factor score of 7 ANES items; higher = stronger liberal norm support)","No"
0.155669421484994,0.159322487686021,0.328533882058979,0.110144605728919,0.159322487686021,0.489357432534909,0.110144605728919,0.267102082209689,0.680069016484933,86,48,38,359,42,2217,2005.48415992315,"Without Controls","Expect In-Party Loss","Bandwidth Sensitivity",NA,NA,"Liberal Democratic Norms Index (0-1 factor score of 7 ANES items; higher = stronger liberal norm support)","No"
0.150624227773172,0.149413000658042,0.31340330338555,0.117340873177932,0.149413000658042,0.432250847022638,0.117340873177932,0.251314044274866,0.640564746534124,94,54,40,359,42,2396,2005.48415992315,"Without Controls","Expect In-Party Loss","Bandwidth Sensitivity",NA,NA,"Liberal Democratic Norms Index (0-1 factor score of 7 ANES items; higher = stronger liberal norm support)","No"
0.144383713873888,0.141573913831939,0.307801087169558,0.122671157427632,0.141573913831939,0.386226243891457,0.122671157427632,0.24154810541761,0.611555777361149,96,56,40,359,42,2575,2005.48415992315,"Without Controls","Expect In-Party Loss","Bandwidth Sensitivity",NA,NA,"Liberal Democratic Norms Index (0-1 factor score of 7 ANES items; higher = stronger liberal norm support)","No"
0.137687621303867,0.134205416603296,0.304916648562724,0.126436084662331,0.134205416603296,0.346137013267425,0.126436084662331,0.231262606953683,0.58457054066049,103,62,41,359,42,2755,2005.48415992315,"Without Controls","Expect In-Party Loss","Bandwidth Sensitivity",NA,NA,"Liberal Democratic Norms Index (0-1 factor score of 7 ANES items; higher = stronger liberal norm support)","No"
0.132636261458599,0.12800107553164,0.300103209641312,0.130383051840675,0.12800107553164,0.30838861390874,0.130383051840675,0.221978516581009,0.556956657629963,106,64,42,359,42,2934,2005.48415992315,"Without Controls","Expect In-Party Loss","Bandwidth Sensitivity",NA,NA,"Liberal Democratic Norms Index (0-1 factor score of 7 ANES items; higher = stronger liberal norm support)","No"
0.128373632413773,0.123282228551037,0.297736909428846,0.132031339111522,0.123282228551037,0.284183754980816,0.132031339111522,0.215235457000246,0.539593735463512,111,69,42,359,42,3114,2005.48415992315,"Without Controls","Expect In-Party Loss","Bandwidth Sensitivity",NA,NA,"Liberal Democratic Norms Index (0-1 factor score of 7 ANES items; higher = stronger liberal norm support)","No"
0.118000869581646,0.118337342872517,0.318688474132814,0.133705031230156,0.118337342872517,0.258533792968654,0.133705031230156,0.207658939227045,0.519660767436428,118,76,42,359,42,3293,2005.48415992315,"Without Controls","Expect In-Party Loss","Bandwidth Sensitivity",NA,NA,"Liberal Democratic Norms Index (0-1 factor score of 7 ANES items; higher = stronger liberal norm support)","No"
0.109790171781922,0.114573924746629,0.337937993019158,0.134429734464614,0.114573924746629,0.240675002506184,0.134429734464614,0.202417963064896,0.506613773422665,123,81,42,359,42,3473,2005.48415992315,"Without Controls","Expect In-Party Loss","Bandwidth Sensitivity",NA,NA,"Liberal Democratic Norms Index (0-1 factor score of 7 ANES items; higher = stronger liberal norm support)","No"
0.10269317820435,0.11124774091824,0.355953274624129,0.131366639134698,0.11124774091824,0.23766323048211,0.131366639134698,0.197426683379368,0.505798169907617,125,83,42,359,42,3652,2005.48415992315,"Without Controls","Expect In-Party Loss","Bandwidth Sensitivity",NA,NA,"Liberal Democratic Norms Index (0-1 factor score of 7 ANES items; higher = stronger liberal norm support)","No"
0.0981448306465098,0.108766174802506,0.36687257021844,0.128192625037941,0.108766174802506,0.238554519645788,0.128192625037941,0.193801110785967,0.508314241445658,128,86,42,359,42,3832,2005.48415992315,"Without Controls","Expect In-Party Loss","Bandwidth Sensitivity",NA,NA,"Liberal Democratic Norms Index (0-1 factor score of 7 ANES items; higher = stronger liberal norm support)","No"
0.0946976537197297,0.106611792278414,0.374407654526854,0.122923334904447,0.106611792278414,0.248910621631545,0.122923334904447,0.190264826137852,0.518237635299848,129,87,42,359,42,4011,2005.48415992315,"Without Controls","Expect In-Party Loss","Bandwidth Sensitivity",NA,NA,"Liberal Democratic Norms Index (0-1 factor score of 7 ANES items; higher = stronger liberal norm support)","No"
0.268399976038144,0.184963962909511,0.146753868811743,0.200521863223421,0.184963962909511,0.278314636010633,0.200521863223421,0.303528942183497,0.508846374386442,27,12,15,340,42,602,2005.48415992315,"With Controls","Expect In-Party Loss","Bandwidth Sensitivity",NA,NA,"Liberal Democratic Norms Index (0-1 factor score of 7 ANES items; higher = stronger liberal norm support)","No"
0.313651472998113,0.169275073477665,0.0638952624350484,0.239293107021046,0.169275073477665,0.157469205929509,0.239293107021046,0.268989395583245,0.373680425241121,32,15,17,340,42,781,2005.48415992315,"With Controls","Expect In-Party Loss","Bandwidth Sensitivity",NA,NA,"Liberal Democratic Norms Index (0-1 factor score of 7 ANES items; higher = stronger liberal norm support)","No"
0.301640651954353,0.151140300287988,0.0459594141030633,0.26566706849177,0.151140300287988,0.0787898246040449,0.26566706849177,0.239854345944164,0.268026686674569,42,23,19,340,42,961,2005.48415992315,"With Controls","Expect In-Party Loss","Bandwidth Sensitivity",NA,NA,"Liberal Democratic Norms Index (0-1 factor score of 7 ANES items; higher = stronger liberal norm support)","No"
0.257092940815323,0.139326697422452,0.0650008124119137,0.261676154749566,0.139326697422452,0.0603609247608125,0.261676154749566,0.228186297480121,0.251478585432618,48,27,21,340,42,1140,2005.48415992315,"With Controls","Expect In-Party Loss","Bandwidth Sensitivity",NA,NA,"Liberal Democratic Norms Index (0-1 factor score of 7 ANES items; higher = stronger liberal norm support)","No"
0.217938927696465,0.124926860955059,0.0810663370725317,0.260937036575978,0.124926860955059,0.0367330770546258,0.260937036575978,0.209710831404631,0.213399962098882,56,31,25,340,42,1319,2005.48415992315,"With Controls","Expect In-Party Loss","Bandwidth Sensitivity",NA,NA,"Liberal Democratic Norms Index (0-1 factor score of 7 ANES items; higher = stronger liberal norm support)","No"
0.195426906658916,0.115191249489389,0.0897830962024955,0.242658879144974,0.115191249489389,0.0351545315088748,0.242658879144974,0.201285925004774,0.22799366948907,61,34,27,340,42,1499,2005.48415992315,"With Controls","Expect In-Party Loss","Bandwidth Sensitivity",NA,NA,"Liberal Democratic Norms Index (0-1 factor score of 7 ANES items; higher = stronger liberal norm support)","No"
0.185925429815158,0.108368435182836,0.0862208419886888,0.214057864245002,0.108368435182836,0.0482365264603914,0.214057864245002,0.189742757524635,0.2592575276595,70,39,31,340,42,1678,2005.48415992315,"With Controls","Expect In-Party Loss","Bandwidth Sensitivity",NA,NA,"Liberal Democratic Norms Index (0-1 factor score of 7 ANES items; higher = stronger liberal norm support)","No"
0.169364611369625,0.1042563375758,0.104268749754793,0.212291715425836,0.1042563375758,0.0417255003571809,0.212291715425836,0.182571326153067,0.244915597673687,73,41,32,340,42,1858,2005.48415992315,"With Controls","Expect In-Party Loss","Bandwidth Sensitivity",NA,NA,"Liberal Democratic Norms Index (0-1 factor score of 7 ANES items; higher = stronger liberal norm support)","No"
0.159680403276154,0.100259902413556,0.11123543981491,0.211999705450613,0.100259902413556,0.034472464098462,0.211999705450613,0.168378114348593,0.20800532157104,78,42,36,340,42,2037,2005.48415992315,"With Controls","Expect In-Party Loss","Bandwidth Sensitivity",NA,NA,"Liberal Democratic Norms Index (0-1 factor score of 7 ANES items; higher = stronger liberal norm support)","No"
0.143979391197607,0.0965539201803699,0.135913926400737,0.212301480537174,0.0965539201803699,0.0278930889510895,0.212301480537174,0.158258800071209,0.179763704739264,84,46,38,340,42,2217,2005.48415992315,"With Controls","Expect In-Party Loss","Bandwidth Sensitivity",NA,NA,"Liberal Democratic Norms Index (0-1 factor score of 7 ANES items; higher = stronger liberal norm support)","No"
0.131929087430372,0.0935798625580822,0.15859812423914,0.194671640722274,0.0935798625580822,0.037500520109148,0.194671640722274,0.152645924015325,0.202197761013341,92,52,40,340,42,2396,2005.48415992315,"With Controls","Expect In-Party Loss","Bandwidth Sensitivity",NA,NA,"Liberal Democratic Norms Index (0-1 factor score of 7 ANES items; higher = stronger liberal norm support)","No"
0.120045526388684,0.091422534597276,0.189154427338173,0.185046752475515,0.091422534597276,0.0429616637961976,0.185046752475515,0.149611585748134,0.216143612788187,94,54,40,340,42,2575,2005.48415992315,"With Controls","Expect In-Party Loss","Bandwidth Sensitivity",NA,NA,"Liberal Democratic Norms Index (0-1 factor score of 7 ANES items; higher = stronger liberal norm support)","No"
0.107234757877288,0.0892383549596771,0.229492694953843,0.172332771171146,0.0892383549596771,0.0534643362160574,0.172332771171146,0.145866070540261,0.237425904750601,101,60,41,340,42,2755,2005.48415992315,"With Controls","Expect In-Party Loss","Bandwidth Sensitivity",NA,NA,"Liberal Democratic Norms Index (0-1 factor score of 7 ANES items; higher = stronger liberal norm support)","No"
0.0986170225818402,0.0870266532872827,0.257137901216684,0.163684098174483,0.0870266532872827,0.0599922992737525,0.163684098174483,0.141568589595109,0.247592153124952,104,62,42,340,42,2934,2005.48415992315,"With Controls","Expect In-Party Loss","Bandwidth Sensitivity",NA,NA,"Liberal Democratic Norms Index (0-1 factor score of 7 ANES items; higher = stronger liberal norm support)","No"
0.0929560705328044,0.0852964163892543,0.275801068265286,0.156448005388774,0.0852964163892543,0.0666289765537752,0.156448005388774,0.138952283729503,0.260202886162632,109,67,42,340,42,3114,2005.48415992315,"With Controls","Expect In-Party Loss","Bandwidth Sensitivity",NA,NA,"Liberal Democratic Norms Index (0-1 factor score of 7 ANES items; higher = stronger liberal norm support)","No"
0.086252302995555,0.0832884071236879,0.300395356291239,0.145106591550436,0.0832884071236879,0.081470243586136,0.145106591550436,0.136374195978375,0.287313927560449,116,74,42,340,42,3293,2005.48415992315,"With Controls","Expect In-Party Loss","Bandwidth Sensitivity",NA,NA,"Liberal Democratic Norms Index (0-1 factor score of 7 ANES items; higher = stronger liberal norm support)","No"
0.0825829966686148,0.0818059813398672,0.312735730715246,0.136115973230483,0.0818059813398672,0.0961348561661383,0.136115973230483,0.134743625216881,0.312406720618681,120,78,42,340,42,3473,2005.48415992315,"With Controls","Expect In-Party Loss","Bandwidth Sensitivity",NA,NA,"Liberal Democratic Norms Index (0-1 factor score of 7 ANES items; higher = stronger liberal norm support)","No"
0.0798343403711887,0.0805334827957053,0.321530027688938,0.12674195357273,0.0805334827957053,0.115538408304536,0.12674195357273,0.133361634130314,0.341927872297751,122,80,42,340,42,3652,2005.48415992315,"With Controls","Expect In-Party Loss","Bandwidth Sensitivity",NA,NA,"Liberal Democratic Norms Index (0-1 factor score of 7 ANES items; higher = stronger liberal norm support)","No"
0.0787387019117325,0.0795865762077687,0.322493632586293,0.118642659079417,0.0795865762077687,0.136030540609377,0.118642659079417,0.132390251804711,0.370168077938168,125,83,42,340,42,3832,2005.48415992315,"With Controls","Expect In-Party Loss","Bandwidth Sensitivity",NA,NA,"Liberal Democratic Norms Index (0-1 factor score of 7 ANES items; higher = stronger liberal norm support)","No"
0.0789494559608447,0.0787634748771813,0.31616914514412,0.108822070221241,0.0787634748771813,0.16708498497428,0.108822070221241,0.131481672444358,0.407863297075737,126,84,42,340,42,4011,2005.48415992315,"With Controls","Expect In-Party Loss","Bandwidth Sensitivity",NA,NA,"Liberal Democratic Norms Index (0-1 factor score of 7 ANES items; higher = stronger liberal norm support)","No"
-0.0703085185137766,0.121426745422847,0.562575653903394,-0.023005186781035,0.121426745422847,0.849734396399681,-0.023005186781035,0.151598936619916,0.879383868990958,74,39,35,344,57,NA,NA,"Without Controls","Expect In-Party Loss","Placebo Cutoff Test",-730,NA,"Liberal Democratic Norms Index (0-1 factor score of 7 ANES items; higher = stronger liberal norm support)","No"
0.00693135205590178,0.158351665930583,0.965086232351631,0.0372429864159796,0.158351665930583,0.814060002145833,0.0372429864159796,0.200289154558275,0.852487032920587,66,37,29,352,49,NA,NA,"Without Controls","Expect In-Party Loss","Placebo Cutoff Test",-365,NA,"Liberal Democratic Norms Index (0-1 factor score of 7 ANES items; higher = stronger liberal norm support)","No"
0.152208426053514,0.171768266025783,0.375549321667322,0.133450095437575,0.171768266025783,0.437206334140076,0.133450095437575,0.225846686234361,0.554595470721845,80,44,36,359,42,NA,NA,"Without Controls","Expect In-Party Loss","Placebo Cutoff Test",0,NA,"Liberal Democratic Norms Index (0-1 factor score of 7 ANES items; higher = stronger liberal norm support)","No"
0.11904931756941,0.0929857739658533,0.200441042214474,0.0787625894800079,0.0929857739658533,0.396973308881522,0.0787625894800079,0.104735618746925,0.452042996295265,75,44,31,367,34,NA,NA,"Without Controls","Expect In-Party Loss","Placebo Cutoff Test",365,NA,"Liberal Democratic Norms Index (0-1 factor score of 7 ANES items; higher = stronger liberal norm support)","No"
-0.0415117865617893,0.0976921323298732,0.670891668542936,-0.102187486063372,0.0976921323298732,0.295553869462736,-0.102187486063372,0.125852822629464,0.416814455536075,51,28,23,374,27,NA,NA,"Without Controls","Expect In-Party Loss","Placebo Cutoff Test",730,NA,"Liberal Democratic Norms Index (0-1 factor score of 7 ANES items; higher = stronger liberal norm support)","No"
-0.106775183323333,0.081273587196046,0.18892203119606,-0.0977288951686041,0.081273587196046,0.229182222120717,-0.0977288951686041,0.104657731635566,0.350409507919079,89,47,42,325,57,NA,NA,"With Controls","Expect In-Party Loss","Placebo Cutoff Test",-730,NA,"Liberal Democratic Norms Index (0-1 factor score of 7 ANES items; higher = stronger liberal norm support)","No"
0.0269764160630937,0.112561904025895,0.810595016573385,0.0675392801510551,0.112561904025895,0.54849357860674,0.0675392801510551,0.141155833678706,0.632313461229635,64,35,29,333,49,NA,NA,"With Controls","Expect In-Party Loss","Placebo Cutoff Test",-365,NA,"Liberal Democratic Norms Index (0-1 factor score of 7 ANES items; higher = stronger liberal norm support)","No"
0.161909798397198,0.100951097788406,0.108748473910305,0.191182280997527,0.100951097788406,0.0582501253316681,0.191182280997527,0.134539769532841,0.155314018493101,78,42,36,340,42,NA,NA,"With Controls","Expect In-Party Loss","Placebo Cutoff Test",0,NA,"Liberal Democratic Norms Index (0-1 factor score of 7 ANES items; higher = stronger liberal norm support)","No"
0.0879874861204013,0.0676547039083612,0.19341677869569,0.0650208195818839,0.0676547039083612,0.336517616965737,0.0650208195818839,0.0800372150322569,0.416572279688001,83,50,33,348,34,NA,NA,"With Controls","Expect In-Party Loss","Placebo Cutoff Test",365,NA,"Liberal Democratic Norms Index (0-1 factor score of 7 ANES items; higher = stronger liberal norm support)","No"
0.0149727231466697,0.07721072431085,0.846238325579796,-0.0518548040299515,0.07721072431085,0.501837705436469,-0.0518548040299515,0.105763882593048,0.623929839261103,66,41,25,355,27,NA,NA,"With Controls","Expect In-Party Loss","Placebo Cutoff Test",730,NA,"Liberal Democratic Norms Index (0-1 factor score of 7 ANES items; higher = stronger liberal norm support)","No"
0.152208426053514,0.171768266025783,0.375549321667322,0.133450095437575,0.171768266025783,0.437206334140076,0.133450095437575,0.225846686234361,0.554595470721845,80,44,36,359,42,NA,NA,"Without Controls","Expect In-Party Loss","Polynomial Degree Sensitivity",NA,1,"Liberal Democratic Norms Index (0-1 factor score of 7 ANES items; higher = stronger liberal norm support)","No"
0.124788314854624,0.235860361900793,0.596751970689145,0.0770868597379299,0.235860361900793,0.743794486882228,0.0770868597379299,0.305372613025323,0.800704535552324,101,60,41,359,42,NA,NA,"Without Controls","Expect In-Party Loss","Polynomial Degree Sensitivity",NA,2,"Liberal Democratic Norms Index (0-1 factor score of 7 ANES items; higher = stronger liberal norm support)","No"
0.0652113799112044,0.304623737113955,0.830490994227542,0.00161887837025532,0.304623737113955,0.995759778966334,0.00161887837025532,0.405953092647472,0.996818167770433,118,76,42,359,42,NA,NA,"Without Controls","Expect In-Party Loss","Polynomial Degree Sensitivity",NA,3,"Liberal Democratic Norms Index (0-1 factor score of 7 ANES items; higher = stronger liberal norm support)","No"
0.161909798397198,0.100951097788406,0.108748473910305,0.191182280997527,0.100951097788406,0.0582501253316681,0.191182280997527,0.134539769532841,0.155314018493101,78,42,36,340,42,NA,NA,"With Controls","Expect In-Party Loss","Polynomial Degree Sensitivity",NA,1,"Liberal Democratic Norms Index (0-1 factor score of 7 ANES items; higher = stronger liberal norm support)","No"
0.17952331070113,0.145926571976305,0.218610824403144,0.209393147260881,0.145926571976305,0.151309523524534,0.209393147260881,0.196422102150506,0.286407103481455,102,61,41,340,42,NA,NA,"With Controls","Expect In-Party Loss","Polynomial Degree Sensitivity",NA,2,"Liberal Democratic Norms Index (0-1 factor score of 7 ANES items; higher = stronger liberal norm support)","No"
0.198570324559397,0.202991642083926,0.327965915456558,0.138005579865877,0.202991642083926,0.496594102918123,0.138005579865877,0.275761171913668,0.616755953237659,116,74,42,340,42,NA,NA,"With Controls","Expect In-Party Loss","Polynomial Degree Sensitivity",NA,3,"Liberal Democratic Norms Index (0-1 factor score of 7 ANES items; higher = stronger liberal norm support)","No"
